type,bom_ref,license-id,group,author,name,version,purl,path,description,vcs-url,vcs-comment,website-url,website-comment,issue-tracker-url,issue-tracker-comment,distribution-url,distribution-comment,hash-alg,hash-value,author-email,deprecated-status,deprecation-reason,timestamp
application,,,,,npm,10.9.0,,,,,,,,,,,,,,,,,
application,,Apache-2.0,@cyclonedx,Jan Kowalleck,cyclonedx-npm,3.0.0,,,Create CycloneDX Software Bill of Materials (SBOM) from NPM projects.,git+https://github.com/CycloneDX/cyclonedx-node-npm.git,"as detected from PackageJson property ""repository.url""",https://github.com/CycloneDX/cyclonedx-node-npm#readme,"as detected from PackageJson property ""homepage""",https://github.com/CycloneDX/cyclonedx-node-npm/issues,"as detected from PackageJson property ""bugs.url""",,,,,,,,
library,,Apache-2.0,@cyclonedx,Jan Kowalleck,cyclonedx-library,8.6.0,,,Core functionality of CycloneDX for JavaScript (Node.js or WebBrowser).,git+https://github.com/CycloneDX/cyclonedx-javascript-library.git,"as detected from PackageJson property ""repository.url""",https://github.com/CycloneDX/cyclonedx-javascript-library#readme,"as detected from PackageJson property ""homepage""",https://github.com/CycloneDX/cyclonedx-javascript-library/issues,"as detected from PackageJson property ""bugs.url""",,,,,,,,
application,@mojaloop/central-ledger@20.1.0,Apache-2.0,@mojaloop,ModusBox,central-ledger,20.1.0,pkg:npm/%40mojaloop/central-ledger@20.1.0?vcs_url=git%2Bssh%3A%2F%2Fgit%40github.com%2Fmojaloop%2Fcentral-ledger.git,,Central ledger hosted by a scheme to record and settle transfers,git+ssh://git@github.com/mojaloop/central-ledger.git,"as detected from PackageJson property ""repository.url""",https://github.com/mojaloop/central-ledger#readme,"as detected from PackageJson property ""homepage""",https://github.com/mojaloop/central-ledger/issues,"as detected from PackageJson property ""bugs.url""",,,,,,active,Active in npm registry,2026-04-21T10:44:13.231Z
library,@hapi/basic@7.0.2,BSD-3-Clause,@hapi,,basic,7.0.2,pkg:npm/%40hapi/basic@7.0.2,node_modules/@hapi/basic,Basic authentication plugin,git://github.com/hapijs/basic.git,"as detected from PackageJson property ""repository.url""",https://github.com/hapijs/basic#readme,"as detected from PackageJson property ""homepage""",https://github.com/hapijs/basic/issues,"as detected from PackageJson property ""bugs.url""",https://registry.npmjs.org/@hapi/basic/-/basic-7.0.2.tgz,"as detected from npm-ls property ""resolved""",,,,active,Active in npm registry,2026-04-07T19:44:26.050Z
library,@hapi/boom@10.0.1,BSD-3-Clause,@hapi,,boom,10.0.1,pkg:npm/%40hapi/boom@10.0.1,node_modules/@hapi/boom,HTTP-friendly error objects,git://github.com/hapijs/boom.git,"as detected from PackageJson property ""repository.url""",https://github.com/hapijs/boom#readme,"as detected from PackageJson property ""homepage""",https://github.com/hapijs/boom/issues,"as detected from PackageJson property ""bugs.url""",https://registry.npmjs.org/@hapi/boom/-/boom-10.0.1.tgz,"as detected from npm-ls property ""resolved""",,,,active,Active in npm registry,2026-08-02T12:02:11.001Z
library,@hapi/hoek@11.0.7,BSD-3-Clause,@hapi,,hoek,11.0.7,pkg:npm/%40hapi/hoek@11.0.7?vcs_url=git%3A%2F%2Fgithub.com%2Fhapijs%2Fhoek.git,node_modules/@hapi/hoek,General purpose node utilities,git://github.com/hapijs/hoek.git,"as detected from PackageJson property ""repository.url""",https://github.com/hapijs/hoek#readme,"as detected from PackageJson property ""homepage""",https://github.com/hapijs/hoek/issues,"as detected from PackageJson property ""bugs.url""",,,,,,active,Active in npm registry,2026-07-31T15:25:44.042Z
library,@hapi/catbox-memory@6.0.2,BSD-3-Clause,@hapi,,catbox-memory,6.0.2,pkg:npm/%40hapi/catbox-memory@6.0.2,node_modules/@hapi/catbox-memory,Memory adapter for catbox,git://github.com/hapijs/catbox-memory.git,"as detected from PackageJson property ""repository.url""",https://github.com/hapijs/catbox-memory#readme,"as detected from PackageJson property ""homepage""",https://github.com/hapijs/catbox-memory/issues,"as detected from PackageJson property ""bugs.url""",https://registry.npmjs.org/@hapi/catbox-memory/-/catbox-memory-6.0.2.tgz,"as detected from npm-ls property ""resolved""",,,,active,Active in npm registry,2026-04-07T19:44:31.031Z
library,@hapi/catbox@12.1.1,BSD-3-Clause,@hapi,,catbox,12.1.1,pkg:npm/%40hapi/catbox@12.1.1,node_modules/@hapi/catbox,Multi-strategy object caching service,git://github.com/hapijs/catbox.git,"as detected from PackageJson property ""repository.url""",https://github.com/hapijs/catbox#readme,"as detected from PackageJson property ""homepage""",https://github.com/hapijs/catbox/issues,"as detected from PackageJson property ""bugs.url""",https://registry.npmjs.org/@hapi/catbox/-/catbox-12.1.1.tgz,"as detected from npm-ls property ""resolved""",,,,active,Active in npm registry,2026-04-07T19:44:29.468Z
library,@hapi/podium@5.0.2,BSD-3-Clause,@hapi,,podium,5.0.2,pkg:npm/%40hapi/podium@5.0.2,node_modules/@hapi/podium,Node compatible event emitter with extra features,git://github.com/hapijs/podium.git,"as detected from PackageJson property ""repository.url""",https://github.com/hapijs/podium#readme,"as detected from PackageJson property ""homepage""",https://github.com/hapijs/podium/issues,"as detected from PackageJson property ""bugs.url""",https://registry.npmjs.org/@hapi/podium/-/podium-5.0.2.tgz,"as detected from npm-ls property ""resolved""",,,,active,Active in npm registry,2026-04-07T19:41:08.968Z
library,@hapi/teamwork@6.0.1,BSD-3-Clause,@hapi,,teamwork,6.0.1,pkg:npm/%40hapi/teamwork@6.0.1?vcs_url=git%3A%2F%2Fgithub.com%2Fhapijs%2Fteamwork.git,node_modules/@hapi/teamwork,Wait for multiple callback,git://github.com/hapijs/teamwork.git,"as detected from PackageJson property ""repository.url""",https://github.com/hapijs/teamwork#readme,"as detected from PackageJson property ""homepage""",https://github.com/hapijs/teamwork/issues,"as detected from PackageJson property ""bugs.url""",,,,,,active,Active in npm registry,2026-08-02T10:53:50.201Z
library,@hapi/validate@2.0.1,BSD-3-Clause,@hapi,,validate,2.0.1,pkg:npm/%40hapi/validate@2.0.1?vcs_url=git%3A%2F%2Fgithub.com%2Fhapijs%2Fvalidate.git,node_modules/@hapi/validate,Object schema validation,git://github.com/hapijs/validate.git,"as detected from PackageJson property ""repository.url""",https://github.com/hapijs/validate#readme,"as detected from PackageJson property ""homepage""",https://github.com/hapijs/validate/issues,"as detected from PackageJson property ""bugs.url""",,,,,,active,Active in npm registry,2026-04-07T19:41:13.409Z
library,@hapi/topo@6.0.2,BSD-3-Clause,@hapi,,topo,6.0.2,pkg:npm/%40hapi/topo@6.0.2?vcs_url=git%3A%2F%2Fgithub.com%2Fhapijs%2Ftopo.git,node_modules/@hapi/topo,Topological sorting with grouping support,git://github.com/hapijs/topo.git,"as detected from PackageJson property ""repository.url""",https://github.com/hapijs/topo#readme,"as detected from PackageJson property ""homepage""",https://github.com/hapijs/topo/issues,"as detected from PackageJson property ""bugs.url""",,,,,,active,Active in npm registry,2026-08-02T11:03:07.451Z
library,@hapi/good@9.0.1,BSD-3-Clause,@hapi,,good,9.0.1,pkg:npm/%40hapi/good@9.0.1,node_modules/@hapi/good,Server and process monitoring plugin,git://github.com/hapijs/good.git,"as detected from PackageJson property ""repository.url""",https://github.com/hapijs/good#readme,"as detected from PackageJson property ""homepage""",https://github.com/hapijs/good/issues,"as detected from PackageJson property ""bugs.url""",https://registry.npmjs.org/@hapi/good/-/good-9.0.1.tgz,"as detected from npm-ls property ""resolved""",,,,active,Active in npm registry,2026-04-07T19:44:37.288Z
library,@hapi/good@9.0.1|@hapi/hoek@9.3.0,BSD-3-Clause,@hapi,,hoek,9.3.0,pkg:npm/%40hapi/hoek@9.3.0,node_modules/@hapi/good/node_modules/@hapi/hoek,General purpose node utilities,git://github.com/hapijs/hoek.git,"as detected from PackageJson property ""repository.url""",https://github.com/hapijs/hoek#readme,"as detected from PackageJson property ""homepage""",https://github.com/hapijs/hoek/issues,"as detected from PackageJson property ""bugs.url""",https://registry.npmjs.org/@hapi/hoek/-/hoek-9.3.0.tgz,"as detected from npm-ls property ""resolved""",,,,active,Active in npm registry,2026-07-31T15:25:44.042Z
library,@hapi/good@9.0.1|@hapi/validate@1.1.3,BSD-3-Clause,@hapi,,validate,1.1.3,pkg:npm/%40hapi/validate@1.1.3,node_modules/@hapi/good/node_modules/@hapi/validate,Object schema validation,git://github.com/hapijs/validate.git,"as detected from PackageJson property ""repository.url""",https://github.com/hapijs/validate#readme,"as detected from PackageJson property ""homepage""",https://github.com/hapijs/validate/issues,"as detected from PackageJson property ""bugs.url""",https://registry.npmjs.org/@hapi/validate/-/validate-1.1.3.tgz,"as detected from npm-ls property ""resolved""",,,,active,Active in npm registry,2026-04-07T19:41:13.409Z
library,@hapi/good@9.0.1|@hapi/topo@5.1.0,BSD-3-Clause,@hapi,,topo,5.1.0,pkg:npm/%40hapi/topo@5.1.0,node_modules/@hapi/good/node_modules/@hapi/topo,Topological sorting with grouping support,git://github.com/hapijs/topo.git,"as detected from PackageJson property ""repository.url""",https://github.com/hapijs/topo#readme,"as detected from PackageJson property ""homepage""",https://github.com/hapijs/topo/issues,"as detected from PackageJson property ""bugs.url""",https://registry.npmjs.org/@hapi/topo/-/topo-5.1.0.tgz,"as detected from npm-ls property ""resolved""",,,,active,Active in npm registry,2026-08-02T11:03:07.451Z
library,@hapi/oppsy@3.0.0,BSD-3-Clause,@hapi,,oppsy,3.0.0,pkg:npm/%40hapi/oppsy@3.0.0,node_modules/@hapi/oppsy,An EventEmitter useful for collecting hapi server ops information,git://github.com/hapijs/oppsy.git,"as detected from PackageJson property ""repository.url""",https://github.com/hapijs/oppsy#readme,"as detected from PackageJson property ""homepage""",https://github.com/hapijs/oppsy/issues,"as detected from PackageJson property ""bugs.url""",https://registry.npmjs.org/@hapi/oppsy/-/oppsy-3.0.0.tgz,"as detected from npm-ls property ""resolved""",,,,active,Active in npm registry,2026-04-07T19:41:06.003Z
library,@hapi/oppsy@3.0.0|@hapi/hoek@9.3.0,BSD-3-Clause,@hapi,,hoek,9.3.0,pkg:npm/%40hapi/hoek@9.3.0,node_modules/@hapi/oppsy/node_modules/@hapi/hoek,General purpose node utilities,git://github.com/hapijs/hoek.git,"as detected from PackageJson property ""repository.url""",https://github.com/hapijs/hoek#readme,"as detected from PackageJson property ""homepage""",https://github.com/hapijs/hoek/issues,"as detected from PackageJson property ""bugs.url""",https://registry.npmjs.org/@hapi/hoek/-/hoek-9.3.0.tgz,"as detected from npm-ls property ""resolved""",,,,active,Active in npm registry,2026-07-31T15:25:44.042Z
library,pumpify@2.0.1,MIT,,Mathias Buus,pumpify,2.0.1,pkg:npm/pumpify@2.0.1,node_modules/pumpify,Combine an array of streams into a single duplex stream using pump and duplexify,git://github.com/mafintosh/pumpify.git,"as detected from PackageJson property ""repository.url""",https://github.com/mafintosh/pumpify,"as detected from PackageJson property ""homepage""",https://github.com/mafintosh/pumpify/issues,"as detected from PackageJson property ""bugs.url""",https://registry.npmjs.org/pumpify/-/pumpify-2.0.1.tgz,"as detected from npm-ls property ""resolved""",,,,active,Active in npm registry,2022-06-25T01:02:30.747Z
library,duplexify@4.1.3,MIT,,Mathias Buus,duplexify,4.1.3,pkg:npm/duplexify@4.1.3,node_modules/duplexify,Turn a writable and readable stream into a streams2 duplex stream with support for async initialization and streams1/streams2 input,git://github.com/mafintosh/duplexify.git,"as detected from PackageJson property ""repository.url""",https://github.com/mafintosh/duplexify,"as detected from PackageJson property ""homepage""",https://github.com/mafintosh/duplexify/issues,"as detected from PackageJson property ""bugs.url""",https://registry.npmjs.org/duplexify/-/duplexify-4.1.3.tgz,"as detected from npm-ls property ""resolved""",,,,active,Active in npm registry,2024-03-06T21:28:59.678Z
library,duplexify@4.1.3|readable-stream@3.6.2,MIT,,,readable-stream,3.6.2,pkg:npm/readable-stream@3.6.2,node_modules/duplexify/node_modules/readable-stream,Streams3~ a user-land copy of the stream library from Node.js,git://github.com/nodejs/readable-stream.git,"as detected from PackageJson property ""repository.url""",https://github.com/nodejs/readable-stream#readme,"as detected from PackageJson property ""homepage""",https://github.com/nodejs/readable-stream/issues,"as detected from PackageJson property ""bugs.url""",https://registry.npmjs.org/readable-stream/-/readable-stream-3.6.2.tgz,"as detected from npm-ls property ""resolved""",,,,active,Active in npm registry,2025-01-07T09:15:39.036Z
library,end-of-stream@1.4.5,MIT,,Mathias Buus,end-of-stream,1.4.5,pkg:npm/end-of-stream@1.4.5,node_modules/end-of-stream,Call a callback when a readable/writable/duplex stream has completed or failed.,git://github.com/mafintosh/end-of-stream.git,"as detected from PackageJson property ""repository.url""",https://github.com/mafintosh/end-of-stream,"as detected from PackageJson property ""homepage""",https://github.com/mafintosh/end-of-stream/issues,"as detected from PackageJson property ""bugs.url""",https://registry.npmjs.org/end-of-stream/-/end-of-stream-1.4.5.tgz,"as detected from npm-ls property ""resolved""",,,mathiasbuus@gmail.com,active,Active in npm registry,2025-06-16T13:29:00.747Z
library,once@1.4.0,ISC,,Isaac Z. Schlueter,once,1.4.0,pkg:npm/once@1.4.0?vcs_url=git%3A%2F%2Fgithub.com%2Fisaacs%2Fonce.git,node_modules/once,Run a function exactly one time,git://github.com/isaacs/once.git,"as detected from PackageJson property ""repository.url""",https://github.com/isaacs/once#readme,"as detected from PackageJson property ""homepage""",https://github.com/isaacs/once/issues,"as detected from PackageJson property ""bugs.url""",,,,,i@izs.me,active,Active in npm registry,2026-03-01T13:17:51.972Z
library,inherits@2.0.4,ISC,,,inherits,2.0.4,pkg:npm/inherits@2.0.4?vcs_url=git%3A%2F%2Fgithub.com%2Fisaacs%2Finherits.git,node_modules/inherits,Browser-friendly inheritance fully compatible with standard node.js inherits(),git://github.com/isaacs/inherits.git,"as detected from PackageJson property ""repository.url""",https://github.com/isaacs/inherits#readme,"as detected from PackageJson property ""homepage""",https://github.com/isaacs/inherits/issues,"as detected from PackageJson property ""bugs.url""",,,,,,active,Active in npm registry,2023-06-09T21:33:12.982Z
library,string_decoder@1.1.1,MIT,,,string_decoder,1.1.1,pkg:npm/string_decoder@1.1.1?vcs_url=git%3A%2F%2Fgithub.com%2Fnodejs%2Fstring_decoder.git,node_modules/string_decoder,The string_decoder module from Node core,git://github.com/nodejs/string_decoder.git,"as detected from PackageJson property ""repository.url""",https://github.com/nodejs/string_decoder,"as detected from PackageJson property ""homepage""",https://github.com/nodejs/string_decoder/issues,"as detected from PackageJson property ""bugs.url""",,,,,,active,Active in npm registry,2023-07-12T19:05:48.571Z
library,string_decoder@1.1.1|safe-buffer@5.1.2,MIT,,Feross Aboukhadijeh,safe-buffer,5.1.2,pkg:npm/safe-buffer@5.1.2,node_modules/string_decoder/node_modules/safe-buffer,Safer Node.js Buffer API,git://github.com/feross/safe-buffer.git,"as detected from PackageJson property ""repository.url""",https://github.com/feross/safe-buffer,"as detected from PackageJson property ""homepage""",https://github.com/feross/safe-buffer/issues,"as detected from PackageJson property ""bugs.url""",https://registry.npmjs.org/safe-buffer/-/safe-buffer-5.1.2.tgz,"as detected from npm-ls property ""resolved""",,,feross@feross.org,active,Active in npm registry,2023-07-10T23:16:22.564Z
library,util-deprecate@1.0.2,MIT,,Nathan Rajlich,util-deprecate,1.0.2,pkg:npm/util-deprecate@1.0.2?vcs_url=git%3A%2F%2Fgithub.com%2FTooTallNate%2Futil-deprecate.git,node_modules/util-deprecate,The Node.js `util.deprecate()` function with browser support,git://github.com/TooTallNate/util-deprecate.git,"as detected from PackageJson property ""repository.url""",https://github.com/TooTallNate/util-deprecate,"as detected from PackageJson property ""homepage""",https://github.com/TooTallNate/util-deprecate/issues,"as detected from PackageJson property ""bugs.url""",,,,,nathan@tootallnate.net,active,Active in npm registry,2022-06-28T07:10:45.145Z
library,stream-shift@1.0.3,MIT,,Mathias Buus,stream-shift,1.0.3,pkg:npm/stream-shift@1.0.3,node_modules/stream-shift,Returns the next buffer/object in a stream's readable queue,git+https://github.com/mafintosh/stream-shift.git,"as detected from PackageJson property ""repository.url""",https://github.com/mafintosh/stream-shift,"as detected from PackageJson property ""homepage""",https://github.com/mafintosh/stream-shift/issues,"as detected from PackageJson property ""bugs.url""",https://registry.npmjs.org/stream-shift/-/stream-shift-1.0.3.tgz,"as detected from npm-ls property ""resolved""",,,,active,Active in npm registry,2024-01-17T19:15:13.558Z
library,pump@3.0.4,MIT,,Mathias Buus Madsen,pump,3.0.4,pkg:npm/pump@3.0.4,node_modules/pump,pipe streams together and close all of them if one of them closes,git://github.com/mafintosh/pump.git,"as detected from PackageJson property ""repository.url""",https://github.com/mafintosh/pump#readme,"as detected from PackageJson property ""homepage""",https://github.com/mafintosh/pump/issues,"as detected from PackageJson property ""bugs.url""",https://registry.npmjs.org/pump/-/pump-3.0.4.tgz,"as detected from npm-ls property ""resolved""",,,mathiasbuus@gmail.com,active,Active in npm registry,2026-02-28T13:31:05.995Z
library,@hapi/hapi@21.4.10,BSD-3-Clause,@hapi,,hapi,21.4.10,pkg:npm/%40hapi/hapi@21.4.10,node_modules/@hapi/hapi,HTTP Server framework,git://github.com/hapijs/hapi.git,"as detected from PackageJson property ""repository.url""",https://hapi.dev,"as detected from PackageJson property ""homepage""",https://github.com/hapijs/hapi/issues,"as detected from PackageJson property ""bugs.url""",https://registry.npmjs.org/@hapi/hapi/-/hapi-21.4.10.tgz,"as detected from npm-ls property ""resolved""",,,,active,Active in npm registry,2026-07-22T09:05:38.416Z
library,@hapi/accept@6.0.3,BSD-3-Clause,@hapi,,accept,6.0.3,pkg:npm/%40hapi/accept@6.0.3,node_modules/@hapi/accept,HTTP Accept-* headers parsing,git://github.com/hapijs/accept.git,"as detected from PackageJson property ""repository.url""",https://github.com/hapijs/accept#readme,"as detected from PackageJson property ""homepage""",https://github.com/hapijs/accept/issues,"as detected from PackageJson property ""bugs.url""",https://registry.npmjs.org/@hapi/accept/-/accept-6.0.3.tgz,"as detected from npm-ls property ""resolved""",,,,active,Active in npm registry,2026-04-07T19:44:23.218Z
library,@hapi/ammo@6.0.1,BSD-3-Clause,@hapi,,ammo,6.0.1,pkg:npm/%40hapi/ammo@6.0.1,node_modules/@hapi/ammo,HTTP Range processing utilities,git://github.com/hapijs/ammo.git,"as detected from PackageJson property ""repository.url""",https://github.com/hapijs/ammo#readme,"as detected from PackageJson property ""homepage""",https://github.com/hapijs/ammo/issues,"as detected from PackageJson property ""bugs.url""",https://registry.npmjs.org/@hapi/ammo/-/ammo-6.0.1.tgz,"as detected from npm-ls property ""resolved""",,,,active,Active in npm registry,2026-04-07T19:44:24.118Z
library,@hapi/bounce@3.0.2,BSD-3-Clause,@hapi,,bounce,3.0.2,pkg:npm/%40hapi/bounce@3.0.2,node_modules/@hapi/bounce,Selective error catching and rewrite rules,git://github.com/hapijs/bounce.git,"as detected from PackageJson property ""repository.url""",https://github.com/hapijs/bounce#readme,"as detected from PackageJson property ""homepage""",https://github.com/hapijs/bounce/issues,"as detected from PackageJson property ""bugs.url""",https://registry.npmjs.org/@hapi/bounce/-/bounce-3.0.2.tgz,"as detected from npm-ls property ""resolved""",,,,active,Active in npm registry,2026-04-07T19:44:27.900Z
library,@hapi/call@9.0.1,BSD-3-Clause,@hapi,,call,9.0.1,pkg:npm/%40hapi/call@9.0.1,node_modules/@hapi/call,HTTP Router,git://github.com/hapijs/call.git,"as detected from PackageJson property ""repository.url""",https://github.com/hapijs/call#readme,"as detected from PackageJson property ""homepage""",https://github.com/hapijs/call/issues,"as detected from PackageJson property ""bugs.url""",https://registry.npmjs.org/@hapi/call/-/call-9.0.1.tgz,"as detected from npm-ls property ""resolved""",,,,active,Active in npm registry,2026-04-07T19:44:28.847Z
library,@hapi/heavy@8.0.1,BSD-3-Clause,@hapi,,heavy,8.0.1,pkg:npm/%40hapi/heavy@8.0.1,node_modules/@hapi/heavy,Measure process load,git://github.com/hapijs/heavy.git,"as detected from PackageJson property ""repository.url""",https://github.com/hapijs/heavy#readme,"as detected from PackageJson property ""homepage""",https://github.com/hapijs/heavy/issues,"as detected from PackageJson property ""bugs.url""",https://registry.npmjs.org/@hapi/heavy/-/heavy-8.0.1.tgz,"as detected from npm-ls property ""resolved""",,,,active,Active in npm registry,2026-04-07T19:40:58.912Z
library,@hapi/mimos@7.0.1,BSD-3-Clause,@hapi,,mimos,7.0.1,pkg:npm/%40hapi/mimos@7.0.1,node_modules/@hapi/mimos,Mime database interface,git://github.com/hapijs/mimos.git,"as detected from PackageJson property ""repository.url""",https://github.com/hapijs/mimos#readme,"as detected from PackageJson property ""homepage""",https://github.com/hapijs/mimos/issues,"as detected from PackageJson property ""bugs.url""",https://registry.npmjs.org/@hapi/mimos/-/mimos-7.0.1.tgz,"as detected from npm-ls property ""resolved""",,,,active,Active in npm registry,2026-04-07T19:41:04.578Z
library,mime-db@1.54.0,MIT,,,mime-db,1.54.0,pkg:npm/mime-db@1.54.0,node_modules/mime-db,Media Type Database,git+https://github.com/jshttp/mime-db.git,"as detected from PackageJson property ""repository.url""",https://github.com/jshttp/mime-db#readme,"as detected from PackageJson property ""homepage""",https://github.com/jshttp/mime-db/issues,"as detected from PackageJson property ""bugs.url""",https://registry.npmjs.org/mime-db/-/mime-db-1.54.0.tgz,"as detected from npm-ls property ""resolved""",,,,active,Active in npm registry,2025-05-14T14:56:01.096Z
library,@hapi/shot@6.0.3,BSD-3-Clause,@hapi,,shot,6.0.3,pkg:npm/%40hapi/shot@6.0.3,node_modules/@hapi/shot,Injects a fake HTTP request/response into a node HTTP server,git://github.com/hapijs/shot.git,"as detected from PackageJson property ""repository.url""",https://github.com/hapijs/shot#readme,"as detected from PackageJson property ""homepage""",https://github.com/hapijs/shot/issues,"as detected from PackageJson property ""bugs.url""",https://registry.npmjs.org/@hapi/shot/-/shot-6.0.3.tgz,"as detected from npm-ls property ""resolved""",,,,active,Active in npm registry,2026-05-27T07:21:43.467Z
library,@hapi/somever@4.1.1,BSD-3-Clause,@hapi,,somever,4.1.1,pkg:npm/%40hapi/somever@4.1.1,node_modules/@hapi/somever,Semantic versioning rules parser,git://github.com/hapijs/somever.git,"as detected from PackageJson property ""repository.url""",https://github.com/hapijs/somever#readme,"as detected from PackageJson property ""homepage""",https://github.com/hapijs/somever/issues,"as detected from PackageJson property ""bugs.url""",https://registry.npmjs.org/@hapi/somever/-/somever-4.1.1.tgz,"as detected from npm-ls property ""resolved""",,,,active,Active in npm registry,2026-04-07T19:44:48.380Z
library,@hapi/statehood@8.2.1,BSD-3-Clause,@hapi,,statehood,8.2.1,pkg:npm/%40hapi/statehood@8.2.1,node_modules/@hapi/statehood,HTTP State Management Utilities,git://github.com/hapijs/statehood.git,"as detected from PackageJson property ""repository.url""",https://github.com/hapijs/statehood#readme,"as detected from PackageJson property ""homepage""",https://github.com/hapijs/statehood/issues,"as detected from PackageJson property ""bugs.url""",https://registry.npmjs.org/@hapi/statehood/-/statehood-8.2.1.tgz,"as detected from npm-ls property ""resolved""",,,,active,Active in npm registry,2026-04-07T19:44:50.107Z
library,@hapi/bourne@3.0.0,BSD-3-Clause,@hapi,,bourne,3.0.0,pkg:npm/%40hapi/bourne@3.0.0,node_modules/@hapi/bourne,JSON parse with prototype poisoning protection,git://github.com/hapijs/bourne.git,"as detected from PackageJson property ""repository.url""",https://github.com/hapijs/bourne#readme,"as detected from PackageJson property ""homepage""",https://github.com/hapijs/bourne/issues,"as detected from PackageJson property ""bugs.url""",https://registry.npmjs.org/@hapi/bourne/-/bourne-3.0.0.tgz,"as detected from npm-ls property ""resolved""",,,,active,Active in npm registry,2026-07-02T14:05:33.735Z
library,@hapi/cryptiles@6.0.3,BSD-3-Clause,@hapi,,cryptiles,6.0.3,pkg:npm/%40hapi/cryptiles@6.0.3,node_modules/@hapi/cryptiles,General purpose crypto utilities,git://github.com/hapijs/cryptiles.git,"as detected from PackageJson property ""repository.url""",https://github.com/hapijs/cryptiles#readme,"as detected from PackageJson property ""homepage""",https://github.com/hapijs/cryptiles/issues,"as detected from PackageJson property ""bugs.url""",https://registry.npmjs.org/@hapi/cryptiles/-/cryptiles-6.0.3.tgz,"as detected from npm-ls property ""resolved""",,,,active,Active in npm registry,2026-04-07T19:40:53.980Z
library,@hapi/iron@7.0.1,BSD-3-Clause,@hapi,,iron,7.0.1,pkg:npm/%40hapi/iron@7.0.1,node_modules/@hapi/iron,Encapsulated tokens (encrypted and mac'ed objects),git://github.com/hueniverse/iron.git,"as detected from PackageJson property ""repository.url""",https://github.com/hueniverse/iron#readme,"as detected from PackageJson property ""homepage""",https://github.com/hueniverse/iron/issues,"as detected from PackageJson property ""bugs.url""",https://registry.npmjs.org/@hapi/iron/-/iron-7.0.1.tgz,"as detected from npm-ls property ""resolved""",,,,active,Active in npm registry,2026-04-07T19:41:00.642Z
library,@hapi/b64@6.0.1,BSD-3-Clause,@hapi,,b64,6.0.1,pkg:npm/%40hapi/b64@6.0.1,node_modules/@hapi/b64,Base64 streaming encoder and decoder,git://github.com/hapijs/b64.git,"as detected from PackageJson property ""repository.url""",https://github.com/hapijs/b64#readme,"as detected from PackageJson property ""homepage""",https://github.com/hapijs/b64/issues,"as detected from PackageJson property ""bugs.url""",https://registry.npmjs.org/@hapi/b64/-/b64-6.0.1.tgz,"as detected from npm-ls property ""resolved""",,,,active,Active in npm registry,2026-04-07T19:44:25.095Z
library,@hapi/subtext@8.1.3,BSD-3-Clause,@hapi,,subtext,8.1.3,pkg:npm/%40hapi/subtext@8.1.3,node_modules/@hapi/subtext,HTTP payload parsing,git://github.com/hapijs/subtext.git,"as detected from PackageJson property ""repository.url""",https://github.com/hapijs/subtext#readme,"as detected from PackageJson property ""homepage""",https://github.com/hapijs/subtext/issues,"as detected from PackageJson property ""bugs.url""",https://registry.npmjs.org/@hapi/subtext/-/subtext-8.1.3.tgz,"as detected from npm-ls property ""resolved""",,,,active,Active in npm registry,2026-05-06T10:24:46.065Z
library,@hapi/content@6.0.2,BSD-3-Clause,@hapi,,content,6.0.2,pkg:npm/%40hapi/content@6.0.2,node_modules/@hapi/content,HTTP Content-* headers parsing,git://github.com/hapijs/content.git,"as detected from PackageJson property ""repository.url""",https://github.com/hapijs/content#readme,"as detected from PackageJson property ""homepage""",https://github.com/hapijs/content/issues,"as detected from PackageJson property ""bugs.url""",https://registry.npmjs.org/@hapi/content/-/content-6.0.2.tgz,"as detected from npm-ls property ""resolved""",,,,active,Active in npm registry,2026-05-06T08:40:17.168Z
library,@hapi/file@3.0.0,BSD-3-Clause,@hapi,,file,3.0.0,pkg:npm/%40hapi/file@3.0.0,node_modules/@hapi/file,General purpose file utilities,git://github.com/hapijs/file.git,"as detected from PackageJson property ""repository.url""",https://github.com/hapijs/file#readme,"as detected from PackageJson property ""homepage""",https://github.com/hapijs/file/issues,"as detected from PackageJson property ""bugs.url""",https://registry.npmjs.org/@hapi/file/-/file-3.0.0.tgz,"as detected from npm-ls property ""resolved""",,,,active,Active in npm registry,2026-08-02T11:08:46.407Z
library,@hapi/pez@6.1.1,BSD-3-Clause,@hapi,,pez,6.1.1,pkg:npm/%40hapi/pez@6.1.1,node_modules/@hapi/pez,Multipart parser,git://github.com/hapijs/pez.git,"as detected from PackageJson property ""repository.url""",https://github.com/hapijs/pez#readme,"as detected from PackageJson property ""homepage""",https://github.com/hapijs/pez/issues,"as detected from PackageJson property ""bugs.url""",https://registry.npmjs.org/@hapi/pez/-/pez-6.1.1.tgz,"as detected from npm-ls property ""resolved""",,,,active,Active in npm registry,2026-04-07T19:41:06.996Z
library,@hapi/nigel@5.0.1,BSD-3-Clause,@hapi,,nigel,5.0.1,pkg:npm/%40hapi/nigel@5.0.1,node_modules/@hapi/nigel,Boyer-Moore-Horspool algorithms,git://github.com/hapijs/nigel.git,"as detected from PackageJson property ""repository.url""",https://github.com/hapijs/nigel#readme,"as detected from PackageJson property ""homepage""",https://github.com/hapijs/nigel/issues,"as detected from PackageJson property ""bugs.url""",https://registry.npmjs.org/@hapi/nigel/-/nigel-5.0.1.tgz,"as detected from npm-ls property ""resolved""",,,,active,Active in npm registry,2026-04-07T19:41:05.289Z
library,@hapi/vise@5.0.1,BSD-3-Clause,@hapi,,vise,5.0.1,pkg:npm/%40hapi/vise@5.0.1,node_modules/@hapi/vise,Treat multiple buffers as one,git://github.com/hapijs/vise.git,"as detected from PackageJson property ""repository.url""",https://github.com/hapijs/vise#readme,"as detected from PackageJson property ""homepage""",https://github.com/hapijs/vise/issues,"as detected from PackageJson property ""bugs.url""",https://registry.npmjs.org/@hapi/vise/-/vise-5.0.1.tgz,"as detected from npm-ls property ""resolved""",,,,active,Active in npm registry,2026-04-07T19:44:55.748Z
library,@hapi/wreck@18.1.2,BSD-3-Clause,@hapi,,wreck,18.1.2,pkg:npm/%40hapi/wreck@18.1.2,node_modules/@hapi/wreck,HTTP Client Utilities,git://github.com/hapijs/wreck.git,"as detected from PackageJson property ""repository.url""",https://github.com/hapijs/wreck#readme,"as detected from PackageJson property ""homepage""",https://github.com/hapijs/wreck/issues,"as detected from PackageJson property ""bugs.url""",https://registry.npmjs.org/@hapi/wreck/-/wreck-18.1.2.tgz,"as detected from npm-ls property ""resolved""",,,,active,Active in npm registry,2026-05-20T10:28:12.965Z
library,@hapi/inert@7.1.2,BSD-3-Clause,@hapi,,inert,7.1.2,pkg:npm/%40hapi/inert@7.1.2,node_modules/@hapi/inert,Static file and directory handlers plugin for hapi.js,git+https://github.com/hapijs/inert.git,"as detected from PackageJson property ""repository.url""",https://github.com/hapijs/inert#readme,"as detected from PackageJson property ""homepage""",https://github.com/hapijs/inert/issues,"as detected from PackageJson property ""bugs.url""",https://registry.npmjs.org/@hapi/inert/-/inert-7.1.2.tgz,"as detected from npm-ls property ""resolved""",,,,active,Active in npm registry,2026-06-17T16:57:04.665Z
library,lru-cache@7.18.3,ISC,,Isaac Z. Schlueter,lru-cache,7.18.3,pkg:npm/lru-cache@7.18.3,node_modules/lru-cache,A cache object that deletes the least-recently-used items.,git://github.com/isaacs/node-lru-cache.git,"as detected from PackageJson property ""repository.url""",https://github.com/isaacs/node-lru-cache#readme,"as detected from PackageJson property ""homepage""",https://github.com/isaacs/node-lru-cache/issues,"as detected from PackageJson property ""bugs.url""",https://registry.npmjs.org/lru-cache/-/lru-cache-7.18.3.tgz,"as detected from npm-ls property ""resolved""",,,i@izs.me,active,Active in npm registry,2026-07-07T23:27:14.455Z
library,@hapi/joi@17.1.1,BSD-3-Clause,@hapi,,joi,17.1.1,pkg:npm/%40hapi/joi@17.1.1,node_modules/@hapi/joi,Object schema validation,git://github.com/hapijs/joi.git,"as detected from PackageJson property ""repository.url""",https://github.com/hapijs/joi#readme,"as detected from PackageJson property ""homepage""",https://github.com/hapijs/joi/issues,"as detected from PackageJson property ""bugs.url""",https://registry.npmjs.org/@hapi/joi/-/joi-17.1.1.tgz,"as detected from npm-ls property ""resolved""",,,,deprecated,Switch to 'npm install joi',2026-04-07T19:44:40.765Z
library,@hapi/joi@17.1.1|@hapi/hoek@9.3.0,BSD-3-Clause,@hapi,,hoek,9.3.0,pkg:npm/%40hapi/hoek@9.3.0,node_modules/@hapi/joi/node_modules/@hapi/hoek,General purpose node utilities,git://github.com/hapijs/hoek.git,"as detected from PackageJson property ""repository.url""",https://github.com/hapijs/hoek#readme,"as detected from PackageJson property ""homepage""",https://github.com/hapijs/hoek/issues,"as detected from PackageJson property ""bugs.url""",https://registry.npmjs.org/@hapi/hoek/-/hoek-9.3.0.tgz,"as detected from npm-ls property ""resolved""",,,,active,Active in npm registry,2026-07-31T15:25:44.042Z
library,@hapi/joi@17.1.1|@hapi/topo@5.1.0,BSD-3-Clause,@hapi,,topo,5.1.0,pkg:npm/%40hapi/topo@5.1.0,node_modules/@hapi/joi/node_modules/@hapi/topo,Topological sorting with grouping support,git://github.com/hapijs/topo.git,"as detected from PackageJson property ""repository.url""",https://github.com/hapijs/topo#readme,"as detected from PackageJson property ""homepage""",https://github.com/hapijs/topo/issues,"as detected from PackageJson property ""bugs.url""",https://registry.npmjs.org/@hapi/topo/-/topo-5.1.0.tgz,"as detected from npm-ls property ""resolved""",,,,active,Active in npm registry,2026-08-02T11:03:07.451Z
library,@hapi/address@4.1.0,BSD-3-Clause,@hapi,,address,4.1.0,pkg:npm/%40hapi/address@4.1.0,node_modules/@hapi/address,Email address and domain validation,git://github.com/hapijs/address.git,"as detected from PackageJson property ""repository.url""",https://github.com/hapijs/address#readme,"as detected from PackageJson property ""homepage""",https://github.com/hapijs/address/issues,"as detected from PackageJson property ""bugs.url""",https://registry.npmjs.org/@hapi/address/-/address-4.1.0.tgz,"as detected from npm-ls property ""resolved""",,,,deprecated,Moved to 'npm install @sideway/address',2026-04-07T19:40:46.701Z
library,@hapi/address@4.1.0|@hapi/hoek@9.3.0,BSD-3-Clause,@hapi,,hoek,9.3.0,pkg:npm/%40hapi/hoek@9.3.0,node_modules/@hapi/address/node_modules/@hapi/hoek,General purpose node utilities,git://github.com/hapijs/hoek.git,"as detected from PackageJson property ""repository.url""",https://github.com/hapijs/hoek#readme,"as detected from PackageJson property ""homepage""",https://github.com/hapijs/hoek/issues,"as detected from PackageJson property ""bugs.url""",https://registry.npmjs.org/@hapi/hoek/-/hoek-9.3.0.tgz,"as detected from npm-ls property ""resolved""",,,,active,Active in npm registry,2026-07-31T15:25:44.042Z
library,@hapi/formula@2.0.0,BSD-3-Clause,@hapi,,formula,2.0.0,pkg:npm/%40hapi/formula@2.0.0,node_modules/@hapi/formula,Math and string formula parser.,git://github.com/hapijs/formula.git,"as detected from PackageJson property ""repository.url""",https://github.com/hapijs/formula#readme,"as detected from PackageJson property ""homepage""",https://github.com/hapijs/formula/issues,"as detected from PackageJson property ""bugs.url""",https://registry.npmjs.org/@hapi/formula/-/formula-2.0.0.tgz,"as detected from npm-ls property ""resolved""",,,,deprecated,Moved to 'npm install @sideway/formula',2026-07-01T13:17:26.489Z
library,@hapi/pinpoint@2.0.1,BSD-3-Clause,@hapi,,pinpoint,2.0.1,pkg:npm/%40hapi/pinpoint@2.0.1,node_modules/@hapi/pinpoint,Return the filename and line number of the calling function,git://github.com/hapijs/pinpoint.git,"as detected from PackageJson property ""repository.url""",https://github.com/hapijs/pinpoint#readme,"as detected from PackageJson property ""homepage""",https://github.com/hapijs/pinpoint/issues,"as detected from PackageJson property ""bugs.url""",https://registry.npmjs.org/@hapi/pinpoint/-/pinpoint-2.0.1.tgz,"as detected from npm-ls property ""resolved""",,,,active,Active in npm registry,2026-07-01T15:00:31.849Z
library,@hapi/vision@7.0.3,BSD-3-Clause,@hapi,,vision,7.0.3,pkg:npm/%40hapi/vision@7.0.3,node_modules/@hapi/vision,Templates rendering plugin support for hapi.js,git://github.com/hapijs/vision.git,"as detected from PackageJson property ""repository.url""",https://github.com/hapijs/vision#readme,"as detected from PackageJson property ""homepage""",https://github.com/hapijs/vision/issues,"as detected from PackageJson property ""bugs.url""",https://registry.npmjs.org/@hapi/vision/-/vision-7.0.3.tgz,"as detected from npm-ls property ""resolved""",,,,active,Active in npm registry,2026-04-07T19:44:56.477Z
library,@mojaloop/central-services-error-handling@13.2.0,Apache-2.0,@mojaloop,ModusBox,central-services-error-handling,13.2.0,pkg:npm/%40mojaloop/central-services-error-handling@13.2.0,node_modules/@mojaloop/central-services-error-handling,Hapi error handling module,git+https://github.com/mojaloop/central-services-error-handling.git,"as detected from PackageJson property ""repository.url""",https://github.com/mojaloop/central-services-error-handling#readme,"as detected from PackageJson property ""homepage""",https://github.com/mojaloop/central-services-error-handling/issues,"as detected from PackageJson property ""bugs.url""",https://registry.npmjs.org/@mojaloop/central-services-error-handling/-/central-services-error-handling-13.2.0.tgz,"as detected from npm-ls property ""resolved""",,,,active,Active in npm registry,2026-08-26T21:40:06.759Z
library,fast-safe-stringify@2.1.1,MIT,,David Mark Clements,fast-safe-stringify,2.1.1,pkg:npm/fast-safe-stringify@2.1.1,node_modules/fast-safe-stringify,Safely and quickly serialize JavaScript objects,git+https://github.com/davidmarkclements/fast-safe-stringify.git,"as detected from PackageJson property ""repository.url""",https://github.com/davidmarkclements/fast-safe-stringify#readme,"as detected from PackageJson property ""homepage""",https://github.com/davidmarkclements/fast-safe-stringify/issues,"as detected from PackageJson property ""bugs.url""",https://registry.npmjs.org/fast-safe-stringify/-/fast-safe-stringify-2.1.1.tgz,"as detected from npm-ls property ""resolved""",,,,active,Active in npm registry,2022-06-17T23:37:27.368Z
library,lodash@4.18.1,MIT,,John-David Dalton,lodash,4.18.1,pkg:npm/lodash@4.18.1?vcs_url=git%2Bhttps%3A%2F%2Fgithub.com%2Flodash%2Flodash.git,node_modules/lodash,Lodash modular utilities.,git+https://github.com/lodash/lodash.git,"as detected from PackageJson property ""repository.url""",https://lodash.com/,"as detected from PackageJson property ""homepage""",https://github.com/lodash/lodash/issues,"as detected from PackageJson property ""bugs.url""",,,,,john.david.dalton@gmail.com,active,Active in npm registry,2026-09-16T00:57:08.587Z
library,@mojaloop/central-services-health@15.2.3,Apache-2.0,@mojaloop,lewisdaly,central-services-health,15.2.3,pkg:npm/%40mojaloop/central-services-health@15.2.3,node_modules/@mojaloop/central-services-health,Shared code for generic health check servers,git+https://github.com/mojaloop/central-services-metrics.git,"as detected from PackageJson property ""repository.url""",https://github.com/mojaloop/central-services-health#readme,"as detected from PackageJson property ""homepage""",https://github.com/mojaloop/central-services-health/issues,"as detected from PackageJson property ""bugs.url""",https://registry.npmjs.org/@mojaloop/central-services-health/-/central-services-health-15.2.3.tgz,"as detected from npm-ls property ""resolved""",,,,active,Active in npm registry,2026-07-09T20:09:57.303Z
library,@mojaloop/central-services-health@15.2.3|@hapi/hapi@21.4.9,BSD-3-Clause,@hapi,,hapi,21.4.9,pkg:npm/%40hapi/hapi@21.4.9,node_modules/@mojaloop/central-services-health/node_modules/@hapi/hapi,HTTP Server framework,git://github.com/hapijs/hapi.git,"as detected from PackageJson property ""repository.url""",https://hapi.dev,"as detected from PackageJson property ""homepage""",https://github.com/hapijs/hapi/issues,"as detected from PackageJson property ""bugs.url""",https://registry.npmjs.org/@hapi/hapi/-/hapi-21.4.9.tgz,"as detected from npm-ls property ""resolved""",,,,active,Active in npm registry,2026-07-22T09:05:38.416Z
library,@mojaloop/central-services-logger@11.10.6,Apache-2.0,@mojaloop,ModusBox,central-services-logger,11.10.6,pkg:npm/%40mojaloop/central-services-logger@11.10.6?vcs_url=git%2Bhttps%3A%2F%2Fgithub.com%2Fmojaloop%2Fcentral-services-logger.git,node_modules/@mojaloop/central-services-logger,Mojaloop common logging library,git+https://github.com/mojaloop/central-services-logger.git,"as detected from PackageJson property ""repository.url""",https://github.com/mojaloop/central-services-logger#readme,"as detected from PackageJson property ""homepage""",https://github.com/mojaloop/central-services-logger/issues,"as detected from PackageJson property ""bugs.url""",,,,,,active,Active in npm registry,2026-09-03T06:07:22.725Z
library,tslib@2.8.1,0BSD,,Microsoft Corp.,tslib,2.8.1,pkg:npm/tslib@2.8.1,node_modules/tslib,Runtime library for TypeScript helper functions,git+https://github.com/Microsoft/tslib.git,"as detected from PackageJson property ""repository.url""",https://www.typescriptlang.org/,"as detected from PackageJson property ""homepage""",https://github.com/Microsoft/TypeScript/issues,"as detected from PackageJson property ""bugs.url""",https://registry.npmjs.org/tslib/-/tslib-2.8.1.tgz,"as detected from npm-ls property ""resolved""",,,,active,Active in npm registry,2026-06-17T05:44:47.278Z
library,@opentelemetry/api@1.9.1,Apache-2.0,@opentelemetry,OpenTelemetry Authors,api,1.9.1,pkg:npm/%40opentelemetry/api@1.9.1?vcs_url=git%2Bhttps%3A%2F%2Fgithub.com%2Fopen-telemetry%2Fopentelemetry-js.git,node_modules/@opentelemetry/api,Public API for OpenTelemetry,git+https://github.com/open-telemetry/opentelemetry-js.git,"as detected from PackageJson property ""repository.url""",https://github.com/open-telemetry/opentelemetry-js/tree/main/api,"as detected from PackageJson property ""homepage""",https://github.com/open-telemetry/opentelemetry-js/issues,"as detected from PackageJson property ""bugs.url""",,,,,,active,Active in npm registry,2026-05-01T17:14:51.479Z
library,parse-strings-in-object@2.0.0,ISC,,Stephen Buchanan,parse-strings-in-object,2.0.0,pkg:npm/parse-strings-in-object@2.0.0?vcs_url=git%2Bhttps%3A%2F%2Fgithub.com%2Fanselanza%2Fparse-strings-in-object.git,node_modules/parse-strings-in-object,Convert string values in object to boolean and numbers,git+https://github.com/anselanza/parse-strings-in-object.git,"as detected from PackageJson property ""repository.url""",https://github.com/anselanza/parse-strings-in-object#readme,"as detected from PackageJson property ""homepage""",https://github.com/anselanza/parse-strings-in-object/issues,"as detected from PackageJson property ""bugs.url""",,,,,,active,Active in npm registry,2022-07-07T08:56:38.552Z
library,rc@1.2.8,,,Dominic Tarr,rc,1.2.8,pkg:npm/rc@1.2.8?vcs_url=git%2Bhttps%3A%2F%2Fgithub.com%2Fdominictarr%2Frc.git,node_modules/rc,hardwired configuration loader,git+https://github.com/dominictarr/rc.git,"as detected from PackageJson property ""repository.url""",https://github.com/dominictarr/rc#readme,"as detected from PackageJson property ""homepage""",https://github.com/dominictarr/rc/issues,"as detected from PackageJson property ""bugs.url""",,,,,dominic.tarr@gmail.com,active,Active in npm registry,2025-02-21T12:54:43.768Z
library,rc@1.2.8|strip-json-comments@2.0.1,MIT,,Sindre Sorhus,strip-json-comments,2.0.1,pkg:npm/strip-json-comments@2.0.1,node_modules/rc/node_modules/strip-json-comments,Strip comments from JSON. Lets you use comments in your JSON files!,git+https://github.com/sindresorhus/strip-json-comments.git,"as detected from PackageJson property ""repository.url""",https://github.com/sindresorhus/strip-json-comments#readme,"as detected from PackageJson property ""homepage""",https://github.com/sindresorhus/strip-json-comments/issues,"as detected from PackageJson property ""bugs.url""",https://registry.npmjs.org/strip-json-comments/-/strip-json-comments-2.0.1.tgz,"as detected from npm-ls property ""resolved""",,,sindresorhus@gmail.com,active,Active in npm registry,2025-08-08T14:14:05.184Z
library,safe-stable-stringify@2.5.0,MIT,,Ruben Bridgewater,safe-stable-stringify,2.5.0,pkg:npm/safe-stable-stringify@2.5.0,node_modules/safe-stable-stringify,Deterministic and safely JSON.stringify to quickly serialize JavaScript objects,git+https://github.com/BridgeAR/safe-stable-stringify.git,"as detected from PackageJson property ""repository.url""",https://github.com/BridgeAR/safe-stable-stringify#readme,"as detected from PackageJson property ""homepage""",https://github.com/BridgeAR/safe-stable-stringify/issues,"as detected from PackageJson property ""bugs.url""",https://registry.npmjs.org/safe-stable-stringify/-/safe-stable-stringify-2.5.0.tgz,"as detected from npm-ls property ""resolved""",,,,active,Active in npm registry,2024-08-24T21:31:17.622Z
library,triple-beam@1.4.1,MIT,,Charlie Robbins,triple-beam,1.4.1,pkg:npm/triple-beam@1.4.1,node_modules/triple-beam,Definitions of levels for logging purposes & shareable Symbol constants.,git+https://github.com/winstonjs/triple-beam.git,"as detected from PackageJson property ""repository.url""",https://github.com/winstonjs/triple-beam#readme,"as detected from PackageJson property ""homepage""",https://github.com/winstonjs/triple-beam/issues,"as detected from PackageJson property ""bugs.url""",https://registry.npmjs.org/triple-beam/-/triple-beam-1.4.1.tgz,"as detected from npm-ls property ""resolved""",,,charlie.robbins@gmail.com,active,Active in npm registry,2023-07-10T15:31:48.241Z
library,winston@3.19.0,MIT,,Charlie Robbins,winston,3.19.0,pkg:npm/winston@3.19.0,node_modules/winston,A logger for just about everything.,git+https://github.com/winstonjs/winston.git,"as detected from PackageJson property ""repository.url""",https://github.com/winstonjs/winston#readme,"as detected from PackageJson property ""homepage""",https://github.com/winstonjs/winston/issues,"as detected from PackageJson property ""bugs.url""",https://registry.npmjs.org/winston/-/winston-3.19.0.tgz,"as detected from npm-ls property ""resolved""",,,charlie.robbins@gmail.com,active,Active in npm registry,2026-04-24T23:30:20.417Z
library,winston@3.19.0|readable-stream@3.6.2,MIT,,,readable-stream,3.6.2,pkg:npm/readable-stream@3.6.2,node_modules/winston/node_modules/readable-stream,Streams3~ a user-land copy of the stream library from Node.js,git://github.com/nodejs/readable-stream.git,"as detected from PackageJson property ""repository.url""",https://github.com/nodejs/readable-stream#readme,"as detected from PackageJson property ""homepage""",https://github.com/nodejs/readable-stream/issues,"as detected from PackageJson property ""bugs.url""",https://registry.npmjs.org/readable-stream/-/readable-stream-3.6.2.tgz,"as detected from npm-ls property ""resolved""",,,,active,Active in npm registry,2025-01-07T09:15:39.036Z
library,@colors/colors@1.6.1,MIT,@colors,DABH,colors,1.6.1,pkg:npm/%40colors/colors@1.6.1,node_modules/@colors/colors,get colors in your node.js console,git+ssh://git@github.com/DABH/colors.js.git,"as detected from PackageJson property ""repository.url""",https://github.com/DABH/colors.js,"as detected from PackageJson property ""homepage""",https://github.com/DABH/colors.js/issues,"as detected from PackageJson property ""bugs.url""",https://registry.npmjs.org/@colors/colors/-/colors-1.6.1.tgz,"as detected from npm-ls property ""resolved""",,,,active,Active in npm registry,2026-09-07T03:51:27.857Z
library,@dabh/diagnostics@2.0.9,MIT,@dabh,Arnout Kazemier,diagnostics,2.0.9,pkg:npm/%40dabh/diagnostics@2.0.9,node_modules/@dabh/diagnostics,Tools for debugging your node.js modules and event loop,git://github.com/DABH/diagnostics.git,"as detected from PackageJson property ""repository.url""",https://github.com/DABH/diagnostics,"as detected from PackageJson property ""homepage""",https://github.com/DABH/diagnostics/issues,"as detected from PackageJson property ""bugs.url""",https://registry.npmjs.org/@dabh/diagnostics/-/diagnostics-2.0.9.tgz,"as detected from npm-ls property ""resolved""",,,,active,Active in npm registry,2026-09-07T03:55:18.946Z
library,@so-ric/colorspace@1.1.6,MIT,@so-ric,Arnout Kazemier,colorspace,1.1.6,pkg:npm/%40so-ric/colorspace@1.1.6,node_modules/@so-ric/colorspace,Generate HEX colors for a given namespace using color v5,git+https://github.com/so-ric/colorspace.git,"as detected from PackageJson property ""repository.url""",https://github.com/so-ric/colorspace,"as detected from PackageJson property ""homepage""",https://github.com/so-ric/colorspace/issues,"as detected from PackageJson property ""bugs.url""",https://registry.npmjs.org/@so-ric/colorspace/-/colorspace-1.1.6.tgz,"as detected from npm-ls property ""resolved""",,,,active,Active in npm registry,2025-09-30T13:13:19.512Z
library,color@5.0.3,MIT,,,color,5.0.3,pkg:npm/color@5.0.3,node_modules/color,Color conversion and manipulation with CSS string support,git+https://github.com/Qix-/color.git,"as detected from PackageJson property ""repository.url""",https://github.com/Qix-/color#readme,"as detected from PackageJson property ""homepage""",https://github.com/Qix-/color/issues,"as detected from PackageJson property ""bugs.url""",https://registry.npmjs.org/color/-/color-5.0.3.tgz,"as detected from npm-ls property ""resolved""",,,,active,Active in npm registry,2025-11-14T18:41:59.735Z
library,color@5.0.3|color-convert@3.1.3,MIT,,Josh Junon,color-convert,3.1.3,pkg:npm/color-convert@3.1.3,node_modules/color/node_modules/color-convert,Plain color conversion functions,git+https://github.com/Qix-/color-convert.git,"as detected from PackageJson property ""repository.url""",https://github.com/Qix-/color-convert#readme,"as detected from PackageJson property ""homepage""",https://github.com/Qix-/color-convert/issues,"as detected from PackageJson property ""bugs.url""",https://registry.npmjs.org/color-convert/-/color-convert-3.1.3.tgz,"as detected from npm-ls property ""resolved""",,,josh@junon.me,active,Active in npm registry,2025-11-14T18:29:11.782Z
library,color@5.0.3|color-name@2.1.1,MIT,,Dmitry Iv,color-name,2.1.1,pkg:npm/color-name@2.1.1,node_modules/color/node_modules/color-name,A list of color names and its values,git+https://github.com/colorjs/color-name.git,"as detected from PackageJson property ""repository.url""",https://github.com/colorjs/color-name,"as detected from PackageJson property ""homepage""",https://github.com/colorjs/color-name/issues,"as detected from PackageJson property ""bugs.url""",https://registry.npmjs.org/color-name/-/color-name-2.1.1.tgz,"as detected from npm-ls property ""resolved""",,,dfcreative@gmail.com,active,Active in npm registry,2026-07-22T15:38:35.650Z
library,color-string@2.1.4,MIT,,Josh Junon,color-string,2.1.4,pkg:npm/color-string@2.1.4,node_modules/color-string,Parser and generator for CSS color strings,git+https://github.com/Qix-/color-string.git,"as detected from PackageJson property ""repository.url""",https://github.com/Qix-/color-string#readme,"as detected from PackageJson property ""homepage""",https://github.com/Qix-/color-string/issues,"as detected from PackageJson property ""bugs.url""",https://registry.npmjs.org/color-string/-/color-string-2.1.4.tgz,"as detected from npm-ls property ""resolved""",,,,active,Active in npm registry,2025-11-15T16:35:04.914Z
library,color-string@2.1.4|color-name@2.1.1,MIT,,Dmitry Iv,color-name,2.1.1,pkg:npm/color-name@2.1.1,node_modules/color-string/node_modules/color-name,A list of color names and its values,git+https://github.com/colorjs/color-name.git,"as detected from PackageJson property ""repository.url""",https://github.com/colorjs/color-name,"as detected from PackageJson property ""homepage""",https://github.com/colorjs/color-name/issues,"as detected from PackageJson property ""bugs.url""",https://registry.npmjs.org/color-name/-/color-name-2.1.1.tgz,"as detected from npm-ls property ""resolved""",,,dfcreative@gmail.com,active,Active in npm registry,2026-07-22T15:38:35.650Z
library,text-hex@1.0.0,MIT,,Arnout Kazemier,text-hex,1.0.0,pkg:npm/text-hex@1.0.0,node_modules/text-hex,Generate a hex color from the given text,git+https://github.com/3rd-Eden/text-hex.git,"as detected from PackageJson property ""repository.url""",https://github.com/3rd-Eden/text-hex,"as detected from PackageJson property ""homepage""",https://github.com/3rd-Eden/text-hex/issues,"as detected from PackageJson property ""bugs.url""",https://registry.npmjs.org/text-hex/-/text-hex-1.0.0.tgz,"as detected from npm-ls property ""resolved""",,,,active,Active in npm registry,2022-06-27T05:41:44.019Z
library,enabled@2.0.0,MIT,,Arnout Kazemier,enabled,2.0.0,pkg:npm/enabled@2.0.0,node_modules/enabled,Check if a certain debug flag is enabled.,git://github.com/3rd-Eden/enabled.git,"as detected from PackageJson property ""repository.url""",https://github.com/3rd-Eden/enabled#readme,"as detected from PackageJson property ""homepage""",https://github.com/3rd-Eden/enabled/issues,"as detected from PackageJson property ""bugs.url""",https://registry.npmjs.org/enabled/-/enabled-2.0.0.tgz,"as detected from npm-ls property ""resolved""",,,,active,Active in npm registry,2022-06-17T04:40:17.608Z
library,kuler@2.0.0,MIT,,Arnout Kazemier,kuler,2.0.0,pkg:npm/kuler@2.0.0,node_modules/kuler,Color your terminal using CSS/hex color codes,git+https://github.com/3rd-Eden/kuler.git,"as detected from PackageJson property ""repository.url""",https://github.com/3rd-Eden/kuler,"as detected from PackageJson property ""homepage""",https://github.com/3rd-Eden/kuler/issues,"as detected from PackageJson property ""bugs.url""",https://registry.npmjs.org/kuler/-/kuler-2.0.0.tgz,"as detected from npm-ls property ""resolved""",,,,active,Active in npm registry,2022-06-19T10:05:59.725Z
library,async@3.2.6,MIT,,Caolan McMahon,async,3.2.6,pkg:npm/async@3.2.6?vcs_url=git%2Bhttps%3A%2F%2Fgithub.com%2Fcaolan%2Fasync.git,node_modules/async,Higher-order functions and common patterns for asynchronous code,git+https://github.com/caolan/async.git,"as detected from PackageJson property ""repository.url""",https://caolan.github.io/async/,"as detected from PackageJson property ""homepage""",https://github.com/caolan/async/issues,"as detected from PackageJson property ""bugs.url""",,,,,,active,Active in npm registry,2026-06-29T08:59:52.208Z
library,is-stream@2.0.1,MIT,,Sindre Sorhus,is-stream,2.0.1,pkg:npm/is-stream@2.0.1,node_modules/is-stream,Check if something is a Node.js stream,git+https://github.com/sindresorhus/is-stream.git,"as detected from PackageJson property ""repository.url""",https://github.com/sindresorhus/is-stream#readme,"as detected from PackageJson property ""homepage""",https://github.com/sindresorhus/is-stream/issues,"as detected from PackageJson property ""bugs.url""",https://registry.npmjs.org/is-stream/-/is-stream-2.0.1.tgz,"as detected from npm-ls property ""resolved""",,,sindresorhus@gmail.com,active,Active in npm registry,2024-02-19T19:14:12.687Z
library,logform@2.7.0,MIT,,Charlie Robbins,logform,2.7.0,pkg:npm/logform@2.7.0,node_modules/logform,An mutable object-based log format designed for chaining & objectMode streams.,git+https://github.com/winstonjs/logform.git,"as detected from PackageJson property ""repository.url""",https://github.com/winstonjs/logform#readme,"as detected from PackageJson property ""homepage""",https://github.com/winstonjs/logform/issues,"as detected from PackageJson property ""bugs.url""",https://registry.npmjs.org/logform/-/logform-2.7.0.tgz,"as detected from npm-ls property ""resolved""",,,charlie.robbins@gmail.com,active,Active in npm registry,2024-11-10T01:55:57.039Z
library,logform@2.7.0|@colors/colors@1.6.0,MIT,@colors,DABH,colors,1.6.0,pkg:npm/%40colors/colors@1.6.0,node_modules/logform/node_modules/@colors/colors,get colors in your node.js console,git+ssh://git@github.com/DABH/colors.js.git,"as detected from PackageJson property ""repository.url""",https://github.com/DABH/colors.js,"as detected from PackageJson property ""homepage""",https://github.com/DABH/colors.js/issues,"as detected from PackageJson property ""bugs.url""",https://registry.npmjs.org/@colors/colors/-/colors-1.6.0.tgz,"as detected from npm-ls property ""resolved""",,,,active,Active in npm registry,2026-09-07T03:51:27.857Z
library,@types/triple-beam@1.3.5,MIT,@types,,triple-beam,1.3.5,pkg:npm/%40types/triple-beam@1.3.5#types/triple-beam,node_modules/@types/triple-beam,TypeScript definitions for triple-beam,git+https://github.com/DefinitelyTyped/DefinitelyTyped.git#types/triple-beam,"as detected from PackageJson property ""repository.url"" and ""repository.directory""",https://github.com/DefinitelyTyped/DefinitelyTyped/tree/master/types/triple-beam,"as detected from PackageJson property ""homepage""",https://github.com/DefinitelyTyped/DefinitelyTyped/issues,"as detected from PackageJson property ""bugs.url""",https://registry.npmjs.org/@types/triple-beam/-/triple-beam-1.3.5.tgz,"as detected from npm-ls property ""resolved""",,,,active,Active in npm registry,2025-08-03T07:54:30.051Z
library,fecha@4.2.3,MIT,,Taylor Hakes,fecha,4.2.3,pkg:npm/fecha@4.2.3,node_modules/fecha,Date formatting and parsing,git+https://taylorhakes@github.com/taylorhakes/fecha.git,"as detected from PackageJson property ""repository.url""",https://github.com/taylorhakes/fecha,"as detected from PackageJson property ""homepage""",https://github.com/taylorhakes/fecha/issues,"as detected from PackageJson property ""bugs.url""",https://registry.npmjs.org/fecha/-/fecha-4.2.3.tgz,"as detected from npm-ls property ""resolved""",,,,active,Active in npm registry,2026-04-24T23:30:40.528Z
library,ms@2.1.3,MIT,,,ms,2.1.3,pkg:npm/ms@2.1.3?vcs_url=git%2Bhttps%3A%2F%2Fgithub.com%2Fvercel%2Fms.git,node_modules/ms,Tiny millisecond conversion utility,git+https://github.com/vercel/ms.git,"as detected from PackageJson property ""repository.url""",https://github.com/vercel/ms#readme,"as detected from PackageJson property ""homepage""",https://github.com/vercel/ms/issues,"as detected from PackageJson property ""bugs.url""",,,,,,active,Active in npm registry,2025-09-08T19:56:54.242Z
library,one-time@1.0.0,MIT,,Arnout Kazemier,one-time,1.0.0,pkg:npm/one-time@1.0.0,node_modules/one-time,Run the supplied function exactly one time (once),git+https://github.com/3rd-Eden/one-time.git,"as detected from PackageJson property ""repository.url""",https://github.com/3rd-Eden/one-time#readme,"as detected from PackageJson property ""homepage""",https://github.com/3rd-Eden/one-time/issues,"as detected from PackageJson property ""bugs.url""",https://registry.npmjs.org/one-time/-/one-time-1.0.0.tgz,"as detected from npm-ls property ""resolved""",,,,active,Active in npm registry,2022-06-22T21:51:39.572Z
library,fn.name@1.1.0,MIT,,Arnout Kazemier,fn.name,1.1.0,pkg:npm/fn.name@1.1.0,node_modules/fn.name,Extract names from functions,git+https://github.com/3rd-Eden/fn.name.git,"as detected from PackageJson property ""repository.url""",https://github.com/3rd-Eden/fn.name,"as detected from PackageJson property ""homepage""",https://github.com/3rd-Eden/fn.name/issues,"as detected from PackageJson property ""bugs.url""",https://registry.npmjs.org/fn.name/-/fn.name-1.1.0.tgz,"as detected from npm-ls property ""resolved""",,,,active,Active in npm registry,2022-06-18T02:40:03.044Z
library,stack-trace@0.0.10,MIT,,Felix Geisendörfer,stack-trace,0.0.10,pkg:npm/stack-trace@0.0.10,node_modules/stack-trace,Get v8 stack traces as an array of CallSite objects.,git://github.com/felixge/node-stack-trace.git,"as detected from PackageJson property ""repository.url""",https://github.com/felixge/node-stack-trace,"as detected from PackageJson property ""homepage""",https://github.com/felixge/node-stack-trace/issues,"as detected from PackageJson property ""bugs.url""",https://registry.npmjs.org/stack-trace/-/stack-trace-0.0.10.tgz,"as detected from npm-ls property ""resolved""",,,felix@debuggable.com,active,Active in npm registry,2026-08-20T05:33:04.286Z
library,winston-transport@4.9.0,MIT,,Charlie Robbins,winston-transport,4.9.0,pkg:npm/winston-transport@4.9.0,node_modules/winston-transport,Base stream implementations for winston@3 and up.,git+ssh://git@github.com/winstonjs/winston-transport.git,"as detected from PackageJson property ""repository.url""",https://github.com/winstonjs/winston-transport#readme,"as detected from PackageJson property ""homepage""",https://github.com/winstonjs/winston-transport/issues,"as detected from PackageJson property ""bugs.url""",https://registry.npmjs.org/winston-transport/-/winston-transport-4.9.0.tgz,"as detected from npm-ls property ""resolved""",,,charlie.robbins@gmail.com,active,Active in npm registry,2024-11-10T02:38:39.262Z
library,winston-transport@4.9.0|readable-stream@3.6.2,MIT,,,readable-stream,3.6.2,pkg:npm/readable-stream@3.6.2,node_modules/winston-transport/node_modules/readable-stream,Streams3~ a user-land copy of the stream library from Node.js,git://github.com/nodejs/readable-stream.git,"as detected from PackageJson property ""repository.url""",https://github.com/nodejs/readable-stream#readme,"as detected from PackageJson property ""homepage""",https://github.com/nodejs/readable-stream/issues,"as detected from PackageJson property ""bugs.url""",https://registry.npmjs.org/readable-stream/-/readable-stream-3.6.2.tgz,"as detected from npm-ls property ""resolved""",,,,active,Active in npm registry,2025-01-07T09:15:39.036Z
library,@mojaloop/central-services-metrics@12.8.8,Apache-2.0,@mojaloop,ModusBox,central-services-metrics,12.8.8,pkg:npm/%40mojaloop/central-services-metrics@12.8.8,node_modules/@mojaloop/central-services-metrics,Shared code for metrics generation,git+https://github.com/mojaloop/central-services-metrics.git,"as detected from PackageJson property ""repository.url""",https://github.com/mojaloop/central-services-metrics#readme,"as detected from PackageJson property ""homepage""",https://github.com/mojaloop/central-services-metrics/issues,"as detected from PackageJson property ""bugs.url""",https://registry.npmjs.org/@mojaloop/central-services-metrics/-/central-services-metrics-12.8.8.tgz,"as detected from npm-ls property ""resolved""",,,,active,Active in npm registry,2026-08-10T12:15:14.985Z
library,prom-client@15.1.3,Apache-2.0,,Simon Nyberg,prom-client,15.1.3,pkg:npm/prom-client@15.1.3,node_modules/prom-client,Client for prometheus,git+ssh://git@github.com/siimon/prom-client.git,"as detected from PackageJson property ""repository.url""",https://github.com/siimon/prom-client,"as detected from PackageJson property ""homepage""",https://github.com/siimon/prom-client/issues,"as detected from PackageJson property ""bugs.url""",https://registry.npmjs.org/prom-client/-/prom-client-15.1.3.tgz,"as detected from npm-ls property ""resolved""",,,,deprecated,prom-client has been replaced by @prometheus-io/client,2026-08-25T16:20:39.549Z
library,tdigest@0.1.3,MIT,,Will Welch,tdigest,0.1.3,pkg:npm/tdigest@0.1.3,node_modules/tdigest,javascript implementation of Dunning's T-Digest for streaming quantile approximation,git+https://github.com/welch/tdigest.git,"as detected from PackageJson property ""repository.url""",https://github.com/welch/tdigest,"as detected from PackageJson property ""homepage""",https://github.com/welch/tdigest/issues,"as detected from PackageJson property ""bugs.url""",https://registry.npmjs.org/tdigest/-/tdigest-0.1.3.tgz,"as detected from npm-ls property ""resolved""",,,welch@quietplease.com,active,Active in npm registry,2026-08-26T04:07:33.455Z
library,bintrees@1.0.2,MIT,,Vadim Graboys,bintrees,1.0.2,pkg:npm/bintrees@1.0.2,node_modules/bintrees,Binary Search Trees,git://github.com/vadimg/js_bintrees.git,"as detected from PackageJson property ""repository.url""",https://github.com/vadimg/js_bintrees#readme,"as detected from PackageJson property ""homepage""",https://github.com/vadimg/js_bintrees/issues,"as detected from PackageJson property ""bugs.url""",https://registry.npmjs.org/bintrees/-/bintrees-1.0.2.tgz,"as detected from npm-ls property ""resolved""",,,dimva13@gmail.com,active,Active in npm registry,2025-02-13T01:33:55.851Z
library,@mojaloop/central-services-shared@18.39.3,Apache-2.0,@mojaloop,ModusBox,central-services-shared,18.39.3,pkg:npm/%40mojaloop/central-services-shared@18.39.3,node_modules/@mojaloop/central-services-shared,Shared code for mojaloop central services,git+https://github.com/mojaloop/central-services-shared.git,"as detected from PackageJson property ""repository.url""",https://github.com/mojaloop/central-services-shared#readme,"as detected from PackageJson property ""homepage""",https://github.com/mojaloop/central-services-shared/issues,"as detected from PackageJson property ""bugs.url""",https://registry.npmjs.org/@mojaloop/central-services-shared/-/central-services-shared-18.39.3.tgz,"as detected from npm-ls property ""resolved""",,,,active,Active in npm registry,2026-09-15T14:21:35.395Z
library,@mojaloop/central-services-shared@18.39.3|@hapi/catbox-memory@5.0.1,BSD-3-Clause,@hapi,,catbox-memory,5.0.1,pkg:npm/%40hapi/catbox-memory@5.0.1,node_modules/@mojaloop/central-services-shared/node_modules/@hapi/catbox-memory,Memory adapter for catbox,git://github.com/hapijs/catbox-memory.git,"as detected from PackageJson property ""repository.url""",https://github.com/hapijs/catbox-memory#readme,"as detected from PackageJson property ""homepage""",https://github.com/hapijs/catbox-memory/issues,"as detected from PackageJson property ""bugs.url""",https://registry.npmjs.org/@hapi/catbox-memory/-/catbox-memory-5.0.1.tgz,"as detected from npm-ls property ""resolved""",,,,active,Active in npm registry,2026-04-07T19:44:31.031Z
library,@mojaloop/central-services-shared@18.39.3|@hapi/catbox-memory@5.0.1|@hapi/hoek@9.3.0,BSD-3-Clause,@hapi,,hoek,9.3.0,pkg:npm/%40hapi/hoek@9.3.0,node_modules/@mojaloop/central-services-shared/node_modules/@hapi/catbox-memory/node_modules/@hapi/hoek,General purpose node utilities,git://github.com/hapijs/hoek.git,"as detected from PackageJson property ""repository.url""",https://github.com/hapijs/hoek#readme,"as detected from PackageJson property ""homepage""",https://github.com/hapijs/hoek/issues,"as detected from PackageJson property ""bugs.url""",https://registry.npmjs.org/@hapi/hoek/-/hoek-9.3.0.tgz,"as detected from npm-ls property ""resolved""",,,,active,Active in npm registry,2026-07-31T15:25:44.042Z
library,@mojaloop/central-services-shared@18.39.3|@hapi/boom@9.1.4,BSD-3-Clause,@hapi,,boom,9.1.4,pkg:npm/%40hapi/boom@9.1.4,node_modules/@mojaloop/central-services-shared/node_modules/@hapi/boom,HTTP-friendly error objects,git://github.com/hapijs/boom.git,"as detected from PackageJson property ""repository.url""",https://github.com/hapijs/boom#readme,"as detected from PackageJson property ""homepage""",https://github.com/hapijs/boom/issues,"as detected from PackageJson property ""bugs.url""",https://registry.npmjs.org/@hapi/boom/-/boom-9.1.4.tgz,"as detected from npm-ls property ""resolved""",,,,active,Active in npm registry,2026-08-02T12:02:11.001Z
library,@mojaloop/central-services-shared@18.39.3|@hapi/boom@9.1.4|@hapi/hoek@9.3.0,BSD-3-Clause,@hapi,,hoek,9.3.0,pkg:npm/%40hapi/hoek@9.3.0,node_modules/@mojaloop/central-services-shared/node_modules/@hapi/boom/node_modules/@hapi/hoek,General purpose node utilities,git://github.com/hapijs/hoek.git,"as detected from PackageJson property ""repository.url""",https://github.com/hapijs/hoek#readme,"as detected from PackageJson property ""homepage""",https://github.com/hapijs/hoek/issues,"as detected from PackageJson property ""bugs.url""",https://registry.npmjs.org/@hapi/hoek/-/hoek-9.3.0.tgz,"as detected from npm-ls property ""resolved""",,,,active,Active in npm registry,2026-07-31T15:25:44.042Z
library,@hapi/joi-date@2.0.1,BSD-3-Clause,@hapi,,joi-date,2.0.1,pkg:npm/%40hapi/joi-date@2.0.1,node_modules/@hapi/joi-date,Joi extension for dates,git://github.com/hapijs/joi-date.git,"as detected from PackageJson property ""repository.url""",https://github.com/hapijs/joi-date#readme,"as detected from PackageJson property ""homepage""",https://github.com/hapijs/joi-date/issues,"as detected from PackageJson property ""bugs.url""",https://registry.npmjs.org/@hapi/joi-date/-/joi-date-2.0.1.tgz,"as detected from npm-ls property ""resolved""",,,,active,Active in npm registry,2026-04-07T19:41:01.602Z
library,moment@2.31.0,MIT,,,moment,2.31.0,pkg:npm/moment@2.31.0?vcs_url=git%2Bhttps%3A%2F%2Fgithub.com%2Fmoment%2Fmoment.git,node_modules/moment,Parse~ validate~ manipulate~ and display dates,git+https://github.com/moment/moment.git,"as detected from PackageJson property ""repository.url""",https://momentjs.com,"as detected from PackageJson property ""homepage""",https://github.com/moment/moment/issues,"as detected from PackageJson property ""bugs.url""",,,,,,active,Active in npm registry,2026-09-15T01:07:26.443Z
library,@mojaloop/event-sdk@14.8.5,Apache-2.0,@mojaloop,ModusBox,event-sdk,14.8.5,pkg:npm/%40mojaloop/event-sdk@14.8.5?vcs_url=git%2Bhttps%3A%2F%2Fgithub.com%2Fmojaloop%2Fevent-sdk.git,node_modules/@mojaloop/event-sdk,Shared code for Event Logging,git+https://github.com/mojaloop/event-sdk.git,"as detected from PackageJson property ""repository.url""",https://github.com/mojaloop/event-sdk#readme,"as detected from PackageJson property ""homepage""",https://github.com/mojaloop/event-sdk/issues,"as detected from PackageJson property ""bugs.url""",,,,,,active,Active in npm registry,2026-07-09T20:15:54.580Z
library,@mojaloop/event-sdk@14.8.5|moment@2.30.1,MIT,,Iskren Ivov Chernev,moment,2.30.1,pkg:npm/moment@2.30.1,node_modules/@mojaloop/event-sdk/node_modules/moment,Parse~ validate~ manipulate~ and display dates,git+https://github.com/moment/moment.git,"as detected from PackageJson property ""repository.url""",https://momentjs.com,"as detected from PackageJson property ""homepage""",https://github.com/moment/moment/issues,"as detected from PackageJson property ""bugs.url""",https://registry.npmjs.org/moment/-/moment-2.30.1.tgz,"as detected from npm-ls property ""resolved""",,,iskren.chernev@gmail.com,active,Active in npm registry,2026-09-15T01:07:26.443Z
library,@mojaloop/inter-scheme-proxy-cache-lib@2.10.0,Apache-2.0,@mojaloop,Eugen Klymniuk,inter-scheme-proxy-cache-lib,2.10.0,pkg:npm/%40mojaloop/inter-scheme-proxy-cache-lib@2.10.0?vcs_url=git%2Bhttps%3A%2F%2Fgithub.com%2Fmojaloop%2Finter-scheme-proxy-cache-lib.git,node_modules/@mojaloop/inter-scheme-proxy-cache-lib,Common component~ that provides scheme proxy caching mapping (ISPC),git+https://github.com/mojaloop/inter-scheme-proxy-cache-lib.git,"as detected from PackageJson property ""repository.url""",https://github.com/mojaloop/inter-scheme-proxy-cache-lib#readme,"as detected from PackageJson property ""homepage""",https://github.com/mojaloop/inter-scheme-proxy-cache-lib/issues,"as detected from PackageJson property ""bugs.url""",,,,,,active,Active in npm registry,2026-03-19T14:57:11.796Z
library,@mojaloop/inter-scheme-proxy-cache-lib@2.10.0|@mojaloop/central-services-logger@11.10.4,Apache-2.0,@mojaloop,ModusBox,central-services-logger,11.10.4,pkg:npm/%40mojaloop/central-services-logger@11.10.4,node_modules/@mojaloop/inter-scheme-proxy-cache-lib/node_modules/@mojaloop/central-services-logger,Mojaloop common logging library,git+https://github.com/mojaloop/central-services-logger.git,"as detected from PackageJson property ""repository.url""",https://github.com/mojaloop/central-services-logger#readme,"as detected from PackageJson property ""homepage""",https://github.com/mojaloop/central-services-logger/issues,"as detected from PackageJson property ""bugs.url""",https://registry.npmjs.org/@mojaloop/central-services-logger/-/central-services-logger-11.10.4.tgz,"as detected from npm-ls property ""resolved""",,,,active,Active in npm registry,2026-09-03T06:07:22.725Z
library,@mojaloop/inter-scheme-proxy-cache-lib@2.10.0|@opentelemetry/api@1.9.0,Apache-2.0,@opentelemetry,OpenTelemetry Authors,api,1.9.0,pkg:npm/%40opentelemetry/api@1.9.0,node_modules/@mojaloop/inter-scheme-proxy-cache-lib/node_modules/@opentelemetry/api,Public API for OpenTelemetry,git+https://github.com/open-telemetry/opentelemetry-js.git,"as detected from PackageJson property ""repository.url""",https://github.com/open-telemetry/opentelemetry-js/tree/main/api,"as detected from PackageJson property ""homepage""",https://github.com/open-telemetry/opentelemetry-js/issues,"as detected from PackageJson property ""bugs.url""",https://registry.npmjs.org/@opentelemetry/api/-/api-1.9.0.tgz,"as detected from npm-ls property ""resolved""",,,,active,Active in npm registry,2026-05-01T17:14:51.479Z
library,ajv-formats@3.0.1,MIT,,Evgeny Poberezkin,ajv-formats,3.0.1,pkg:npm/ajv-formats@3.0.1,node_modules/ajv-formats,Format validation for Ajv v7+,git+https://github.com/ajv-validator/ajv-formats.git,"as detected from PackageJson property ""repository.url""",https://github.com/ajv-validator/ajv-formats#readme,"as detected from PackageJson property ""homepage""",https://github.com/ajv-validator/ajv-formats/issues,"as detected from PackageJson property ""bugs.url""",https://registry.npmjs.org/ajv-formats/-/ajv-formats-3.0.1.tgz,"as detected from npm-ls property ""resolved""",,,,active,Active in npm registry,2024-03-30T11:30:26.893Z
library,ajv@8.20.0,MIT,,Evgeny Poberezkin,ajv,8.20.0,pkg:npm/ajv@8.20.0?vcs_url=git%2Bhttps%3A%2F%2Fgithub.com%2Fajv-validator%2Fajv.git,node_modules/ajv,Another JSON Schema Validator,git+https://github.com/ajv-validator/ajv.git,"as detected from PackageJson property ""repository.url""",https://ajv.js.org,"as detected from PackageJson property ""homepage""",https://github.com/ajv-validator/ajv/issues,"as detected from PackageJson property ""bugs.url""",,,,,,active,Active in npm registry,2026-04-24T15:22:16.643Z
library,ajv-keywords@5.1.0,MIT,,Evgeny Poberezkin,ajv-keywords,5.1.0,pkg:npm/ajv-keywords@5.1.0?vcs_url=git%2Bhttps%3A%2F%2Fgithub.com%2Fepoberezkin%2Fajv-keywords.git,node_modules/ajv-keywords,Additional JSON-Schema keywords for Ajv JSON validator,git+https://github.com/epoberezkin/ajv-keywords.git,"as detected from PackageJson property ""repository.url""",https://github.com/epoberezkin/ajv-keywords#readme,"as detected from PackageJson property ""homepage""",https://github.com/epoberezkin/ajv-keywords/issues,"as detected from PackageJson property ""bugs.url""",,,,,,active,Active in npm registry,2022-06-13T02:34:05.200Z
library,async-exit-hook@2.0.1,MIT,,Tapani Moilanen,async-exit-hook,2.0.1,pkg:npm/async-exit-hook@2.0.1,node_modules/async-exit-hook,Run some code when the process exits (supports async hooks and pm2 clustering),git+https://github.com/tapppi/async-exit-hook.git,"as detected from PackageJson property ""repository.url""",https://github.com/tapppi/async-exit-hook#readme,"as detected from PackageJson property ""homepage""",https://github.com/tapppi/async-exit-hook/issues,"as detected from PackageJson property ""bugs.url""",https://registry.npmjs.org/async-exit-hook/-/async-exit-hook-2.0.1.tgz,"as detected from npm-ls property ""resolved""",,,moilanen.tapani@gmail.com,active,Active in npm registry,2022-06-13T03:36:51.685Z
library,async-retry@1.3.3,MIT,,,async-retry,1.3.3,pkg:npm/async-retry@1.3.3?vcs_url=git%2Bhttps%3A%2F%2Fgithub.com%2Fvercel%2Fasync-retry.git,node_modules/async-retry,Retrying made simple~ easy and async,git+https://github.com/vercel/async-retry.git,"as detected from PackageJson property ""repository.url""",https://github.com/vercel/async-retry#readme,"as detected from PackageJson property ""homepage""",https://github.com/vercel/async-retry/issues,"as detected from PackageJson property ""bugs.url""",,,,,,active,Active in npm registry,2026-02-25T04:30:32.258Z
library,axios@1.18.1,MIT,,Matt Zabriskie,axios,1.18.1,pkg:npm/axios@1.18.1,node_modules/axios,Promise based HTTP client for the browser and node.js,git+https://github.com/axios/axios.git,"as detected from PackageJson property ""repository.url""",https://axios-http.com,"as detected from PackageJson property ""homepage""",https://github.com/axios/axios/issues,"as detected from PackageJson property ""bugs.url""",https://registry.npmjs.org/axios/-/axios-1.18.1.tgz,"as detected from npm-ls property ""resolved""",,,,active,Active in npm registry,2026-09-16T07:18:01.471Z
library,axios@1.18.1|https-proxy-agent@5.0.1,MIT,,Nathan Rajlich,https-proxy-agent,5.0.1,pkg:npm/https-proxy-agent@5.0.1,node_modules/axios/node_modules/https-proxy-agent,An HTTP(s) proxy `http.Agent` implementation for HTTPS,git://github.com/TooTallNate/node-https-proxy-agent.git,"as detected from PackageJson property ""repository.url""",https://github.com/TooTallNate/node-https-proxy-agent#readme,"as detected from PackageJson property ""homepage""",https://github.com/TooTallNate/node-https-proxy-agent/issues,"as detected from PackageJson property ""bugs.url""",https://registry.npmjs.org/https-proxy-agent/-/https-proxy-agent-5.0.1.tgz,"as detected from npm-ls property ""resolved""",,,nathan@tootallnate.net,active,Active in npm registry,2026-06-08T16:47:28.305Z
library,axios@1.18.1|agent-base@6.0.2,MIT,,Nathan Rajlich,agent-base,6.0.2,pkg:npm/agent-base@6.0.2,node_modules/axios/node_modules/agent-base,Turn a function into an `http.Agent` instance,git://github.com/TooTallNate/node-agent-base.git,"as detected from PackageJson property ""repository.url""",https://github.com/TooTallNate/node-agent-base#readme,"as detected from PackageJson property ""homepage""",https://github.com/TooTallNate/node-agent-base/issues,"as detected from PackageJson property ""bugs.url""",https://registry.npmjs.org/agent-base/-/agent-base-6.0.2.tgz,"as detected from npm-ls property ""resolved""",,,nathan@tootallnate.net,active,Active in npm registry,2026-04-01T06:57:34.468Z
library,follow-redirects@1.16.0,MIT,,Ruben Verborgh,follow-redirects,1.16.0,pkg:npm/follow-redirects@1.16.0,node_modules/follow-redirects,HTTP and HTTPS modules that follow redirects.,git+ssh://git@github.com/follow-redirects/follow-redirects.git,"as detected from PackageJson property ""repository.url""",https://github.com/follow-redirects/follow-redirects,"as detected from PackageJson property ""homepage""",https://github.com/follow-redirects/follow-redirects/issues,"as detected from PackageJson property ""bugs.url""",https://registry.npmjs.org/follow-redirects/-/follow-redirects-1.16.0.tgz,"as detected from npm-ls property ""resolved""",,,ruben@verborgh.org,active,Active in npm registry,2026-04-13T11:03:45.321Z
library,form-data@4.0.6,MIT,,Felix Geisendörfer,form-data,4.0.6,pkg:npm/form-data@4.0.6,node_modules/form-data,A library to create readable multipart/form-data streams. Can be used to submit forms and file uploads to other web applications.,git://github.com/form-data/form-data.git,"as detected from PackageJson property ""repository.url""",https://github.com/form-data/form-data#readme,"as detected from PackageJson property ""homepage""",https://github.com/form-data/form-data/issues,"as detected from PackageJson property ""bugs.url""",https://registry.npmjs.org/form-data/-/form-data-4.0.6.tgz,"as detected from npm-ls property ""resolved""",,,felix@debuggable.com,active,Active in npm registry,2026-06-12T17:39:55.772Z
library,asynckit@0.4.0,MIT,,Alex Indigo,asynckit,0.4.0,pkg:npm/asynckit@0.4.0,node_modules/asynckit,Minimal async jobs utility library~ with streams support,git+https://github.com/alexindigo/asynckit.git,"as detected from PackageJson property ""repository.url""",https://github.com/alexindigo/asynckit#readme,"as detected from PackageJson property ""homepage""",https://github.com/alexindigo/asynckit/issues,"as detected from PackageJson property ""bugs.url""",https://registry.npmjs.org/asynckit/-/asynckit-0.4.0.tgz,"as detected from npm-ls property ""resolved""",,,iam@alexindigo.com,active,Active in npm registry,2025-12-18T03:11:43.263Z
library,combined-stream@1.0.8,MIT,,Felix Geisendörfer,combined-stream,1.0.8,pkg:npm/combined-stream@1.0.8,node_modules/combined-stream,A stream that emits multiple other streams one after another.,git://github.com/felixge/node-combined-stream.git,"as detected from PackageJson property ""repository.url""",https://github.com/felixge/node-combined-stream,"as detected from PackageJson property ""homepage""",https://github.com/felixge/node-combined-stream/issues,"as detected from PackageJson property ""bugs.url""",https://registry.npmjs.org/combined-stream/-/combined-stream-1.0.8.tgz,"as detected from npm-ls property ""resolved""",,,felix@debuggable.com,active,Active in npm registry,2022-06-13T06:33:58.025Z
library,delayed-stream@1.0.0,MIT,,Felix Geisendörfer,delayed-stream,1.0.0,pkg:npm/delayed-stream@1.0.0,node_modules/delayed-stream,Buffers events from a stream until you are ready to handle them.,git://github.com/felixge/node-delayed-stream.git,"as detected from PackageJson property ""repository.url""",https://github.com/felixge/node-delayed-stream,"as detected from PackageJson property ""homepage""",https://github.com/felixge/node-delayed-stream/issues,"as detected from PackageJson property ""bugs.url""",https://registry.npmjs.org/delayed-stream/-/delayed-stream-1.0.0.tgz,"as detected from npm-ls property ""resolved""",,,felix@debuggable.com,active,Active in npm registry,2022-06-14T23:48:45.969Z
library,es-set-tostringtag@2.1.0,MIT,,Jordan Harband,es-set-tostringtag,2.1.0,pkg:npm/es-set-tostringtag@2.1.0,node_modules/es-set-tostringtag,A helper to optimistically set Symbol.toStringTag~ when possible.,git+https://github.com/es-shims/es-set-tostringtag.git,"as detected from PackageJson property ""repository.url""",https://github.com/es-shims/es-set-tostringtag#readme,"as detected from PackageJson property ""homepage""",https://github.com/es-shims/es-set-tostringtag/issues,"as detected from PackageJson property ""bugs.url""",https://registry.npmjs.org/es-set-tostringtag/-/es-set-tostringtag-2.1.0.tgz,"as detected from npm-ls property ""resolved""",,,ljharb@gmail.com,active,Active in npm registry,2025-01-02T04:44:14.598Z
library,es-errors@1.3.0,MIT,,Jordan Harband,es-errors,1.3.0,pkg:npm/es-errors@1.3.0?vcs_url=git%2Bhttps%3A%2F%2Fgithub.com%2Fljharb%2Fes-errors.git,node_modules/es-errors,A simple cache for a few of the JS Error constructors.,git+https://github.com/ljharb/es-errors.git,"as detected from PackageJson property ""repository.url""",https://github.com/ljharb/es-errors#readme,"as detected from PackageJson property ""homepage""",https://github.com/ljharb/es-errors/issues,"as detected from PackageJson property ""bugs.url""",,,,,ljharb@gmail.com,active,Active in npm registry,2024-02-05T08:05:51.669Z
library,get-intrinsic@1.3.0,MIT,,Jordan Harband,get-intrinsic,1.3.0,pkg:npm/get-intrinsic@1.3.0?vcs_url=git%2Bhttps%3A%2F%2Fgithub.com%2Fljharb%2Fget-intrinsic.git,node_modules/get-intrinsic,Get and robustly cache all JS language-level intrinsics at first require time,git+https://github.com/ljharb/get-intrinsic.git,"as detected from PackageJson property ""repository.url""",https://github.com/ljharb/get-intrinsic#readme,"as detected from PackageJson property ""homepage""",https://github.com/ljharb/get-intrinsic/issues,"as detected from PackageJson property ""bugs.url""",,,,,ljharb@gmail.com,active,Active in npm registry,2025-09-30T16:34:34.522Z
library,has-tostringtag@1.0.2,MIT,,Jordan Harband,has-tostringtag,1.0.2,pkg:npm/has-tostringtag@1.0.2?vcs_url=git%2Bhttps%3A%2F%2Fgithub.com%2Finspect-js%2Fhas-tostringtag.git,node_modules/has-tostringtag,Determine if the JS environment has `Symbol.toStringTag` support. Supports spec~ or shams.,git+https://github.com/inspect-js/has-tostringtag.git,"as detected from PackageJson property ""repository.url""",https://github.com/inspect-js/has-tostringtag#readme,"as detected from PackageJson property ""homepage""",https://github.com/inspect-js/has-tostringtag/issues,"as detected from PackageJson property ""bugs.url""",,,,,ljharb@gmail.com,active,Active in npm registry,2024-02-01T21:44:00.323Z
library,hasown@2.0.4,MIT,,Jordan Harband,hasown,2.0.4,pkg:npm/hasown@2.0.4?vcs_url=git%2Bhttps%3A%2F%2Fgithub.com%2Finspect-js%2FhasOwn.git,node_modules/hasown,A robust~ ES3 compatible~ has own property predicate.,git+https://github.com/inspect-js/hasOwn.git,"as detected from PackageJson property ""repository.url""",https://github.com/inspect-js/hasOwn#readme,"as detected from PackageJson property ""homepage""",https://github.com/inspect-js/hasOwn/issues,"as detected from PackageJson property ""bugs.url""",,,,,ljharb@gmail.com,active,Active in npm registry,2026-05-28T18:11:40.044Z
library,mime-types@2.1.35,MIT,,,mime-types,2.1.35,pkg:npm/mime-types@2.1.35,node_modules/mime-types,The ultimate javascript content-type utility.,git+https://github.com/jshttp/mime-types.git,"as detected from PackageJson property ""repository.url""",https://github.com/jshttp/mime-types#readme,"as detected from PackageJson property ""homepage""",https://github.com/jshttp/mime-types/issues,"as detected from PackageJson property ""bugs.url""",https://registry.npmjs.org/mime-types/-/mime-types-2.1.35.tgz,"as detected from npm-ls property ""resolved""",,,,active,Active in npm registry,2025-11-20T11:12:29.913Z
library,mime-types@2.1.35|mime-db@1.52.0,MIT,,,mime-db,1.52.0,pkg:npm/mime-db@1.52.0,node_modules/mime-types/node_modules/mime-db,Media Type Database,git+https://github.com/jshttp/mime-db.git,"as detected from PackageJson property ""repository.url""",https://github.com/jshttp/mime-db#readme,"as detected from PackageJson property ""homepage""",https://github.com/jshttp/mime-db/issues,"as detected from PackageJson property ""bugs.url""",https://registry.npmjs.org/mime-db/-/mime-db-1.52.0.tgz,"as detected from npm-ls property ""resolved""",,,,active,Active in npm registry,2025-05-14T14:56:01.096Z
library,debug@4.4.3,MIT,,Josh Junon,debug,4.4.3,pkg:npm/debug@4.4.3?vcs_url=git%3A%2F%2Fgithub.com%2Fdebug-js%2Fdebug.git,node_modules/debug,Lightweight debugging utility for Node.js and the browser,git://github.com/debug-js/debug.git,"as detected from PackageJson property ""repository.url""",https://github.com/debug-js/debug#readme,"as detected from PackageJson property ""homepage""",https://github.com/debug-js/debug/issues,"as detected from PackageJson property ""bugs.url""",,,,,,active,Active in npm registry,2025-09-13T17:25:19.913Z
library,proxy-from-env@2.1.0,MIT,,Rob Wu,proxy-from-env,2.1.0,pkg:npm/proxy-from-env@2.1.0,node_modules/proxy-from-env,Offers getProxyForUrl to get the proxy URL for a URL~ respecting the *_PROXY (e.g. HTTP_PROXY) and NO_PROXY environment variables.,git+https://github.com/Rob--W/proxy-from-env.git,"as detected from PackageJson property ""repository.url""",https://github.com/Rob--W/proxy-from-env#readme,"as detected from PackageJson property ""homepage""",https://github.com/Rob--W/proxy-from-env/issues,"as detected from PackageJson property ""bugs.url""",https://registry.npmjs.org/proxy-from-env/-/proxy-from-env-2.1.0.tgz,"as detected from npm-ls property ""resolved""",,,rob@robwu.nl,active,Active in npm registry,2026-03-14T18:32:48.065Z
library,clone@2.1.2,MIT,,Paul Vorbach,clone,2.1.2,pkg:npm/clone@2.1.2,node_modules/clone,deep cloning of objects and arrays,git://github.com/pvorb/node-clone.git,"as detected from PackageJson property ""repository.url""",https://github.com/pvorb/node-clone#readme,"as detected from PackageJson property ""homepage""",https://github.com/pvorb/node-clone/issues,"as detected from PackageJson property ""bugs.url""",https://registry.npmjs.org/clone/-/clone-2.1.2.tgz,"as detected from npm-ls property ""resolved""",,,paul@vorba.ch,active,Active in npm registry,2023-07-12T19:09:25.110Z
library,convict@6.2.5,Apache-2.0,,Lloyd Hilaiel,convict,6.2.5,pkg:npm/convict@6.2.5#master,node_modules/convict,Featureful configuration management library for Node.js (nested structure~ schema validation~ etc.),git+https://github.com/mozilla/node-convict.git#master,"as detected from PackageJson property ""repository.url""",https://github.com/mozilla/node-convict,"as detected from PackageJson property ""homepage""",https://github.com/mozilla/node-convict/issues,"as detected from PackageJson property ""bugs.url""",https://registry.npmjs.org/convict/-/convict-6.2.5.tgz,"as detected from npm-ls property ""resolved""",,,lloyd@hilaiel.com,active,Active in npm registry,2026-03-19T20:28:36.616Z
library,lodash.clonedeep@4.5.0,MIT,,John-David Dalton,lodash.clonedeep,4.5.0,pkg:npm/lodash.clonedeep@4.5.0,node_modules/lodash.clonedeep,The lodash method `_.cloneDeep` exported as a module.,git+https://github.com/lodash/lodash.git,"as detected from PackageJson property ""repository.url""",https://lodash.com/,"as detected from PackageJson property ""homepage""",https://github.com/lodash/lodash/issues,"as detected from PackageJson property ""bugs.url""",https://registry.npmjs.org/lodash.clonedeep/-/lodash.clonedeep-4.5.0.tgz,"as detected from npm-ls property ""resolved""",,,john.david.dalton@gmail.com,active,Active in npm registry,2022-06-19T13:34:08.112Z
library,yargs-parser@21.1.1,ISC,,Ben Coe,yargs-parser,21.1.1,pkg:npm/yargs-parser@21.1.1,node_modules/yargs-parser,the mighty option parser used by yargs,git+https://github.com/yargs/yargs-parser.git,"as detected from PackageJson property ""repository.url""",https://github.com/yargs/yargs-parser#readme,"as detected from PackageJson property ""homepage""",https://github.com/yargs/yargs-parser/issues,"as detected from PackageJson property ""bugs.url""",https://registry.npmjs.org/yargs-parser/-/yargs-parser-21.1.1.tgz,"as detected from npm-ls property ""resolved""",,,ben@npmjs.com,active,Active in npm registry,2026-08-20T21:27:55.777Z
library,immutable@5.1.8,MIT,,Lee Byron,immutable,5.1.8,pkg:npm/immutable@5.1.8,node_modules/immutable,Immutable Data Collections,git://github.com/immutable-js/immutable-js.git,"as detected from PackageJson property ""repository.url""",https://immutable-js.com,"as detected from PackageJson property ""homepage""",https://github.com/immutable-js/immutable-js/issues,"as detected from PackageJson property ""bugs.url""",https://registry.npmjs.org/immutable/-/immutable-5.1.8.tgz,"as detected from npm-ls property ""resolved""",,,,active,Active in npm registry,2026-08-16T22:28:51.119Z
library,ioredis@5.6.1,MIT,,Zihua Li,ioredis,5.6.1,pkg:npm/ioredis@5.6.1,node_modules/ioredis,A robust~ performance-focused and full-featured Redis client for Node.js.,git://github.com/luin/ioredis.git,"as detected from PackageJson property ""repository.url""",https://github.com/luin/ioredis#readme,"as detected from PackageJson property ""homepage""",https://github.com/luin/ioredis/issues,"as detected from PackageJson property ""bugs.url""",https://registry.npmjs.org/ioredis/-/ioredis-5.6.1.tgz,"as detected from npm-ls property ""resolved""",,,i@zihua.li,active,Active in npm registry,2026-07-31T15:03:15.669Z
library,@ioredis/commands@1.11.0,MIT,@ioredis,Zihua Li,commands,1.11.0,pkg:npm/%40ioredis/commands@1.11.0,node_modules/@ioredis/commands,Redis commands,git+https://github.com/ioredis/commands.git,"as detected from PackageJson property ""repository.url""",https://github.com/ioredis/commands,"as detected from PackageJson property ""homepage""",https://github.com/ioredis/commands/issues,"as detected from PackageJson property ""bugs.url""",https://registry.npmjs.org/@ioredis/commands/-/commands-1.11.0.tgz,"as detected from npm-ls property ""resolved""",,,i@zihua.li,active,Active in npm registry,2026-07-28T12:12:18.667Z
library,cluster-key-slot@1.1.2,Apache-2.0,,Mike Diarmid,cluster-key-slot,1.1.2,pkg:npm/cluster-key-slot@1.1.2,node_modules/cluster-key-slot,Generates CRC hashes for strings - for use by node redis clients to determine key slots.,git+https://github.com/Salakar/cluster-key-slot.git,"as detected from PackageJson property ""repository.url""",https://github.com/Salakar/cluster-key-slot#readme,"as detected from PackageJson property ""homepage""",https://github.com/Salakar/cluster-key-slot/issues,"as detected from PackageJson property ""bugs.url""",https://registry.npmjs.org/cluster-key-slot/-/cluster-key-slot-1.1.2.tgz,"as detected from npm-ls property ""resolved""",,,mike.diarmid@gmail.com,active,Active in npm registry,2022-11-01T14:03:06.386Z
library,denque@2.1.0,Apache-2.0,,Invertase,denque,2.1.0,pkg:npm/denque@2.1.0,node_modules/denque,The fastest javascript implementation of a double-ended queue. Used by the official Redis~ MongoDB~ MariaDB & MySQL libraries for Node.js and many other libraries. Maintains compatability with deque.,git+https://github.com/invertase/denque.git,"as detected from PackageJson property ""repository.url""",https://docs.page/invertase/denque,"as detected from PackageJson property ""homepage""",https://github.com/invertase/denque/issues,"as detected from PackageJson property ""bugs.url""",https://registry.npmjs.org/denque/-/denque-2.1.0.tgz,"as detected from npm-ls property ""resolved""",,,oss@invertase.io,active,Active in npm registry,2023-11-14T07:02:16.825Z
library,lodash.defaults@4.2.0,MIT,,John-David Dalton,lodash.defaults,4.2.0,pkg:npm/lodash.defaults@4.2.0,node_modules/lodash.defaults,The lodash method `_.defaults` exported as a module.,git+https://github.com/lodash/lodash.git,"as detected from PackageJson property ""repository.url""",https://lodash.com/,"as detected from PackageJson property ""homepage""",https://github.com/lodash/lodash/issues,"as detected from PackageJson property ""bugs.url""",https://registry.npmjs.org/lodash.defaults/-/lodash.defaults-4.2.0.tgz,"as detected from npm-ls property ""resolved""",,,john.david.dalton@gmail.com,active,Active in npm registry,2022-06-19T13:34:36.413Z
library,lodash.isarguments@3.1.0,MIT,,John-David Dalton,lodash.isarguments,3.1.0,pkg:npm/lodash.isarguments@3.1.0,node_modules/lodash.isarguments,The lodash method `_.isArguments` exported as a module.,git+https://github.com/lodash/lodash.git,"as detected from PackageJson property ""repository.url""",https://lodash.com/,"as detected from PackageJson property ""homepage""",https://github.com/lodash/lodash/issues,"as detected from PackageJson property ""bugs.url""",https://registry.npmjs.org/lodash.isarguments/-/lodash.isarguments-3.1.0.tgz,"as detected from npm-ls property ""resolved""",,,john.david.dalton@gmail.com,active,Active in npm registry,2022-06-19T13:35:43.971Z
library,redis-errors@1.2.0,MIT,,Ruben Bridgewater,redis-errors,1.2.0,pkg:npm/redis-errors@1.2.0,node_modules/redis-errors,Error classes used in node_redis,git+https://github.com/NodeRedis/redis-errors.git,"as detected from PackageJson property ""repository.url""",https://github.com/NodeRedis/redis-errors#readme,"as detected from PackageJson property ""homepage""",https://github.com/NodeRedis/redis-errors/issues,"as detected from PackageJson property ""bugs.url""",https://registry.npmjs.org/redis-errors/-/redis-errors-1.2.0.tgz,"as detected from npm-ls property ""resolved""",,,,active,Active in npm registry,2022-06-26T09:44:36.651Z
library,redis-parser@3.0.0,MIT,,Ruben Bridgewater,redis-parser,3.0.0,pkg:npm/redis-parser@3.0.0,node_modules/redis-parser,Javascript Redis protocol (RESP) parser,git+https://github.com/NodeRedis/node-redis-parser.git,"as detected from PackageJson property ""repository.url""",https://github.com/NodeRedis/node-redis-parser#readme,"as detected from PackageJson property ""homepage""",https://github.com/NodeRedis/node-redis-parser/issues,"as detected from PackageJson property ""bugs.url""",https://registry.npmjs.org/redis-parser/-/redis-parser-3.0.0.tgz,"as detected from npm-ls property ""resolved""",,,,active,Active in npm registry,2022-06-26T09:47:14.583Z
library,standard-as-callback@2.1.0,MIT,,luin,standard-as-callback,2.1.0,pkg:npm/standard-as-callback@2.1.0,node_modules/standard-as-callback,A performant and standard (Bluebird) library that registers a node-style callback on a promise,git+https://github.com/luin/asCallback.git,"as detected from PackageJson property ""repository.url""",https://github.com/luin/asCallback#readme,"as detected from PackageJson property ""homepage""",https://github.com/luin/asCallback/issues,"as detected from PackageJson property ""bugs.url""",https://registry.npmjs.org/standard-as-callback/-/standard-as-callback-2.1.0.tgz,"as detected from npm-ls property ""resolved""",,,i@zihua.li,active,Active in npm registry,2022-05-18T15:00:43.172Z
library,joi@18.2.9,BSD-3-Clause,,,joi,18.2.9,pkg:npm/joi@18.2.9?vcs_url=git%3A%2F%2Fgithub.com%2Fhapijs%2Fjoi.git,node_modules/joi,Object schema validation,git://github.com/hapijs/joi.git,"as detected from PackageJson property ""repository.url""",https://github.com/hapijs/joi#readme,"as detected from PackageJson property ""homepage""",https://github.com/hapijs/joi/issues,"as detected from PackageJson property ""bugs.url""",,,,,,active,Active in npm registry,2026-09-11T13:31:54.697Z
library,joi@18.2.9|@hapi/address@5.1.1,BSD-3-Clause,@hapi,,address,5.1.1,pkg:npm/%40hapi/address@5.1.1,node_modules/joi/node_modules/@hapi/address,Email address and domain validation,git://github.com/hapijs/address.git,"as detected from PackageJson property ""repository.url""",https://github.com/hapijs/address#readme,"as detected from PackageJson property ""homepage""",https://github.com/hapijs/address/issues,"as detected from PackageJson property ""bugs.url""",https://registry.npmjs.org/@hapi/address/-/address-5.1.1.tgz,"as detected from npm-ls property ""resolved""",,,,active,Active in npm registry,2026-04-07T19:40:46.701Z
library,joi@18.2.9|@hapi/formula@3.0.2,BSD-3-Clause,@hapi,,formula,3.0.2,pkg:npm/%40hapi/formula@3.0.2,node_modules/joi/node_modules/@hapi/formula,Math and string formula parser.,git://github.com/hapijs/formula.git,"as detected from PackageJson property ""repository.url""",https://github.com/hapijs/formula#readme,"as detected from PackageJson property ""homepage""",https://github.com/hapijs/formula/issues,"as detected from PackageJson property ""bugs.url""",https://registry.npmjs.org/@hapi/formula/-/formula-3.0.2.tgz,"as detected from npm-ls property ""resolved""",,,,active,Active in npm registry,2026-07-01T13:17:26.489Z
library,knex@3.3.0,MIT,,Tim Griesser,knex,3.3.0,pkg:npm/knex@3.3.0?vcs_url=git%3A%2F%2Fgithub.com%2Fknex%2Fknex.git,node_modules/knex,A batteries-included SQL query & schema builder for PostgresSQL~ MySQL~ CockroachDB~ MSSQL and SQLite3,git://github.com/knex/knex.git,"as detected from PackageJson property ""repository.url""",https://knexjs.org/,"as detected from PackageJson property ""homepage""",https://github.com/knex/knex/issues,"as detected from PackageJson property ""bugs.url""",,,,,,active,Active in npm registry,2026-06-26T14:56:43.936Z
library,knex@3.3.0|colorette@2.0.19,MIT,,Jorge Bucaran,colorette,2.0.19,pkg:npm/colorette@2.0.19,node_modules/knex/node_modules/colorette,🌈Easily set your terminal text color & styles.,git+https://github.com/jorgebucaran/colorette.git,"as detected from PackageJson property ""repository.url""",https://github.com/jorgebucaran/colorette#readme,"as detected from PackageJson property ""homepage""",https://github.com/jorgebucaran/colorette/issues,"as detected from PackageJson property ""bugs.url""",https://registry.npmjs.org/colorette/-/colorette-2.0.19.tgz,"as detected from npm-ls property ""resolved""",,,,active,Active in npm registry,2023-04-16T15:34:10.025Z
library,knex@3.3.0|commander@10.0.1,MIT,,TJ Holowaychuk,commander,10.0.1,pkg:npm/commander@10.0.1,node_modules/knex/node_modules/commander,the complete solution for node.js command-line programs,git+https://github.com/tj/commander.js.git,"as detected from PackageJson property ""repository.url""",https://github.com/tj/commander.js#readme,"as detected from PackageJson property ""homepage""",https://github.com/tj/commander.js/issues,"as detected from PackageJson property ""bugs.url""",https://registry.npmjs.org/commander/-/commander-10.0.1.tgz,"as detected from npm-ls property ""resolved""",,,tj@vision-media.ca,active,Active in npm registry,2026-09-02T19:31:26.165Z
library,knex@3.3.0|debug@4.3.4,MIT,,Josh Junon,debug,4.3.4,pkg:npm/debug@4.3.4,node_modules/knex/node_modules/debug,Lightweight debugging utility for Node.js and the browser,git://github.com/debug-js/debug.git,"as detected from PackageJson property ""repository.url""",https://github.com/debug-js/debug#readme,"as detected from PackageJson property ""homepage""",https://github.com/debug-js/debug/issues,"as detected from PackageJson property ""bugs.url""",https://registry.npmjs.org/debug/-/debug-4.3.4.tgz,"as detected from npm-ls property ""resolved""",,,josh.junon@protonmail.com,active,Active in npm registry,2025-09-13T17:25:19.913Z
library,knex@3.3.0|ms@2.1.2,MIT,,,ms,2.1.2,pkg:npm/ms@2.1.2,node_modules/knex/node_modules/ms,Tiny millisecond conversion utility,git+https://github.com/zeit/ms.git,"as detected from PackageJson property ""repository.url""",https://github.com/zeit/ms#readme,"as detected from PackageJson property ""homepage""",https://github.com/zeit/ms/issues,"as detected from PackageJson property ""bugs.url""",https://registry.npmjs.org/ms/-/ms-2.1.2.tgz,"as detected from npm-ls property ""resolved""",,,,active,Active in npm registry,2025-09-08T19:56:54.242Z
library,mustache@4.2.0,MIT,,mustache.js Authors,mustache,4.2.0,pkg:npm/mustache@4.2.0,node_modules/mustache,Logic-less {{mustache}} templates with JavaScript,git+https://github.com/janl/mustache.js.git,"as detected from PackageJson property ""repository.url""",https://github.com/janl/mustache.js,"as detected from PackageJson property ""homepage""",https://github.com/janl/mustache.js/issues,"as detected from PackageJson property ""bugs.url""",https://registry.npmjs.org/mustache/-/mustache-4.2.0.tgz,"as detected from npm-ls property ""resolved""",,,http://github.com/janl/mustache.js,active,Active in npm registry,2024-10-22T17:26:42.327Z
library,mysql2@3.24.4,MIT,,Andrey Sidorov,mysql2,3.24.4,pkg:npm/mysql2@3.24.4,node_modules/mysql2,fast mysql driver. Implements core protocol~ prepared statements~ ssl and compression in native JS,git+https://github.com/sidorares/node-mysql2.git,"as detected from PackageJson property ""repository.url""",https://sidorares.github.io/node-mysql2/docs,"as detected from PackageJson property ""homepage""",https://github.com/sidorares/node-mysql2/issues,"as detected from PackageJson property ""bugs.url""",https://registry.npmjs.org/mysql2/-/mysql2-3.24.4.tgz,"as detected from npm-ls property ""resolved""",,,andrey.sidorov@gmail.com,active,Active in npm registry,2026-09-08T04:05:59.571Z
library,@types/node@26.6.0,MIT,@types,,node,26.6.0,pkg:npm/%40types/node@26.6.0?vcs_url=git%2Bhttps%3A%2F%2Fgithub.com%2FDefinitelyTyped%2FDefinitelyTyped.git#types/node,node_modules/@types/node,TypeScript definitions for node,git+https://github.com/DefinitelyTyped/DefinitelyTyped.git#types/node,"as detected from PackageJson property ""repository.url"" and ""repository.directory""",https://github.com/DefinitelyTyped/DefinitelyTyped/tree/master/types/node,"as detected from PackageJson property ""homepage""",https://github.com/DefinitelyTyped/DefinitelyTyped/issues,"as detected from PackageJson property ""bugs.url""",,,,,,active,Active in npm registry,2026-09-15T20:37:52.148Z
library,aws-ssl-profiles@1.1.2,MIT,,https://github.com/wellwelwel,aws-ssl-profiles,1.1.2,pkg:npm/aws-ssl-profiles@1.1.2,node_modules/aws-ssl-profiles,AWS RDS SSL certificates bundles.,git+https://github.com/mysqljs/aws-ssl-profiles.git,"as detected from PackageJson property ""repository.url""",https://github.com/mysqljs/aws-ssl-profiles#readme,"as detected from PackageJson property ""homepage""",https://github.com/mysqljs/aws-ssl-profiles/issues,"as detected from PackageJson property ""bugs.url""",https://registry.npmjs.org/aws-ssl-profiles/-/aws-ssl-profiles-1.1.2.tgz,"as detected from npm-ls property ""resolved""",,,,active,Active in npm registry,2024-08-30T01:20:23.319Z
library,generate-function@2.3.1,MIT,,Mathias Buus,generate-function,2.3.1,pkg:npm/generate-function@2.3.1,node_modules/generate-function,Module that helps you write generated functions in Node,git+https://github.com/mafintosh/generate-function.git,"as detected from PackageJson property ""repository.url""",https://github.com/mafintosh/generate-function,"as detected from PackageJson property ""homepage""",https://github.com/mafintosh/generate-function/issues,"as detected from PackageJson property ""bugs.url""",https://registry.npmjs.org/generate-function/-/generate-function-2.3.1.tgz,"as detected from npm-ls property ""resolved""",,,,active,Active in npm registry,2022-06-18T05:21:50.896Z
library,is-property@1.0.2,MIT,,Mikola Lysenko,is-property,1.0.2,pkg:npm/is-property@1.0.2,node_modules/is-property,Tests if a JSON property can be accessed using . syntax,git://github.com/mikolalysenko/is-property.git,"as detected from PackageJson property ""repository.url""",https://github.com/mikolalysenko/is-property#readme,"as detected from PackageJson property ""homepage""",https://github.com/mikolalysenko/is-property/issues,"as detected from PackageJson property ""bugs.url""",https://registry.npmjs.org/is-property/-/is-property-1.0.2.tgz,"as detected from npm-ls property ""resolved""",,,,active,Active in npm registry,2022-06-19T02:48:52.177Z
library,iconv-lite@0.7.3,MIT,,Alexander Shtuchkin,iconv-lite,0.7.3,pkg:npm/iconv-lite@0.7.3,node_modules/iconv-lite,Convert character encodings in pure javascript.,git+https://github.com/pillarjs/iconv-lite.git,"as detected from PackageJson property ""repository.url""",https://github.com/pillarjs/iconv-lite,"as detected from PackageJson property ""homepage""",https://github.com/pillarjs/iconv-lite/issues,"as detected from PackageJson property ""bugs.url""",https://registry.npmjs.org/iconv-lite/-/iconv-lite-0.7.3.tgz,"as detected from npm-ls property ""resolved""",,,ashtuchkin@gmail.com,active,Active in npm registry,2026-07-17T17:10:12.328Z
library,safer-buffer@2.1.2,MIT,,Nikita Skovoroda,safer-buffer,2.1.2,pkg:npm/safer-buffer@2.1.2,node_modules/safer-buffer,Modern Buffer API polyfill without footguns,git+https://github.com/ChALkeR/safer-buffer.git,"as detected from PackageJson property ""repository.url""",https://github.com/ChALkeR/safer-buffer#readme,"as detected from PackageJson property ""homepage""",https://github.com/ChALkeR/safer-buffer/issues,"as detected from PackageJson property ""bugs.url""",https://registry.npmjs.org/safer-buffer/-/safer-buffer-2.1.2.tgz,"as detected from npm-ls property ""resolved""",,,chalkerx@gmail.com,active,Active in npm registry,2022-05-16T10:23:00.724Z
library,long@5.3.2,Apache-2.0,,Daniel Wirtz,long,5.3.2,pkg:npm/long@5.3.2,node_modules/long,A Long class for representing a 64-bit two's-complement integer value.,git+https://github.com/dcodeIO/long.js.git,"as detected from PackageJson property ""repository.url""",https://github.com/dcodeIO/long.js#readme,"as detected from PackageJson property ""homepage""",https://github.com/dcodeIO/long.js/issues,"as detected from PackageJson property ""bugs.url""",https://registry.npmjs.org/long/-/long-5.3.2.tgz,"as detected from npm-ls property ""resolved""",,,dcode@dcode.io,active,Active in npm registry,2025-04-17T17:32:06.239Z
library,lru.min@1.1.5,MIT,,https://github.com/wellwelwel,lru.min,1.1.5,pkg:npm/lru.min@1.1.5,node_modules/lru.min,🔥 An extremely fast and efficient LRU cache for JavaScript with high compatibility (including Browsers).,git+https://github.com/wellwelwel/lru.min.git,"as detected from PackageJson property ""repository.url""",https://github.com/wellwelwel/lru.min#readme,"as detected from PackageJson property ""homepage""",https://github.com/wellwelwel/lru.min/issues,"as detected from PackageJson property ""bugs.url""",https://registry.npmjs.org/lru.min/-/lru.min-1.1.5.tgz,"as detected from npm-ls property ""resolved""",,,,active,Active in npm registry,2026-09-01T16:20:33.036Z
library,named-placeholders@1.1.6,MIT,,Andrey Sidorov,named-placeholders,1.1.6,pkg:npm/named-placeholders@1.1.6,node_modules/named-placeholders,sql named placeholders to unnamed compiler,git+https://github.com/mysqljs/named-placeholders.git,"as detected from PackageJson property ""repository.url""",https://github.com/mysqljs/named-placeholders#readme,"as detected from PackageJson property ""homepage""",https://github.com/mysqljs/named-placeholders/issues,"as detected from PackageJson property ""bugs.url""",https://registry.npmjs.org/named-placeholders/-/named-placeholders-1.1.6.tgz,"as detected from npm-ls property ""resolved""",,,sidorares@yandex.com,active,Active in npm registry,2025-12-15T22:38:08.280Z
library,sql-escaper@1.5.2,MIT,,https://github.com/mysqljs,sql-escaper,1.5.2,pkg:npm/sql-escaper@1.5.2,node_modules/sql-escaper,🛡️ Faster SQL escape and format for JavaScript (Node.js~ Bun~ and Deno).,git+https://github.com/mysqljs/sql-escaper.git,"as detected from PackageJson property ""repository.url""",https://github.com/mysqljs/sql-escaper#readme,"as detected from PackageJson property ""homepage""",https://github.com/mysqljs/sql-escaper/issues,"as detected from PackageJson property ""bugs.url""",https://registry.npmjs.org/sql-escaper/-/sql-escaper-1.5.2.tgz,"as detected from npm-ls property ""resolved""",,,,active,Active in npm registry,2026-09-14T01:15:37.495Z
library,openapi-backend@5.20.1,MIT,,Viljami Kuosmanen,openapi-backend,5.20.1,pkg:npm/openapi-backend@5.20.1,node_modules/openapi-backend,Build~ Validate~ Route~ Authenticate and Mock using OpenAPI definitions. Framework-agnostic,git+https://github.com/openapistack/openapi-backend.git,"as detected from PackageJson property ""repository.url""",https://openapistack.co,"as detected from PackageJson property ""homepage""",https://github.com/openapistack/openapi-backend/issues,"as detected from PackageJson property ""bugs.url""",https://registry.npmjs.org/openapi-backend/-/openapi-backend-5.20.1.tgz,"as detected from npm-ls property ""resolved""",,,viljami@viljami.io,active,Active in npm registry,2026-09-15T17:16:28.670Z
library,openapi-backend@5.20.1|@apidevtools/json-schema-ref-parser@11.9.3,MIT,@apidevtools,James Messinger,json-schema-ref-parser,11.9.3,pkg:npm/%40apidevtools/json-schema-ref-parser@11.9.3,node_modules/openapi-backend/node_modules/@apidevtools/json-schema-ref-parser,Parse~ Resolve~ and Dereference JSON Schema $ref pointers,git+https://github.com/APIDevTools/json-schema-ref-parser.git,"as detected from PackageJson property ""repository.url""",https://apitools.dev/json-schema-ref-parser/,"as detected from PackageJson property ""homepage""",https://github.com/APIDevTools/json-schema-ref-parser/issues,"as detected from PackageJson property ""bugs.url""",https://registry.npmjs.org/@apidevtools/json-schema-ref-parser/-/json-schema-ref-parser-11.9.3.tgz,"as detected from npm-ls property ""resolved""",,,,active,Active in npm registry,2026-09-06T02:39:03.172Z
library,@jsdevtools/ono@7.1.3,MIT,@jsdevtools,James Messinger,ono,7.1.3,pkg:npm/%40jsdevtools/ono@7.1.3?vcs_url=git%2Bhttps%3A%2F%2Fgithub.com%2FJS-DevTools%2Fono.git,node_modules/@jsdevtools/ono,Throw better errors.,git+https://github.com/JS-DevTools/ono.git,"as detected from PackageJson property ""repository.url""",https://jstools.dev/ono,"as detected from PackageJson property ""homepage""",https://github.com/JS-DevTools/ono/issues,"as detected from PackageJson property ""bugs.url""",,,,,,active,Active in npm registry,2026-01-24T16:03:01.717Z
library,@types/json-schema@7.0.15,MIT,@types,,json-schema,7.0.15,pkg:npm/%40types/json-schema@7.0.15?vcs_url=git%2Bhttps%3A%2F%2Fgithub.com%2FDefinitelyTyped%2FDefinitelyTyped.git#types/json-schema,node_modules/@types/json-schema,TypeScript definitions for json-schema,git+https://github.com/DefinitelyTyped/DefinitelyTyped.git#types/json-schema,"as detected from PackageJson property ""repository.url"" and ""repository.directory""",https://github.com/DefinitelyTyped/DefinitelyTyped/tree/master/types/json-schema,"as detected from PackageJson property ""homepage""",https://github.com/DefinitelyTyped/DefinitelyTyped/issues,"as detected from PackageJson property ""bugs.url""",,,,,,active,Active in npm registry,2025-08-03T07:05:47.377Z
library,js-yaml@4.3.2,MIT,,Vladimir Zapparov,js-yaml,4.3.2,pkg:npm/js-yaml@4.3.2?vcs_url=git%2Bhttps%3A%2F%2Fgithub.com%2Fnodeca%2Fjs-yaml.git,node_modules/js-yaml,YAML 1.2 parser and serializer,git+https://github.com/nodeca/js-yaml.git,"as detected from PackageJson property ""repository.url""",https://github.com/nodeca/js-yaml#readme,"as detected from PackageJson property ""homepage""",https://github.com/nodeca/js-yaml/issues,"as detected from PackageJson property ""bugs.url""",,,,,dervus.grim@gmail.com,active,Active in npm registry,2026-09-13T00:15:39.520Z
library,bath-es5@3.0.3,MIT,,bouzuya,bath-es5,3.0.3,pkg:npm/bath-es5@3.0.3,node_modules/bath-es5,A simple path template engine,git+https://github.com/anttiviljami/bath-es5.git,"as detected from PackageJson property ""repository.url""",https://github.com/anttiviljami/bath-es5#readme,"as detected from PackageJson property ""homepage""",https://github.com/bouzuya/bath/issues,"as detected from PackageJson property ""bugs.url""",https://registry.npmjs.org/bath-es5/-/bath-es5-3.0.3.tgz,"as detected from npm-ls property ""resolved""",,,m@bouzuya.net,active,Active in npm registry,2022-04-11T17:10:32.932Z
library,cookie@1.1.1,MIT,,Roman Shtylman,cookie,1.1.1,pkg:npm/cookie@1.1.1,node_modules/cookie,HTTP server cookie parsing and serialization,git+https://github.com/jshttp/cookie.git,"as detected from PackageJson property ""repository.url""",https://github.com/jshttp/cookie#readme,"as detected from PackageJson property ""homepage""",https://github.com/jshttp/cookie/issues,"as detected from PackageJson property ""bugs.url""",https://registry.npmjs.org/cookie/-/cookie-1.1.1.tgz,"as detected from npm-ls property ""resolved""",,,shtylman@gmail.com,active,Active in npm registry,2026-06-30T22:15:14.284Z
library,dereference-json-schema@0.2.3,MIT,,Viljami Kuosmanen,dereference-json-schema,0.2.3,pkg:npm/dereference-json-schema@0.2.3,node_modules/dereference-json-schema,Dereference $ref pointers in JSONSchema or OpenAPI documents.,git+https://github.com/anttiviljami/dereference-json-schema.git,"as detected from PackageJson property ""repository.url""",https://github.com/anttiviljami/dereference-json-schema#readme,"as detected from PackageJson property ""homepage""",https://github.com/anttiviljami/dereference-json-schema/issues,"as detected from PackageJson property ""bugs.url""",https://registry.npmjs.org/dereference-json-schema/-/dereference-json-schema-0.2.3.tgz,"as detected from npm-ls property ""resolved""",,,viljami@viljami.io,active,Active in npm registry,2026-07-25T07:47:45.517Z
library,mock-json-schema@1.1.2,MIT,,Viljami Kuosmanen,mock-json-schema,1.1.2,pkg:npm/mock-json-schema@1.1.2,node_modules/mock-json-schema,Simple utility to mock example objects based on JSON schema definitions,git+https://github.com/anttiviljami/mock-json-schema.git,"as detected from PackageJson property ""repository.url""",https://github.com/anttiviljami/mock-json-schema,"as detected from PackageJson property ""homepage""",https://github.com/anttiviljami/mock-json-schema/issues,"as detected from PackageJson property ""bugs.url""",https://registry.npmjs.org/mock-json-schema/-/mock-json-schema-1.1.2.tgz,"as detected from npm-ls property ""resolved""",,,viljami@avoinsorsa.fi,active,Active in npm registry,2026-09-15T16:58:33.523Z
library,openapi-schema-validator@12.1.3,MIT,,Joseph Spencer,openapi-schema-validator,12.1.3,pkg:npm/openapi-schema-validator@12.1.3#master,node_modules/openapi-schema-validator,A validator for OpenAPI documents.,git+https://github.com/kogosoftwarellc/open-api.git#master,"as detected from PackageJson property ""repository.url""",https://github.com/kogosoftwarellc/open-api/tree/master/packages/openapi-schema-validator#readme,"as detected from PackageJson property ""homepage""",https://github.com/kogosoftwarellc/open-api/issues,"as detected from PackageJson property ""bugs.url""",https://registry.npmjs.org/openapi-schema-validator/-/openapi-schema-validator-12.1.3.tgz,"as detected from npm-ls property ""resolved""",,,,active,Active in npm registry,2023-05-24T22:26:41.190Z
library,openapi-schema-validator@12.1.3|ajv-formats@2.1.1,MIT,,Evgeny Poberezkin,ajv-formats,2.1.1,pkg:npm/ajv-formats@2.1.1,node_modules/openapi-schema-validator/node_modules/ajv-formats,Format validation for Ajv v7+,git+https://github.com/ajv-validator/ajv-formats.git,"as detected from PackageJson property ""repository.url""",https://github.com/ajv-validator/ajv-formats#readme,"as detected from PackageJson property ""homepage""",https://github.com/ajv-validator/ajv-formats/issues,"as detected from PackageJson property ""bugs.url""",https://registry.npmjs.org/ajv-formats/-/ajv-formats-2.1.1.tgz,"as detected from npm-ls property ""resolved""",,,,active,Active in npm registry,2024-03-30T11:30:26.893Z
library,lodash.merge@4.6.2,MIT,,John-David Dalton,lodash.merge,4.6.2,pkg:npm/lodash.merge@4.6.2?vcs_url=git%2Bhttps%3A%2F%2Fgithub.com%2Flodash%2Flodash.git,node_modules/lodash.merge,The Lodash method `_.merge` exported as a module.,git+https://github.com/lodash/lodash.git,"as detected from PackageJson property ""repository.url""",https://lodash.com/,"as detected from PackageJson property ""homepage""",https://github.com/lodash/lodash/issues,"as detected from PackageJson property ""bugs.url""",,,,,john.david.dalton@gmail.com,active,Active in npm registry,2023-06-22T16:32:54.853Z
library,openapi-types@12.1.3,MIT,,Joseph Spencer,openapi-types,12.1.3,pkg:npm/openapi-types@12.1.3?vcs_url=git%2Bhttps%3A%2F%2Fgithub.com%2Fkogosoftwarellc%2Fopen-api.git#master,node_modules/openapi-types,Types for OpenAPI documents.,git+https://github.com/kogosoftwarellc/open-api.git#master,"as detected from PackageJson property ""repository.url""",https://github.com/kogosoftwarellc/open-api/tree/master/packages/openapi-types#readme,"as detected from PackageJson property ""homepage""",https://github.com/kogosoftwarellc/open-api/issues?utf8=%E2%9C%93&q=is%3Aissue+is%3Aopen+label%3Aopenapi-types,"as detected from PackageJson property ""bugs.url""",,,,,,active,Active in npm registry,2023-05-24T22:26:38.944Z
library,qs@6.16.0,BSD-3-Clause,,,qs,6.16.0,pkg:npm/qs@6.16.0,node_modules/qs,A querystring parser that supports nesting and arrays~ with a depth limit,git+https://github.com/ljharb/qs.git,"as detected from PackageJson property ""repository.url""",https://github.com/ljharb/qs,"as detected from PackageJson property ""homepage""",https://github.com/ljharb/qs/issues,"as detected from PackageJson property ""bugs.url""",https://registry.npmjs.org/qs/-/qs-6.16.0.tgz,"as detected from npm-ls property ""resolved""",,,,active,Active in npm registry,2026-08-29T23:50:15.913Z
library,es-define-property@1.0.1,MIT,,Jordan Harband,es-define-property,1.0.1,pkg:npm/es-define-property@1.0.1?vcs_url=git%2Bhttps%3A%2F%2Fgithub.com%2Fljharb%2Fes-define-property.git,node_modules/es-define-property,`Object.defineProperty`~ but not IE 8's broken one.,git+https://github.com/ljharb/es-define-property.git,"as detected from PackageJson property ""repository.url""",https://github.com/ljharb/es-define-property#readme,"as detected from PackageJson property ""homepage""",https://github.com/ljharb/es-define-property/issues,"as detected from PackageJson property ""bugs.url""",,,,,ljharb@gmail.com,active,Active in npm registry,2024-12-06T18:16:02.393Z
library,side-channel@1.1.1,MIT,,Jordan Harband,side-channel,1.1.1,pkg:npm/side-channel@1.1.1,node_modules/side-channel,Store information about any JS value in a side channel. Uses WeakMap if available.,git+https://github.com/ljharb/side-channel.git,"as detected from PackageJson property ""repository.url""",https://github.com/ljharb/side-channel#readme,"as detected from PackageJson property ""homepage""",https://github.com/ljharb/side-channel/issues,"as detected from PackageJson property ""bugs.url""",https://registry.npmjs.org/side-channel/-/side-channel-1.1.1.tgz,"as detected from npm-ls property ""resolved""",,,ljharb@gmail.com,active,Active in npm registry,2026-06-08T20:34:47.176Z
library,object-inspect@1.13.4,MIT,,James Halliday,object-inspect,1.13.4,pkg:npm/object-inspect@1.13.4?vcs_url=git%3A%2F%2Fgithub.com%2Finspect-js%2Fobject-inspect.git,node_modules/object-inspect,string representations of objects in node and the browser,git://github.com/inspect-js/object-inspect.git,"as detected from PackageJson property ""repository.url""",https://github.com/inspect-js/object-inspect,"as detected from PackageJson property ""homepage""",https://github.com/inspect-js/object-inspect/issues,"as detected from PackageJson property ""bugs.url""",,,,,mail@substack.net,active,Active in npm registry,2026-07-22T05:49:40.465Z
library,side-channel-list@1.0.1,MIT,,Jordan Harband,side-channel-list,1.0.1,pkg:npm/side-channel-list@1.0.1,node_modules/side-channel-list,Store information about any JS value in a side channel~ using a linked list,git+https://github.com/ljharb/side-channel-list.git,"as detected from PackageJson property ""repository.url""",https://github.com/ljharb/side-channel-list#readme,"as detected from PackageJson property ""homepage""",https://github.com/ljharb/side-channel-list/issues,"as detected from PackageJson property ""bugs.url""",https://registry.npmjs.org/side-channel-list/-/side-channel-list-1.0.1.tgz,"as detected from npm-ls property ""resolved""",,,ljharb@gmail.com,active,Active in npm registry,2026-04-08T16:55:13.730Z
library,side-channel-map@1.0.1,MIT,,Jordan Harband,side-channel-map,1.0.1,pkg:npm/side-channel-map@1.0.1,node_modules/side-channel-map,Store information about any JS value in a side channel~ using a Map,git+https://github.com/ljharb/side-channel-map.git,"as detected from PackageJson property ""repository.url""",https://github.com/ljharb/side-channel-map#readme,"as detected from PackageJson property ""homepage""",https://github.com/ljharb/side-channel-map/issues,"as detected from PackageJson property ""bugs.url""",https://registry.npmjs.org/side-channel-map/-/side-channel-map-1.0.1.tgz,"as detected from npm-ls property ""resolved""",,,ljharb@gmail.com,active,Active in npm registry,2024-12-11T04:53:19.134Z
library,call-bound@1.0.4,MIT,,Jordan Harband,call-bound,1.0.4,pkg:npm/call-bound@1.0.4?vcs_url=git%2Bhttps%3A%2F%2Fgithub.com%2Fljharb%2Fcall-bound.git,node_modules/call-bound,Robust call-bound JavaScript intrinsics~ using `call-bind` and `get-intrinsic`.,git+https://github.com/ljharb/call-bound.git,"as detected from PackageJson property ""repository.url""",https://github.com/ljharb/call-bound#readme,"as detected from PackageJson property ""homepage""",https://github.com/ljharb/call-bound/issues,"as detected from PackageJson property ""bugs.url""",,,,,ljharb@gmail.com,active,Active in npm registry,2025-03-03T17:50:03.694Z
library,side-channel-weakmap@1.0.2,MIT,,Jordan Harband,side-channel-weakmap,1.0.2,pkg:npm/side-channel-weakmap@1.0.2,node_modules/side-channel-weakmap,Store information about any JS value in a side channel. Uses WeakMap if available.,git+https://github.com/ljharb/side-channel-weakmap.git,"as detected from PackageJson property ""repository.url""",https://github.com/ljharb/side-channel-weakmap#readme,"as detected from PackageJson property ""homepage""",https://github.com/ljharb/side-channel-weakmap/issues,"as detected from PackageJson property ""bugs.url""",https://registry.npmjs.org/side-channel-weakmap/-/side-channel-weakmap-1.0.2.tgz,"as detected from npm-ls property ""resolved""",,,ljharb@gmail.com,active,Active in npm registry,2024-12-11T05:39:11.658Z
library,redlock@v5.0.0-beta.2,MIT,,Mike Marcacci,redlock,v5.0.0-beta.2,pkg:npm/redlock@v5.0.0-beta.2?vcs_url=git%2Bhttps%3A%2F%2Fgithub.com%2Fmike-marcacci%2Fnode-redlock.git,node_modules/redlock,A node.js redlock implementation for distributed redis locks,git+https://github.com/mike-marcacci/node-redlock.git,"as detected from PackageJson property ""repository.url""",https://github.com/mike-marcacci/node-redlock#readme,"as detected from PackageJson property ""homepage""",https://github.com/mike-marcacci/node-redlock/issues,"as detected from PackageJson property ""bugs.url""",,,,,,active,Active in npm registry,2022-06-26T09:51:58.663Z
library,node-abort-controller@3.1.1,MIT,,Steve Faulkner,node-abort-controller,3.1.1,pkg:npm/node-abort-controller@3.1.1,node_modules/node-abort-controller,AbortController for Node based on EventEmitter,git+https://github.com/southpolesteve/node-abort-controller.git,"as detected from PackageJson property ""repository.url""",https://github.com/southpolesteve/node-abort-controller#readme,"as detected from PackageJson property ""homepage""",https://github.com/southpolesteve/node-abort-controller/issues,"as detected from PackageJson property ""bugs.url""",https://registry.npmjs.org/node-abort-controller/-/node-abort-controller-3.1.1.tgz,"as detected from npm-ls property ""resolved""",,,southpolesteve@gmail.com,active,Active in npm registry,2023-01-26T15:10:43.645Z
library,ulidx@2.4.1,MIT,,Perry Mitchell,ulidx,2.4.1,pkg:npm/ulidx@2.4.1,node_modules/ulidx,ULID generator for NodeJS and the browser,git+https://github.com/perry-mitchell/ulidx.git,"as detected from PackageJson property ""repository.url""",https://github.com/perry-mitchell/ulidx#readme,"as detected from PackageJson property ""homepage""",https://github.com/perry-mitchell/ulidx/issues,"as detected from PackageJson property ""bugs.url""",https://registry.npmjs.org/ulidx/-/ulidx-2.4.1.tgz,"as detected from npm-ls property ""resolved""",,,perry@perrymitchell.net,active,Active in npm registry,2024-08-25T18:44:04.176Z
library,layerr@3.0.0,MIT,,Perry Mitchell,layerr,3.0.0,pkg:npm/layerr@3.0.0,node_modules/layerr,Error wrapping utility for NodeJS and the browser,git+https://github.com/perry-mitchell/layerr.git,"as detected from PackageJson property ""repository.url""",https://github.com/perry-mitchell/layerr#readme,"as detected from PackageJson property ""homepage""",https://github.com/perry-mitchell/layerr/issues,"as detected from PackageJson property ""bugs.url""",https://registry.npmjs.org/layerr/-/layerr-3.0.0.tgz,"as detected from npm-ls property ""resolved""",,,perry@perrymitchell.net,active,Active in npm registry,2024-04-22T08:48:51.403Z
library,uuid4@2.0.3,ISC,,Michael J. Ryan,uuid4,2.0.3,pkg:npm/uuid4@2.0.3,node_modules/uuid4,Node UUID v4 Generator,git+https://github.com/tracker1/node-uuid4.git,"as detected from PackageJson property ""repository.url""",https://github.com/tracker1/node-uuid4,"as detected from PackageJson property ""homepage""",https://github.com/tracker1/node-uuid4/issues,"as detected from PackageJson property ""bugs.url""",https://registry.npmjs.org/uuid4/-/uuid4-2.0.3.tgz,"as detected from npm-ls property ""resolved""",,,tracker1@gmail.com,active,Active in npm registry,2022-08-07T03:50:36.000Z
library,yaml@1.10.3,ISC,,Eemeli Aro,yaml,1.10.3,pkg:npm/yaml@1.10.3,node_modules/yaml,JavaScript parser and stringifier for YAML,git+https://github.com/eemeli/yaml.git,"as detected from PackageJson property ""repository.url""",https://eemeli.org/yaml/v1/,"as detected from PackageJson property ""homepage""",https://github.com/eemeli/yaml/issues,"as detected from PackageJson property ""bugs.url""",https://registry.npmjs.org/yaml/-/yaml-1.10.3.tgz,"as detected from npm-ls property ""resolved""",,,eemeli@gmail.com,active,Active in npm registry,2026-09-11T23:20:32.134Z
library,@mojaloop/central-services-stream@11.10.0,Apache-2.0,@mojaloop,ModusBox,central-services-stream,11.10.0,pkg:npm/%40mojaloop/central-services-stream@11.10.0,node_modules/@mojaloop/central-services-stream,Streaming library code for central services.,git+https://github.com/mojaloop/central-services-stream.git,"as detected from PackageJson property ""repository.url""",https://github.com/mojaloop/central-services-stream#readme,"as detected from PackageJson property ""homepage""",https://github.com/mojaloop/central-services-stream/issues,"as detected from PackageJson property ""bugs.url""",https://registry.npmjs.org/@mojaloop/central-services-stream/-/central-services-stream-11.10.0.tgz,"as detected from npm-ls property ""resolved""",,,,active,Active in npm registry,2026-09-11T17:01:32.050Z
library,events@3.3.0,MIT,,Irakli Gozalishvili,events,3.3.0,pkg:npm/events@3.3.0,node_modules/events,Node's event emitter for all engines.,git://github.com/Gozala/events.git,"as detected from PackageJson property ""repository.url""",https://github.com/Gozala/events#readme,"as detected from PackageJson property ""homepage""",http://github.com/Gozala/events/issues/,"as detected from PackageJson property ""bugs.url""",https://registry.npmjs.org/events/-/events-3.3.0.tgz,"as detected from npm-ls property ""resolved""",,,rfobic@gmail.com,active,Active in npm registry,2023-07-12T19:04:56.658Z
library,node-rdkafka@v3.6.1,MIT,,,node-rdkafka,v3.6.1,pkg:npm/node-rdkafka@v3.6.1?vcs_url=git%2Bssh%3A%2F%2Fgit%40github.com%2FBlizzard%2Fnode-rdkafka.git,node_modules/node-rdkafka,Node.js bindings for librdkafka,git+ssh://git@github.com/Blizzard/node-rdkafka.git,"as detected from PackageJson property ""repository.url""",https://github.com/Blizzard/node-rdkafka#readme,"as detected from PackageJson property ""homepage""",https://github.com/Blizzard/node-rdkafka/issues,"as detected from PackageJson property ""bugs.url""",,,,,,active,Active in npm registry,2025-12-03T19:23:16.936Z
library,@mojaloop/database-lib@11.3.10,Apache-2.0,@mojaloop,,database-lib,11.3.10,pkg:npm/%40mojaloop/database-lib@11.3.10,node_modules/@mojaloop/database-lib,Shared database code for central services,git+https://github.com/mojaloop/database-lib.git,"as detected from PackageJson property ""repository.url""",https://github.com/mojaloop/database-lib#readme,"as detected from PackageJson property ""homepage""",https://github.com/mojaloop/database-lib/issues,"as detected from PackageJson property ""bugs.url""",https://registry.npmjs.org/@mojaloop/database-lib/-/database-lib-11.3.10.tgz,"as detected from npm-ls property ""resolved""",,,,active,Active in npm registry,2026-07-10T17:21:51.374Z
library,@mojaloop/database-lib@11.3.10|@mojaloop/central-services-error-handling@13.1.7,Apache-2.0,@mojaloop,ModusBox,central-services-error-handling,13.1.7,pkg:npm/%40mojaloop/central-services-error-handling@13.1.7,node_modules/@mojaloop/database-lib/node_modules/@mojaloop/central-services-error-handling,Hapi error handling module,git+https://github.com/mojaloop/central-services-error-handling.git,"as detected from PackageJson property ""repository.url""",https://github.com/mojaloop/central-services-error-handling#readme,"as detected from PackageJson property ""homepage""",https://github.com/mojaloop/central-services-error-handling/issues,"as detected from PackageJson property ""bugs.url""",https://registry.npmjs.org/@mojaloop/central-services-error-handling/-/central-services-error-handling-13.1.7.tgz,"as detected from npm-ls property ""resolved""",,,,active,Active in npm registry,2026-08-26T21:40:06.759Z
library,mysql@2.18.1,MIT,,Felix Geisendörfer,mysql,2.18.1,pkg:npm/mysql@2.18.1?vcs_url=git%2Bhttps%3A%2F%2Fgithub.com%2Fmysqljs%2Fmysql.git,node_modules/mysql,A node.js driver for mysql. It is written in JavaScript~ does not require compiling~ and is 100% MIT licensed.,git+https://github.com/mysqljs/mysql.git,"as detected from PackageJson property ""repository.url""",https://github.com/mysqljs/mysql#readme,"as detected from PackageJson property ""homepage""",https://github.com/mysqljs/mysql/issues,"as detected from PackageJson property ""bugs.url""",,,,,felix@debuggable.com,active,Active in npm registry,2024-05-06T21:22:27.482Z
library,mysql@2.18.1|bignumber.js@9.0.0,MIT,,Michael Mclaughlin,bignumber.js,9.0.0,pkg:npm/bignumber.js@9.0.0,node_modules/mysql/node_modules/bignumber.js,A library for arbitrary-precision decimal and non-decimal arithmetic,git+https://github.com/MikeMcl/bignumber.js.git,"as detected from PackageJson property ""repository.url""",https://github.com/MikeMcl/bignumber.js#readme,"as detected from PackageJson property ""homepage""",https://github.com/MikeMcl/bignumber.js/issues,"as detected from PackageJson property ""bugs.url""",https://registry.npmjs.org/bignumber.js/-/bignumber.js-9.0.0.tgz,"as detected from npm-ls property ""resolved""",,,M8ch88l@gmail.com,active,Active in npm registry,2026-07-05T15:16:46.110Z
library,mysql@2.18.1|safe-buffer@5.1.2,MIT,,Feross Aboukhadijeh,safe-buffer,5.1.2,pkg:npm/safe-buffer@5.1.2,node_modules/mysql/node_modules/safe-buffer,Safer Node.js Buffer API,git://github.com/feross/safe-buffer.git,"as detected from PackageJson property ""repository.url""",https://github.com/feross/safe-buffer,"as detected from PackageJson property ""homepage""",https://github.com/feross/safe-buffer/issues,"as detected from PackageJson property ""bugs.url""",https://registry.npmjs.org/safe-buffer/-/safe-buffer-5.1.2.tgz,"as detected from npm-ls property ""resolved""",,,feross@feross.org,active,Active in npm registry,2023-07-10T23:16:22.564Z
library,@grpc/grpc-js@1.14.4,Apache-2.0,@grpc,Google Inc.,grpc-js,1.14.4,pkg:npm/%40grpc/grpc-js@1.14.4#master,node_modules/@grpc/grpc-js,gRPC Library for Node - pure JS implementation,git+https://github.com/grpc/grpc-node.git#master,"as detected from PackageJson property ""repository.url""",https://grpc.io/,"as detected from PackageJson property ""homepage""",https://github.com/grpc/grpc-node/issues,"as detected from PackageJson property ""bugs.url""",https://registry.npmjs.org/@grpc/grpc-js/-/grpc-js-1.14.4.tgz,"as detected from npm-ls property ""resolved""",,,,active,Active in npm registry,2026-05-20T17:23:22.255Z
library,@grpc/proto-loader@0.8.1,Apache-2.0,@grpc,Google Inc.,proto-loader,0.8.1,pkg:npm/%40grpc/proto-loader@0.8.1?vcs_url=git%2Bhttps%3A%2F%2Fgithub.com%2Fgrpc%2Fgrpc-node.git,node_modules/@grpc/proto-loader,gRPC utility library for loading .proto files,git+https://github.com/grpc/grpc-node.git,"as detected from PackageJson property ""repository.url""",https://grpc.io/,"as detected from PackageJson property ""homepage""",https://github.com/grpc/grpc-node/issues,"as detected from PackageJson property ""bugs.url""",,,,,,active,Active in npm registry,2026-05-07T22:16:48.364Z
library,@js-sdsl/ordered-map@4.4.2,MIT,@js-sdsl,ZLY201,ordered-map,4.4.2,pkg:npm/%40js-sdsl/ordered-map@4.4.2,node_modules/@js-sdsl/ordered-map,javascript standard data structure library which benchmark against C++ STL,git+https://github.com/js-sdsl/js-sdsl.git,"as detected from PackageJson property ""repository.url""",https://js-sdsl.org,"as detected from PackageJson property ""homepage""",https://github.com/js-sdsl/js-sdsl/issues,"as detected from PackageJson property ""bugs.url""",https://registry.npmjs.org/@js-sdsl/ordered-map/-/ordered-map-4.4.2.tgz,"as detected from npm-ls property ""resolved""",,,951711127@qq.com,active,Active in npm registry,2023-07-21T13:31:10.848Z
library,lodash.camelcase@4.3.0,MIT,,John-David Dalton,lodash.camelcase,4.3.0,pkg:npm/lodash.camelcase@4.3.0,node_modules/lodash.camelcase,The lodash method `_.camelCase` exported as a module.,git+https://github.com/lodash/lodash.git,"as detected from PackageJson property ""repository.url""",https://lodash.com/,"as detected from PackageJson property ""homepage""",https://github.com/lodash/lodash/issues,"as detected from PackageJson property ""bugs.url""",https://registry.npmjs.org/lodash.camelcase/-/lodash.camelcase-4.3.0.tgz,"as detected from npm-ls property ""resolved""",,,john.david.dalton@gmail.com,active,Active in npm registry,2022-06-19T13:33:53.122Z
library,protobufjs@8.6.6,BSD-3-Clause,,Daniel Wirtz,protobufjs,8.6.6,pkg:npm/protobufjs@8.6.6?vcs_url=git%2Bhttps%3A%2F%2Fgithub.com%2Fprotobufjs%2Fprotobuf.js.git,node_modules/protobufjs,Protocol Buffers for JavaScript & TypeScript.,git+https://github.com/protobufjs/protobuf.js.git,"as detected from PackageJson property ""repository.url""",https://github.com/protobufjs/protobuf.js#readme,"as detected from PackageJson property ""homepage""",https://github.com/protobufjs/protobuf.js/issues,"as detected from PackageJson property ""bugs.url""",,,,,dcode+protobufjs@dcode.io,active,Active in npm registry,2026-08-27T10:15:37.712Z
library,yargs@17.7.3,MIT,,,yargs,17.7.3,pkg:npm/yargs@17.7.3?vcs_url=git%2Bhttps%3A%2F%2Fgithub.com%2Fyargs%2Fyargs.git,node_modules/yargs,yargs the modern~ pirate-themed~ successor to optimist.,git+https://github.com/yargs/yargs.git,"as detected from PackageJson property ""repository.url""",https://yargs.js.org/,"as detected from PackageJson property ""homepage""",https://github.com/yargs/yargs/issues,"as detected from PackageJson property ""bugs.url""",,,,,,active,Active in npm registry,2026-07-26T04:07:48.820Z
library,brototype@0.0.6,MIT,,Randy Hunt,brototype,0.0.6,pkg:npm/brototype@0.0.6,node_modules/brototype,Bro~ do you even Javascript?,git+https://github.com/letsgetrandy/brototype.git,"as detected from PackageJson property ""repository.url""",http://brototypejs.com,"as detected from PackageJson property ""homepage""",https://github.com/letsgetrandy/brototype/issues,"as detected from PackageJson property ""bugs.url""",https://registry.npmjs.org/brototype/-/brototype-0.0.6.tgz,"as detected from npm-ls property ""resolved""",,,,active,Active in npm registry,2022-06-13T05:08:57.353Z
library,error-callsites@2.0.4,MIT,,Thomas Watson Steen,error-callsites,2.0.4,pkg:npm/error-callsites@2.0.4,node_modules/error-callsites,Extract callsite objects from Error objects,git+https://github.com/watson/error-callsites.git,"as detected from PackageJson property ""repository.url""",https://github.com/watson/error-callsites#readme,"as detected from PackageJson property ""homepage""",https://github.com/watson/error-callsites/issues,"as detected from PackageJson property ""bugs.url""",https://registry.npmjs.org/error-callsites/-/error-callsites-2.0.4.tgz,"as detected from npm-ls property ""resolved""",,,w@tson.dk,active,Active in npm registry,2022-06-17T08:15:14.511Z
library,serialize-error@13.0.1,MIT,,Sindre Sorhus,serialize-error,13.0.1,pkg:npm/serialize-error@13.0.1,node_modules/serialize-error,Serialize/deserialize an error into a plain object,git+https://github.com/sindresorhus/serialize-error.git,"as detected from PackageJson property ""repository.url""",https://github.com/sindresorhus/serialize-error#readme,"as detected from PackageJson property ""homepage""",https://github.com/sindresorhus/serialize-error/issues,"as detected from PackageJson property ""bugs.url""",https://registry.npmjs.org/serialize-error/-/serialize-error-13.0.1.tgz,"as detected from npm-ls property ""resolved""",,,sindresorhus@gmail.com,active,Active in npm registry,2026-01-18T13:13:39.562Z
library,serialize-error@13.0.1|type-fest@5.9.0,,,Sindre Sorhus,type-fest,5.9.0,pkg:npm/type-fest@5.9.0,node_modules/serialize-error/node_modules/type-fest,A collection of essential TypeScript types,git+https://github.com/sindresorhus/type-fest.git,"as detected from PackageJson property ""repository.url""",https://github.com/sindresorhus/type-fest#readme,"as detected from PackageJson property ""homepage""",https://github.com/sindresorhus/type-fest/issues,"as detected from PackageJson property ""bugs.url""",https://registry.npmjs.org/type-fest/-/type-fest-5.9.0.tgz,"as detected from npm-ls property ""resolved""",,,sindresorhus@gmail.com,active,Active in npm registry,2026-08-30T23:58:44.826Z
library,non-error@0.1.0,MIT,,Sindre Sorhus,non-error,0.1.0,pkg:npm/non-error@0.1.0,node_modules/non-error,An error subclass for wrapping non-error values,git+https://github.com/sindresorhus/non-error.git,"as detected from PackageJson property ""repository.url""",https://github.com/sindresorhus/non-error#readme,"as detected from PackageJson property ""homepage""",https://github.com/sindresorhus/non-error/issues,"as detected from PackageJson property ""bugs.url""",https://registry.npmjs.org/non-error/-/non-error-0.1.0.tgz,"as detected from npm-ls property ""resolved""",,,sindresorhus@gmail.com,active,Active in npm registry,2025-10-18T10:21:54.500Z
library,tagged-tag@1.0.0,MIT,,Sindre Sorhus,tagged-tag,1.0.0,pkg:npm/tagged-tag@1.0.0,node_modules/tagged-tag,Unique tag for use in the type-fest Tagged type,git+https://github.com/sindresorhus/tagged-tag.git,"as detected from PackageJson property ""repository.url""",https://github.com/sindresorhus/tagged-tag#readme,"as detected from PackageJson property ""homepage""",https://github.com/sindresorhus/tagged-tag/issues,"as detected from PackageJson property ""bugs.url""",https://registry.npmjs.org/tagged-tag/-/tagged-tag-1.0.0.tgz,"as detected from npm-ls property ""resolved""",,,sindresorhus@gmail.com,active,Active in npm registry,2025-05-12T05:23:55.660Z
library,traceparent@1.0.0,MIT,,Stephen Belanger,traceparent,1.0.0,pkg:npm/traceparent@1.0.0,node_modules/traceparent,Context management helper for the w3c traceparent header format,git+https://github.com/elastic/node-traceparent.git,"as detected from PackageJson property ""repository.url""",https://github.com/elastic/node-traceparent#readme,"as detected from PackageJson property ""homepage""",https://github.com/elastic/node-traceparent/issues,"as detected from PackageJson property ""bugs.url""",https://registry.npmjs.org/traceparent/-/traceparent-1.0.0.tgz,"as detected from npm-ls property ""resolved""",,,stephen.belanger@elastic.co,active,Active in npm registry,2024-06-28T18:07:05.572Z
library,random-poly-fill@1.0.1,MIT,,Thomas Watson,random-poly-fill,1.0.1,pkg:npm/random-poly-fill@1.0.1,node_modules/random-poly-fill,A polyfill for crypto.randomFill and crypto.randomFillSync from Node.js core,git+https://github.com/watson/random-poly-fill.git,"as detected from PackageJson property ""repository.url""",https://github.com/watson/random-poly-fill#readme,"as detected from PackageJson property ""homepage""",https://github.com/watson/random-poly-fill/issues,"as detected from PackageJson property ""bugs.url""",https://registry.npmjs.org/random-poly-fill/-/random-poly-fill-1.0.1.tgz,"as detected from npm-ls property ""resolved""",,,w@tson.dk,active,Active in npm registry,2022-05-14T02:45:21.237Z
library,@mojaloop/ml-number@11.4.5,Apache-2.0,@mojaloop,ModusBox,ml-number,11.4.5,pkg:npm/%40mojaloop/ml-number@11.4.5,node_modules/@mojaloop/ml-number,Mojaloop Number Library implementation that handles decimal processing of amounts/numbers,,,,,,,https://registry.npmjs.org/@mojaloop/ml-number/-/ml-number-11.4.5.tgz,"as detected from npm-ls property ""resolved""",,,,active,Active in npm registry,2026-07-08T13:53:49.933Z
library,bignumber.js@11.1.5,MIT,,Michael Mclaughlin,bignumber.js,11.1.5,pkg:npm/bignumber.js@11.1.5?vcs_url=git%2Bhttps%3A%2F%2Fgithub.com%2FMikeMcl%2Fbignumber.js.git,node_modules/bignumber.js,A library for arbitrary-precision decimal and non-decimal arithmetic,git+https://github.com/MikeMcl/bignumber.js.git,"as detected from PackageJson property ""repository.url""",https://github.com/MikeMcl/bignumber.js#readme,"as detected from PackageJson property ""homepage""",https://github.com/MikeMcl/bignumber.js/issues,"as detected from PackageJson property ""bugs.url""",,,,,M8ch88l@gmail.com,active,Active in npm registry,2026-07-05T15:16:46.110Z
library,@mojaloop/object-store-lib@12.2.4,Apache-2.0,@mojaloop,ModusBox,object-store-lib,12.2.4,pkg:npm/%40mojaloop/object-store-lib@12.2.4,node_modules/@mojaloop/object-store-lib,Mojaloop library for common object store,git+ssh://git@github.com/mojaloop/object-store-lib.git,"as detected from PackageJson property ""repository.url""",https://github.com/mojaloop/object-store-lib#readme,"as detected from PackageJson property ""homepage""",https://github.com/mojaloop/object-store-lib/issues,"as detected from PackageJson property ""bugs.url""",https://registry.npmjs.org/@mojaloop/object-store-lib/-/object-store-lib-12.2.4.tgz,"as detected from npm-ls property ""resolved""",,,,active,Active in npm registry,2026-07-09T20:09:30.862Z
library,mongoose@9.10.1,MIT,,Guillermo Rauch,mongoose,9.10.1,pkg:npm/mongoose@9.10.1,node_modules/mongoose,Mongoose MongoDB ODM,git://github.com/Automattic/mongoose.git,"as detected from PackageJson property ""repository.url""",https://mongoosejs.com,"as detected from PackageJson property ""homepage""",https://github.com/Automattic/mongoose/issues/new,"as detected from PackageJson property ""bugs.url""",https://registry.npmjs.org/mongoose/-/mongoose-9.10.1.tgz,"as detected from npm-ls property ""resolved""",,,guillermo@learnboost.com,active,Active in npm registry,2026-09-14T18:26:25.563Z
library,mongoose@9.10.1|mongodb@7.6.0,Apache-2.0,,The MongoDB NodeJS Team,mongodb,7.6.0,pkg:npm/mongodb@7.6.0,node_modules/mongoose/node_modules/mongodb,The official MongoDB driver for Node.js,git+ssh://git@github.com/mongodb/node-mongodb-native.git,"as detected from PackageJson property ""repository.url""",https://github.com/mongodb/node-mongodb-native,"as detected from PackageJson property ""homepage""",https://jira.mongodb.org/projects/NODE/issues/,"as detected from PackageJson property ""bugs.url""",https://registry.npmjs.org/mongodb/-/mongodb-7.6.0.tgz,"as detected from npm-ls property ""resolved""",,,dbx-node@mongodb.com,active,Active in npm registry,2026-09-16T00:28:09.858Z
library,@standard-schema/spec@1.1.0,MIT,@standard-schema,Colin McDonnell,spec,1.1.0,pkg:npm/%40standard-schema/spec@1.1.0?vcs_url=git%2Bhttps%3A%2F%2Fgithub.com%2Fstandard-schema%2Fstandard-schema.git,node_modules/@standard-schema/spec,A family of specs for interoperable TypeScript,git+https://github.com/standard-schema/standard-schema.git,"as detected from PackageJson property ""repository.url""",https://standardschema.dev,"as detected from PackageJson property ""homepage""",https://github.com/standard-schema/standard-schema/issues,"as detected from PackageJson property ""bugs.url""",,,,,,active,Active in npm registry,2025-12-15T20:49:46.860Z
library,kareem@3.4.0,Apache-2.0,,Valeri Karpov,kareem,3.4.0,pkg:npm/kareem@3.4.0,node_modules/kareem,Next-generation take on pre/post function hooks,git://github.com/mongoosejs/kareem.git,"as detected from PackageJson property ""repository.url""",https://github.com/mongoosejs/kareem#readme,"as detected from PackageJson property ""homepage""",https://github.com/mongoosejs/kareem/issues,"as detected from PackageJson property ""bugs.url""",https://registry.npmjs.org/kareem/-/kareem-3.4.0.tgz,"as detected from npm-ls property ""resolved""",,,val@karpov.io,active,Active in npm registry,2026-08-19T21:27:31.621Z
library,@mongodb-js/saslprep@1.5.4,MIT,@mongodb-js,Dmitry Tsvettsikh,saslprep,1.5.4,pkg:npm/%40mongodb-js/saslprep@1.5.4,node_modules/@mongodb-js/saslprep,SASLprep: Stringprep Profile for User Names and Passwords~ rfc4013,git+https://github.com/mongodb-js/devtools-shared.git,"as detected from PackageJson property ""repository.url""",https://github.com/mongodb-js/devtools-shared/tree/main/packages/saslprep,"as detected from PackageJson property ""homepage""",https://jira.mongodb.org/projects/COMPASS/issues,"as detected from PackageJson property ""bugs.url""",https://registry.npmjs.org/@mongodb-js/saslprep/-/saslprep-1.5.4.tgz,"as detected from npm-ls property ""resolved""",,,me@reklatsmasters.com,active,Active in npm registry,2026-09-09T16:03:28.485Z
library,sparse-bitfield@3.0.3,MIT,,Mathias Buus,sparse-bitfield,3.0.3,pkg:npm/sparse-bitfield@3.0.3,node_modules/sparse-bitfield,Bitfield that allocates a series of small buffers to support sparse bits without allocating a massive buffer,git+https://github.com/mafintosh/sparse-bitfield.git,"as detected from PackageJson property ""repository.url""",https://github.com/mafintosh/sparse-bitfield,"as detected from PackageJson property ""homepage""",https://github.com/mafintosh/sparse-bitfield/issues,"as detected from PackageJson property ""bugs.url""",https://registry.npmjs.org/sparse-bitfield/-/sparse-bitfield-3.0.3.tgz,"as detected from npm-ls property ""resolved""",,,,active,Active in npm registry,2022-06-26T22:36:39.298Z
library,memory-pager@1.5.0,MIT,,Mathias Buus,memory-pager,1.5.0,pkg:npm/memory-pager@1.5.0,node_modules/memory-pager,Access memory using small fixed sized buffers,git+https://github.com/mafintosh/memory-pager.git,"as detected from PackageJson property ""repository.url""",https://github.com/mafintosh/memory-pager,"as detected from PackageJson property ""homepage""",https://github.com/mafintosh/memory-pager/issues,"as detected from PackageJson property ""bugs.url""",https://registry.npmjs.org/memory-pager/-/memory-pager-1.5.0.tgz,"as detected from npm-ls property ""resolved""",,,,active,Active in npm registry,2022-06-19T17:46:25.881Z
library,bson@7.3.2,Apache-2.0,,The MongoDB NodeJS Team,bson,7.3.2,pkg:npm/bson@7.3.2,node_modules/bson,A bson parser for node.js and the browser,git+https://github.com/mongodb/js-bson.git,"as detected from PackageJson property ""repository.url""",https://github.com/mongodb/js-bson#readme,"as detected from PackageJson property ""homepage""",https://jira.mongodb.org/projects/NODE/issues/,"as detected from PackageJson property ""bugs.url""",https://registry.npmjs.org/bson/-/bson-7.3.2.tgz,"as detected from npm-ls property ""resolved""",,,dbx-node@mongodb.com,active,Active in npm registry,2026-09-15T21:40:09.982Z
library,gcp-metadata@8.1.4,Apache-2.0,,Google LLC,gcp-metadata,8.1.4,pkg:npm/gcp-metadata@8.1.4?vcs_url=git%2Bhttps%3A%2F%2Fgithub.com%2Fgoogleapis%2Fgoogle-cloud-node.git#core/packages/gcp-metadata,node_modules/gcp-metadata,Get the metadata from a Google Cloud Platform environment,git+https://github.com/googleapis/google-cloud-node.git#core/packages/gcp-metadata,"as detected from PackageJson property ""repository.url"" and ""repository.directory""",https://github.com/googleapis/google-cloud-node/tree/main/core/packages/gcp-metadata,"as detected from PackageJson property ""homepage""",https://github.com/googleapis/google-cloud-node/issues,"as detected from PackageJson property ""bugs.url""",,,,,,active,Active in npm registry,2026-08-12T18:16:26.549Z
library,mongodb-connection-string-url@7.0.2,Apache-2.0,,,mongodb-connection-string-url,7.0.2,pkg:npm/mongodb-connection-string-url@7.0.2,node_modules/mongodb-connection-string-url,MongoDB connection strings~ based on the WhatWG URL API,git+https://github.com/mongodb-js/mongodb-connection-string-url.git,"as detected from PackageJson property ""repository.url""",https://github.com/mongodb-js/mongodb-connection-string-url,"as detected from PackageJson property ""homepage""",https://github.com/mongodb-js/mongodb-connection-string-url/issues,"as detected from PackageJson property ""bugs.url""",https://registry.npmjs.org/mongodb-connection-string-url/-/mongodb-connection-string-url-7.0.2.tgz,"as detected from npm-ls property ""resolved""",,,,active,Active in npm registry,2026-09-08T14:49:43.482Z
library,@types/whatwg-url@13.0.0,MIT,@types,,whatwg-url,13.0.0,pkg:npm/%40types/whatwg-url@13.0.0#types/whatwg-url,node_modules/@types/whatwg-url,TypeScript definitions for whatwg-url,git+https://github.com/DefinitelyTyped/DefinitelyTyped.git#types/whatwg-url,"as detected from PackageJson property ""repository.url"" and ""repository.directory""",https://github.com/DefinitelyTyped/DefinitelyTyped/tree/master/types/whatwg-url,"as detected from PackageJson property ""homepage""",https://github.com/DefinitelyTyped/DefinitelyTyped/issues,"as detected from PackageJson property ""bugs.url""",https://registry.npmjs.org/@types/whatwg-url/-/whatwg-url-13.0.0.tgz,"as detected from npm-ls property ""resolved""",,,,active,Active in npm registry,2025-08-03T08:00:00.331Z
library,@types/webidl-conversions@7.0.3,MIT,@types,,webidl-conversions,7.0.3,pkg:npm/%40types/webidl-conversions@7.0.3#types/webidl-conversions,node_modules/@types/webidl-conversions,TypeScript definitions for webidl-conversions,git+https://github.com/DefinitelyTyped/DefinitelyTyped.git#types/webidl-conversions,"as detected from PackageJson property ""repository.url"" and ""repository.directory""",https://github.com/DefinitelyTyped/DefinitelyTyped/tree/master/types/webidl-conversions,"as detected from PackageJson property ""homepage""",https://github.com/DefinitelyTyped/DefinitelyTyped/issues,"as detected from PackageJson property ""bugs.url""",https://registry.npmjs.org/@types/webidl-conversions/-/webidl-conversions-7.0.3.tgz,"as detected from npm-ls property ""resolved""",,,,active,Active in npm registry,2025-08-03T07:59:09.325Z
library,whatwg-url@14.2.0,MIT,,Sebastian Mayr,whatwg-url,14.2.0,pkg:npm/whatwg-url@14.2.0,node_modules/whatwg-url,An implementation of the WHATWG URL Standard's URL API and parsing machinery,git+https://github.com/jsdom/whatwg-url.git,"as detected from PackageJson property ""repository.url""",https://github.com/jsdom/whatwg-url#readme,"as detected from PackageJson property ""homepage""",https://github.com/jsdom/whatwg-url/issues,"as detected from PackageJson property ""bugs.url""",https://registry.npmjs.org/whatwg-url/-/whatwg-url-14.2.0.tgz,"as detected from npm-ls property ""resolved""",,,github@smayr.name,active,Active in npm registry,2026-09-10T01:48:05.818Z
library,tr46@5.1.1,MIT,,Sebastian Mayr,tr46,5.1.1,pkg:npm/tr46@5.1.1,node_modules/tr46,An implementation of the Unicode UTS #46: Unicode IDNA Compatibility Processing,git+https://github.com/jsdom/tr46.git,"as detected from PackageJson property ""repository.url""",https://github.com/jsdom/tr46#readme,"as detected from PackageJson property ""homepage""",https://github.com/jsdom/tr46/issues,"as detected from PackageJson property ""bugs.url""",https://registry.npmjs.org/tr46/-/tr46-5.1.1.tgz,"as detected from npm-ls property ""resolved""",,,npm@smayr.name,active,Active in npm registry,2025-09-18T00:42:31.874Z
library,punycode@2.3.1,MIT,,Mathias Bynens,punycode,2.3.1,pkg:npm/punycode@2.3.1?vcs_url=git%2Bhttps%3A%2F%2Fgithub.com%2Fmathiasbynens%2Fpunycode.js.git,node_modules/punycode,A robust Punycode converter that fully complies to RFC 3492 and RFC 5891~ and works on nearly all JavaScript platforms.,git+https://github.com/mathiasbynens/punycode.js.git,"as detected from PackageJson property ""repository.url""",https://mths.be/punycode,"as detected from PackageJson property ""homepage""",https://github.com/mathiasbynens/punycode.js/issues,"as detected from PackageJson property ""bugs.url""",,,,,,active,Active in npm registry,2026-04-24T23:30:35.626Z
library,webidl-conversions@7.0.0,BSD-2-Clause,,Domenic Denicola,webidl-conversions,7.0.0,pkg:npm/webidl-conversions@7.0.0,node_modules/webidl-conversions,Implements the WebIDL algorithms for converting to and from JavaScript values,git+https://github.com/jsdom/webidl-conversions.git,"as detected from PackageJson property ""repository.url""",https://github.com/jsdom/webidl-conversions#readme,"as detected from PackageJson property ""homepage""",https://github.com/jsdom/webidl-conversions/issues,"as detected from PackageJson property ""bugs.url""",https://registry.npmjs.org/webidl-conversions/-/webidl-conversions-7.0.0.tgz,"as detected from npm-ls property ""resolved""",,,d@domenic.me,active,Active in npm registry,2026-01-02T12:56:46.075Z
library,mpath@0.9.0,MIT,,Aaron Heckmann,mpath,0.9.0,pkg:npm/mpath@0.9.0,node_modules/mpath,{G~S}et object values using MongoDB-like path notation,git://github.com/aheckmann/mpath.git,"as detected from PackageJson property ""repository.url""",https://github.com/aheckmann/mpath#readme,"as detected from PackageJson property ""homepage""",https://github.com/aheckmann/mpath/issues,"as detected from PackageJson property ""bugs.url""",https://registry.npmjs.org/mpath/-/mpath-0.9.0.tgz,"as detected from npm-ls property ""resolved""",,,aaron.heckmann+github@gmail.com,active,Active in npm registry,2026-05-11T19:02:50.760Z
library,mquery@6.0.0,MIT,,Aaron Heckmann,mquery,6.0.0,pkg:npm/mquery@6.0.0,node_modules/mquery,Expressive query building for MongoDB,git://github.com/aheckmann/mquery.git,"as detected from PackageJson property ""repository.url""",https://github.com/aheckmann/mquery/,"as detected from PackageJson property ""homepage""",https://github.com/aheckmann/mquery/issues/new,"as detected from PackageJson property ""bugs.url""",https://registry.npmjs.org/mquery/-/mquery-6.0.0.tgz,"as detected from npm-ls property ""resolved""",,,aaron.heckmann+github@gmail.com,active,Active in npm registry,2025-11-18T15:47:15.079Z
library,sift@17.1.3,MIT,,Craig Condon,sift,17.1.3,pkg:npm/sift@17.1.3,node_modules/sift,MongoDB query filtering in JavaScript,git+https://github.com/crcn/sift.js.git,"as detected from PackageJson property ""repository.url""",https://github.com/crcn/sift.js#readme,"as detected from PackageJson property ""homepage""",https://github.com/crcn/sift.js/issues,"as detected from PackageJson property ""bugs.url""",https://registry.npmjs.org/sift/-/sift-17.1.3.tgz,"as detected from npm-ls property ""resolved""",,,craig.j.condon@gmail.com,active,Active in npm registry,2024-04-17T12:57:03.535Z
library,@mojaloop/sdk-standard-components@19.19.1,Apache-2.0,@mojaloop,James Bush~ ModusBox Inc.,sdk-standard-components,19.19.1,pkg:npm/%40mojaloop/sdk-standard-components@19.19.1,node_modules/@mojaloop/sdk-standard-components,A set of standard components for connecting to Mojaloop API enabled Switches,,,,,,,https://registry.npmjs.org/@mojaloop/sdk-standard-components/-/sdk-standard-components-19.19.1.tgz,"as detected from npm-ls property ""resolved""",,,,active,Active in npm registry,2026-07-09T20:11:25.472Z
library,@mojaloop/sdk-standard-components@19.19.1|@mojaloop/central-services-logger@11.10.5,Apache-2.0,@mojaloop,ModusBox,central-services-logger,11.10.5,pkg:npm/%40mojaloop/central-services-logger@11.10.5,node_modules/@mojaloop/sdk-standard-components/node_modules/@mojaloop/central-services-logger,Mojaloop common logging library,git+https://github.com/mojaloop/central-services-logger.git,"as detected from PackageJson property ""repository.url""",https://github.com/mojaloop/central-services-logger#readme,"as detected from PackageJson property ""homepage""",https://github.com/mojaloop/central-services-logger/issues,"as detected from PackageJson property ""bugs.url""",https://registry.npmjs.org/@mojaloop/central-services-logger/-/central-services-logger-11.10.5.tgz,"as detected from npm-ls property ""resolved""",,,,active,Active in npm registry,2026-09-03T06:07:22.725Z
library,@mojaloop/sdk-standard-components@19.19.1|ilp-packet@3.1.3,Apache-2.0,,Interledger Team,ilp-packet,3.1.3,pkg:npm/ilp-packet@3.1.3,node_modules/@mojaloop/sdk-standard-components/node_modules/ilp-packet,Module for parsing and serializing ILP packets,,,,,,,https://registry.npmjs.org/ilp-packet/-/ilp-packet-3.1.3.tgz,"as detected from npm-ls property ""resolved""",,,info@interledger.org,active,Active in npm registry,2022-09-28T14:44:19.371Z
library,@mojaloop/sdk-standard-components@19.19.1|oer-utils@5.1.2,,,,oer-utils,5.1.2,pkg:npm/oer-utils@5.1.2,node_modules/@mojaloop/sdk-standard-components/node_modules/oer-utils,Tools for OER parsing and serialization,,,,,,,https://registry.npmjs.org/oer-utils/-/oer-utils-5.1.2.tgz,"as detected from npm-ls property ""resolved""",,,,active,Active in npm registry,2022-09-28T14:44:16.265Z
library,@mojaloop/sdk-standard-components@19.19.1|long@4.0.0,Apache-2.0,,Daniel Wirtz,long,4.0.0,pkg:npm/long@4.0.0,node_modules/@mojaloop/sdk-standard-components/node_modules/long,A Long class for representing a 64-bit two's-complement integer value.,git+https://github.com/dcodeIO/long.js.git,"as detected from PackageJson property ""repository.url""",https://github.com/dcodeIO/long.js#readme,"as detected from PackageJson property ""homepage""",https://github.com/dcodeIO/long.js/issues,"as detected from PackageJson property ""bugs.url""",https://registry.npmjs.org/long/-/long-4.0.0.tgz,"as detected from npm-ls property ""resolved""",,,dcode@dcode.io,active,Active in npm registry,2025-04-17T17:32:06.239Z
library,@mojaloop/ml-schema-transformer-lib@2.10.1,Apache-2.0,@mojaloop,Steven Oderayi,ml-schema-transformer-lib,2.10.1,pkg:npm/%40mojaloop/ml-schema-transformer-lib@2.10.1,node_modules/@mojaloop/ml-schema-transformer-lib,Shared component for ML schemas translation,git+https://github.com/mojaloop/ml-schema-transformer-lib.git,"as detected from PackageJson property ""repository.url""",https://github.com/mojaloop/ml-schema-transformer-lib#readme,"as detected from PackageJson property ""homepage""",https://github.com/mojaloop/ml-schema-transformer-lib/issues,"as detected from PackageJson property ""bugs.url""",https://registry.npmjs.org/@mojaloop/ml-schema-transformer-lib/-/ml-schema-transformer-lib-2.10.1.tgz,"as detected from npm-ls property ""resolved""",,,,active,Active in npm registry,2026-07-09T20:11:36.144Z
library,@mojaloop/ml-schema-transformer-lib@2.10.1|@mojaloop/central-services-error-handling@13.1.6,Apache-2.0,@mojaloop,ModusBox,central-services-error-handling,13.1.6,pkg:npm/%40mojaloop/central-services-error-handling@13.1.6,node_modules/@mojaloop/ml-schema-transformer-lib/node_modules/@mojaloop/central-services-error-handling,Hapi error handling module,git+https://github.com/mojaloop/central-services-error-handling.git,"as detected from PackageJson property ""repository.url""",https://github.com/mojaloop/central-services-error-handling#readme,"as detected from PackageJson property ""homepage""",https://github.com/mojaloop/central-services-error-handling/issues,"as detected from PackageJson property ""bugs.url""",https://registry.npmjs.org/@mojaloop/central-services-error-handling/-/central-services-error-handling-13.1.6.tgz,"as detected from npm-ls property ""resolved""",,,,active,Active in npm registry,2026-08-26T21:40:06.759Z
library,@mojaloop/ml-schema-transformer-lib@2.10.1|@mojaloop/central-services-logger@11.10.5,Apache-2.0,@mojaloop,ModusBox,central-services-logger,11.10.5,pkg:npm/%40mojaloop/central-services-logger@11.10.5,node_modules/@mojaloop/ml-schema-transformer-lib/node_modules/@mojaloop/central-services-logger,Mojaloop common logging library,git+https://github.com/mojaloop/central-services-logger.git,"as detected from PackageJson property ""repository.url""",https://github.com/mojaloop/central-services-logger#readme,"as detected from PackageJson property ""homepage""",https://github.com/mojaloop/central-services-logger/issues,"as detected from PackageJson property ""bugs.url""",https://registry.npmjs.org/@mojaloop/central-services-logger/-/central-services-logger-11.10.5.tgz,"as detected from npm-ls property ""resolved""",,,,active,Active in npm registry,2026-09-03T06:07:22.725Z
library,@mojaloop/ml-schema-transformer-lib@2.10.1|ilp-packet@3.1.3,Apache-2.0,,Interledger Team,ilp-packet,3.1.3,pkg:npm/ilp-packet@3.1.3,node_modules/@mojaloop/ml-schema-transformer-lib/node_modules/ilp-packet,Module for parsing and serializing ILP packets,,,,,,,https://registry.npmjs.org/ilp-packet/-/ilp-packet-3.1.3.tgz,"as detected from npm-ls property ""resolved""",,,info@interledger.org,active,Active in npm registry,2022-09-28T14:44:19.371Z
library,@mojaloop/ml-schema-transformer-lib@2.10.1|oer-utils@5.1.2,,,,oer-utils,5.1.2,pkg:npm/oer-utils@5.1.2,node_modules/@mojaloop/ml-schema-transformer-lib/node_modules/oer-utils,Tools for OER parsing and serialization,,,,,,,https://registry.npmjs.org/oer-utils/-/oer-utils-5.1.2.tgz,"as detected from npm-ls property ""resolved""",,,,active,Active in npm registry,2022-09-28T14:44:16.265Z
library,@mojaloop/ml-schema-transformer-lib@2.10.1|long@4.0.0,Apache-2.0,,Daniel Wirtz,long,4.0.0,pkg:npm/long@4.0.0,node_modules/@mojaloop/ml-schema-transformer-lib/node_modules/long,A Long class for representing a 64-bit two's-complement integer value.,git+https://github.com/dcodeIO/long.js.git,"as detected from PackageJson property ""repository.url""",https://github.com/dcodeIO/long.js#readme,"as detected from PackageJson property ""homepage""",https://github.com/dcodeIO/long.js/issues,"as detected from PackageJson property ""bugs.url""",https://registry.npmjs.org/long/-/long-4.0.0.tgz,"as detected from npm-ls property ""resolved""",,,dcode@dcode.io,active,Active in npm registry,2025-04-17T17:32:06.239Z
library,@mojaloop/ml-schema-transformer-lib@2.10.1|openapi-backend@5.18.0,MIT,,Viljami Kuosmanen,openapi-backend,5.18.0,pkg:npm/openapi-backend@5.18.0,node_modules/@mojaloop/ml-schema-transformer-lib/node_modules/openapi-backend,Build~ Validate~ Route~ Authenticate and Mock using OpenAPI definitions. Framework-agnostic,git+https://github.com/openapistack/openapi-backend.git,"as detected from PackageJson property ""repository.url""",https://openapistack.co,"as detected from PackageJson property ""homepage""",https://github.com/openapistack/openapi-backend/issues,"as detected from PackageJson property ""bugs.url""",https://registry.npmjs.org/openapi-backend/-/openapi-backend-5.18.0.tgz,"as detected from npm-ls property ""resolved""",,,viljami@viljami.io,active,Active in npm registry,2026-09-15T17:16:28.670Z
library,@mojaloop/ml-schema-transformer-lib@2.10.1|@apidevtools/json-schema-ref-parser@11.9.3,MIT,@apidevtools,James Messinger,json-schema-ref-parser,11.9.3,pkg:npm/%40apidevtools/json-schema-ref-parser@11.9.3,node_modules/@mojaloop/ml-schema-transformer-lib/node_modules/@apidevtools/json-schema-ref-parser,Parse~ Resolve~ and Dereference JSON Schema $ref pointers,git+https://github.com/APIDevTools/json-schema-ref-parser.git,"as detected from PackageJson property ""repository.url""",https://apitools.dev/json-schema-ref-parser/,"as detected from PackageJson property ""homepage""",https://github.com/APIDevTools/json-schema-ref-parser/issues,"as detected from PackageJson property ""bugs.url""",https://registry.npmjs.org/@apidevtools/json-schema-ref-parser/-/json-schema-ref-parser-11.9.3.tgz,"as detected from npm-ls property ""resolved""",,,,active,Active in npm registry,2026-09-06T02:39:03.172Z
library,@apidevtools/swagger-parser@12.1.0,MIT,@apidevtools,,swagger-parser,12.1.0,pkg:npm/%40apidevtools/swagger-parser@12.1.0,node_modules/@apidevtools/swagger-parser,Swagger 2.0 and OpenAPI 3.0 parser and validator for Node and browsers,git+https://github.com/APIDevTools/swagger-parser.git,"as detected from PackageJson property ""repository.url""",https://apidevtools.com/swagger-parser/,"as detected from PackageJson property ""homepage""",https://github.com/APIDevTools/swagger-parser/issues,"as detected from PackageJson property ""bugs.url""",https://registry.npmjs.org/@apidevtools/swagger-parser/-/swagger-parser-12.1.0.tgz,"as detected from npm-ls property ""resolved""",,,,active,Active in npm registry,2026-09-02T16:32:36.555Z
library,@apidevtools/json-schema-ref-parser@14.0.1,MIT,@apidevtools,James Messinger,json-schema-ref-parser,14.0.1,pkg:npm/%40apidevtools/json-schema-ref-parser@14.0.1,node_modules/@apidevtools/json-schema-ref-parser,Parse~ Resolve~ and Dereference JSON Schema $ref pointers,git+https://github.com/APIDevTools/json-schema-ref-parser.git,"as detected from PackageJson property ""repository.url""",https://apidevtools.com/json-schema-ref-parser/,"as detected from PackageJson property ""homepage""",https://github.com/APIDevTools/json-schema-ref-parser/issues,"as detected from PackageJson property ""bugs.url""",https://registry.npmjs.org/@apidevtools/json-schema-ref-parser/-/json-schema-ref-parser-14.0.1.tgz,"as detected from npm-ls property ""resolved""",,,,active,Active in npm registry,2026-09-06T02:39:03.172Z
library,@apidevtools/openapi-schemas@2.1.0,MIT,@apidevtools,James Messinger,openapi-schemas,2.1.0,pkg:npm/%40apidevtools/openapi-schemas@2.1.0,node_modules/@apidevtools/openapi-schemas,JSON Schemas for every version of the OpenAPI Specification,git+https://github.com/APIDevTools/openapi-schemas.git,"as detected from PackageJson property ""repository.url""",https://apitools.dev/openapi-schemas,"as detected from PackageJson property ""homepage""",https://github.com/APIDevTools/openapi-schemas/issues,"as detected from PackageJson property ""bugs.url""",https://registry.npmjs.org/@apidevtools/openapi-schemas/-/openapi-schemas-2.1.0.tgz,"as detected from npm-ls property ""resolved""",,,,active,Active in npm registry,2026-01-24T16:02:50.602Z
library,@apidevtools/swagger-methods@3.0.2,MIT,@apidevtools,James Messinger,swagger-methods,3.0.2,pkg:npm/%40apidevtools/swagger-methods@3.0.2,node_modules/@apidevtools/swagger-methods,HTTP methods that are supported by Swagger 2.0,git+https://github.com/APIDevTools/swagger-methods.git,"as detected from PackageJson property ""repository.url""",https://github.com/APIDevTools/swagger-methods,"as detected from PackageJson property ""homepage""",https://github.com/APIDevTools/swagger-methods/issues,"as detected from PackageJson property ""bugs.url""",https://registry.npmjs.org/@apidevtools/swagger-methods/-/swagger-methods-3.0.2.tgz,"as detected from npm-ls property ""resolved""",,,,active,Active in npm registry,2026-01-24T16:02:52.042Z
library,ajv-draft-04@1.0.0,MIT,,Evgeny Poberezkin,ajv-draft-04,1.0.0,pkg:npm/ajv-draft-04@1.0.0,node_modules/ajv-draft-04,Ajv class for JSON Schema draft-04,git+https://github.com/ajv-validator/ajv-draft-04.git,"as detected from PackageJson property ""repository.url""",https://github.com/ajv-validator/ajv-draft-04#readme,"as detected from PackageJson property ""homepage""",https://github.com/ajv-validator/ajv-draft-04/issues,"as detected from PackageJson property ""bugs.url""",https://registry.npmjs.org/ajv-draft-04/-/ajv-draft-04-1.0.0.tgz,"as detected from npm-ls property ""resolved""",,,,active,Active in npm registry,2022-04-11T13:10:28.818Z
library,call-me-maybe@1.0.2,MIT,,Eric McCarthy,call-me-maybe,1.0.2,pkg:npm/call-me-maybe@1.0.2,node_modules/call-me-maybe,Let your JS API users either give you a callback or receive a promise,git+https://github.com/limulus/call-me-maybe.git,"as detected from PackageJson property ""repository.url""",https://github.com/limulus/call-me-maybe#readme,"as detected from PackageJson property ""homepage""",https://github.com/limulus/call-me-maybe/issues,"as detected from PackageJson property ""bugs.url""",https://registry.npmjs.org/call-me-maybe/-/call-me-maybe-1.0.2.tgz,"as detected from npm-ls property ""resolved""",,,eric@limulus.net,active,Active in npm registry,2022-11-01T17:49:06.343Z
library,@mojaloop/api-snippets@18.4.0,Apache-2.0,@mojaloop,ModusBox,api-snippets,18.4.0,pkg:npm/%40mojaloop/api-snippets@18.4.0,node_modules/@mojaloop/api-snippets,Mojaloop API specification reusable snippets,git+https://github.com/mojaloop/api-snippets.git,"as detected from PackageJson property ""repository.url""",https://github.com/mojaloop/api-snippets#readme,"as detected from PackageJson property ""homepage""",https://github.com/mojaloop/api-snippets/issues,"as detected from PackageJson property ""bugs.url""",https://registry.npmjs.org/@mojaloop/api-snippets/-/api-snippets-18.4.0.tgz,"as detected from npm-ls property ""resolved""",,,,active,Active in npm registry,2026-07-08T13:58:00.817Z
library,@mojaloop/api-snippets@18.4.0|@apidevtools/json-schema-ref-parser@15.5.2,MIT,@apidevtools,JonLuca DeCaro,json-schema-ref-parser,15.5.2,pkg:npm/%40apidevtools/json-schema-ref-parser@15.5.2,node_modules/@mojaloop/api-snippets/node_modules/@apidevtools/json-schema-ref-parser,Parse~ Resolve~ and Dereference JSON Schema $ref pointers,git+https://github.com/APIDevTools/json-schema-ref-parser.git,"as detected from PackageJson property ""repository.url""",https://apidevtools.com/json-schema-ref-parser/,"as detected from PackageJson property ""homepage""",https://github.com/APIDevTools/json-schema-ref-parser/issues,"as detected from PackageJson property ""bugs.url""",https://registry.npmjs.org/@apidevtools/json-schema-ref-parser/-/json-schema-ref-parser-15.5.2.tgz,"as detected from npm-ls property ""resolved""",,,apis@jonlu.ca,active,Active in npm registry,2026-09-06T02:39:03.172Z
library,@mojaloop/api-snippets@18.4.0|@apidevtools/json-schema-ref-parser@15.5.2|js-yaml@5.4.2,MIT,,Vladimir Zapparov,js-yaml,5.4.2,pkg:npm/js-yaml@5.4.2,node_modules/@mojaloop/api-snippets/node_modules/@apidevtools/json-schema-ref-parser/node_modules/js-yaml,YAML 1.2 parser and serializer,git+https://github.com/nodeca/js-yaml.git,"as detected from PackageJson property ""repository.url""",https://github.com/nodeca/js-yaml#readme,"as detected from PackageJson property ""homepage""",https://github.com/nodeca/js-yaml/issues,"as detected from PackageJson property ""bugs.url""",https://registry.npmjs.org/js-yaml/-/js-yaml-5.4.2.tgz,"as detected from npm-ls property ""resolved""",,,dervus.grim@gmail.com,active,Active in npm registry,2026-09-13T00:15:39.520Z
library,@mojaloop/api-snippets@18.4.0|commander@14.0.3,MIT,,TJ Holowaychuk,commander,14.0.3,pkg:npm/commander@14.0.3,node_modules/@mojaloop/api-snippets/node_modules/commander,the complete solution for node.js command-line programs,git+https://github.com/tj/commander.js.git,"as detected from PackageJson property ""repository.url""",https://github.com/tj/commander.js#readme,"as detected from PackageJson property ""homepage""",https://github.com/tj/commander.js/issues,"as detected from PackageJson property ""bugs.url""",https://registry.npmjs.org/commander/-/commander-14.0.3.tgz,"as detected from npm-ls property ""resolved""",,,tj@vision-media.ca,active,Active in npm registry,2026-09-02T19:31:26.165Z
library,argparse@2.0.1,Python-2.0,,,argparse,2.0.1,pkg:npm/argparse@2.0.1?vcs_url=git%2Bhttps%3A%2F%2Fgithub.com%2Fnodeca%2Fargparse.git,node_modules/argparse,CLI arguments parser. Native port of python's argparse.,git+https://github.com/nodeca/argparse.git,"as detected from PackageJson property ""repository.url""",https://github.com/nodeca/argparse#readme,"as detected from PackageJson property ""homepage""",https://github.com/nodeca/argparse/issues,"as detected from PackageJson property ""bugs.url""",,,,,,active,Active in npm registry,2026-09-10T18:44:02.317Z
library,undici@6.28.1,MIT,,,undici,6.28.1,pkg:npm/undici@6.28.1,node_modules/undici,An HTTP/1.1 client~ written from scratch for Node.js,git+https://github.com/nodejs/undici.git,"as detected from PackageJson property ""repository.url""",https://undici.nodejs.org,"as detected from PackageJson property ""homepage""",https://github.com/nodejs/undici/issues,"as detected from PackageJson property ""bugs.url""",https://registry.npmjs.org/undici/-/undici-6.28.1.tgz,"as detected from npm-ls property ""resolved""",,,,active,Active in npm registry,2026-09-04T14:25:12.123Z
library,@redocly/openapi-core@2.53.2,MIT,@redocly,,openapi-core,2.53.2,pkg:npm/%40redocly/openapi-core@2.53.2,node_modules/@redocly/openapi-core,,git+https://github.com/Redocly/redocly-cli.git,"as detected from PackageJson property ""repository.url""",https://github.com/Redocly/redocly-cli,"as detected from PackageJson property ""homepage""",https://github.com/Redocly/redocly-cli/issues,"as detected from PackageJson property ""bugs.url""",https://registry.npmjs.org/@redocly/openapi-core/-/openapi-core-2.53.2.tgz,"as detected from npm-ls property ""resolved""",,,,active,Active in npm registry,2026-09-16T14:26:00.599Z
library,@redocly/openapi-core@2.53.2|js-yaml@5.4.2,MIT,,Vladimir Zapparov,js-yaml,5.4.2,pkg:npm/js-yaml@5.4.2,node_modules/@redocly/openapi-core/node_modules/js-yaml,YAML 1.2 parser and serializer,git+https://github.com/nodeca/js-yaml.git,"as detected from PackageJson property ""repository.url""",https://github.com/nodeca/js-yaml#readme,"as detected from PackageJson property ""homepage""",https://github.com/nodeca/js-yaml/issues,"as detected from PackageJson property ""bugs.url""",https://registry.npmjs.org/js-yaml/-/js-yaml-5.4.2.tgz,"as detected from npm-ls property ""resolved""",,,dervus.grim@gmail.com,active,Active in npm registry,2026-09-13T00:15:39.520Z
library,@redocly/openapi-core@2.53.2|picomatch@4.0.7,MIT,,Jon Schlinkert,picomatch,4.0.7,pkg:npm/picomatch@4.0.7,node_modules/@redocly/openapi-core/node_modules/picomatch,Blazing fast and accurate glob matcher written in JavaScript~ with no dependencies and full support for standard and extended Bash glob features~ including braces~ extglobs~ POSIX brackets~ and regular expressions.,git+https://github.com/micromatch/picomatch.git,"as detected from PackageJson property ""repository.url""",https://github.com/micromatch/picomatch,"as detected from PackageJson property ""homepage""",https://github.com/micromatch/picomatch/issues,"as detected from PackageJson property ""bugs.url""",https://registry.npmjs.org/picomatch/-/picomatch-4.0.7.tgz,"as detected from npm-ls property ""resolved""",,,,active,Active in npm registry,2026-08-24T14:36:23.879Z
library,@redocly/ajv@8.18.3,MIT,@redocly,Evgeny Poberezkin,ajv,8.18.3,pkg:npm/%40redocly/ajv@8.18.3,node_modules/@redocly/ajv,Another JSON Schema Validator,git+https://github.com/Redocly/ajv.git,"as detected from PackageJson property ""repository.url""",https://github.com/Redocly/ajv#readme,"as detected from PackageJson property ""homepage""",https://github.com/Redocly/ajv/issues,"as detected from PackageJson property ""bugs.url""",https://registry.npmjs.org/@redocly/ajv/-/ajv-8.18.3.tgz,"as detected from npm-ls property ""resolved""",,,,active,Active in npm registry,2026-07-20T13:32:14.288Z
library,fast-deep-equal@3.1.3,MIT,,Evgeny Poberezkin,fast-deep-equal,3.1.3,pkg:npm/fast-deep-equal@3.1.3?vcs_url=git%2Bhttps%3A%2F%2Fgithub.com%2Fepoberezkin%2Ffast-deep-equal.git,node_modules/fast-deep-equal,Fast deep equal,git+https://github.com/epoberezkin/fast-deep-equal.git,"as detected from PackageJson property ""repository.url""",https://github.com/epoberezkin/fast-deep-equal#readme,"as detected from PackageJson property ""homepage""",https://github.com/epoberezkin/fast-deep-equal/issues,"as detected from PackageJson property ""bugs.url""",,,,,,active,Active in npm registry,2023-06-22T16:31:52.032Z
library,fast-uri@3.1.8,BSD-3-Clause,,Vincent Le Goff,fast-uri,3.1.8,pkg:npm/fast-uri@3.1.8?vcs_url=git%2Bhttps%3A%2F%2Fgithub.com%2Ffastify%2Ffast-uri.git,node_modules/fast-uri,Dependency-free RFC 3986 URI toolbox,git+https://github.com/fastify/fast-uri.git,"as detected from PackageJson property ""repository.url""",https://github.com/fastify/fast-uri,"as detected from PackageJson property ""homepage""",https://github.com/fastify/fast-uri/issues,"as detected from PackageJson property ""bugs.url""",,,,,vince.legoff@gmail.com,active,Active in npm registry,2026-09-15T07:38:43.708Z
library,json-schema-traverse@1.0.0,MIT,,Evgeny Poberezkin,json-schema-traverse,1.0.0,pkg:npm/json-schema-traverse@1.0.0?vcs_url=git%2Bhttps%3A%2F%2Fgithub.com%2Fepoberezkin%2Fjson-schema-traverse.git,node_modules/json-schema-traverse,Traverse JSON Schema passing each schema object to callback,git+https://github.com/epoberezkin/json-schema-traverse.git,"as detected from PackageJson property ""repository.url""",https://github.com/epoberezkin/json-schema-traverse#readme,"as detected from PackageJson property ""homepage""",https://github.com/epoberezkin/json-schema-traverse/issues,"as detected from PackageJson property ""bugs.url""",,,,,,active,Active in npm registry,2023-06-22T16:32:38.879Z
library,require-from-string@2.0.2,MIT,,Vsevolod Strukchinsky,require-from-string,2.0.2,pkg:npm/require-from-string@2.0.2?vcs_url=git%2Bhttps%3A%2F%2Fgithub.com%2Ffloatdrop%2Frequire-from-string.git,node_modules/require-from-string,Require module from string,git+https://github.com/floatdrop/require-from-string.git,"as detected from PackageJson property ""repository.url""",https://github.com/floatdrop/require-from-string#readme,"as detected from PackageJson property ""homepage""",https://github.com/floatdrop/require-from-string/issues,"as detected from PackageJson property ""bugs.url""",,,,,floatdrop@gmail.com,active,Active in npm registry,2022-06-26T11:37:26.323Z
library,@redocly/config@0.56.0,MIT,@redocly,,config,0.56.0,pkg:npm/%40redocly/config@0.56.0,node_modules/@redocly/config,,,,,,,,https://registry.npmjs.org/@redocly/config/-/config-0.56.0.tgz,"as detected from npm-ls property ""resolved""",,,,active,Active in npm registry,2026-09-03T15:33:22.571Z
library,json-schema-to-ts@2.7.2,MIT,,Thomas Aribart,json-schema-to-ts,2.7.2,pkg:npm/json-schema-to-ts@2.7.2,node_modules/json-schema-to-ts,Infer typescript types from your JSON schemas!,git+https://github.com/ThomasAribart/json-schema-to-ts.git,"as detected from PackageJson property ""repository.url""",https://github.com/ThomasAribart/json-schema-to-ts#readme,"as detected from PackageJson property ""homepage""",https://github.com/ThomasAribart/json-schema-to-ts/issues,"as detected from PackageJson property ""bugs.url""",https://registry.npmjs.org/json-schema-to-ts/-/json-schema-to-ts-2.7.2.tgz,"as detected from npm-ls property ""resolved""",,,,active,Active in npm registry,2024-08-29T16:56:23.298Z
library,@babel/runtime@7.29.7,MIT,@babel,The Babel Team,runtime,7.29.7,pkg:npm/%40babel/runtime@7.29.7#packages/babel-runtime,node_modules/@babel/runtime,babel's modular runtime helpers,git+https://github.com/babel/babel.git#packages/babel-runtime,"as detected from PackageJson property ""repository.url"" and ""repository.directory""",https://babel.dev/docs/en/next/babel-runtime,"as detected from PackageJson property ""homepage""",https://github.com/babel/babel/issues,"as detected from PackageJson property ""bugs.url""",https://registry.npmjs.org/@babel/runtime/-/runtime-7.29.7.tgz,"as detected from npm-ls property ""resolved""",,,,active,Active in npm registry,2026-09-10T21:12:33.017Z
library,ts-algebra@1.2.2,MIT,,Thomas Aribart,ts-algebra,1.2.2,pkg:npm/ts-algebra@1.2.2,node_modules/ts-algebra,Types on steroids 💊,git+https://github.com/ThomasAribart/ts-algebra.git,"as detected from PackageJson property ""repository.url""",https://github.com/ThomasAribart/ts-algebra#readme,"as detected from PackageJson property ""homepage""",https://github.com/ThomasAribart/ts-algebra/issues,"as detected from PackageJson property ""bugs.url""",https://registry.npmjs.org/ts-algebra/-/ts-algebra-1.2.2.tgz,"as detected from npm-ls property ""resolved""",,,,active,Active in npm registry,2024-05-04T15:59:28.548Z
library,colorette@1.4.0,MIT,,Jorge Bucaran,colorette,1.4.0,pkg:npm/colorette@1.4.0,node_modules/colorette,Easily set the text color and style in the terminal.,git+https://github.com/jorgebucaran/colorette.git,"as detected from PackageJson property ""repository.url""",https://github.com/jorgebucaran/colorette#readme,"as detected from PackageJson property ""homepage""",https://github.com/jorgebucaran/colorette/issues,"as detected from PackageJson property ""bugs.url""",https://registry.npmjs.org/colorette/-/colorette-1.4.0.tgz,"as detected from npm-ls property ""resolved""",,,,active,Active in npm registry,2023-04-16T15:34:10.025Z
library,graphql@16.14.2,MIT,,,graphql,16.14.2,pkg:npm/graphql@16.14.2,node_modules/graphql,A Query Language and Runtime which can target any service.,git+https://github.com/graphql/graphql-js.git,"as detected from PackageJson property ""repository.url""",https://github.com/graphql/graphql-js,"as detected from PackageJson property ""homepage""",https://github.com/graphql/graphql-js/issues,"as detected from PackageJson property ""bugs.url""",https://registry.npmjs.org/graphql/-/graphql-16.14.2.tgz,"as detected from npm-ls property ""resolved""",,,,active,Active in npm registry,2026-08-28T08:59:21.352Z
library,js-levenshtein@1.1.6,MIT,,Gustaf Andersson,js-levenshtein,1.1.6,pkg:npm/js-levenshtein@1.1.6,node_modules/js-levenshtein,The most efficient JS implementation calculating the Levenshtein distance~ i.e. the difference between two strings.,git+https://github.com/gustf/js-levenshtein.git,"as detected from PackageJson property ""repository.url""",https://github.com/gustf/js-levenshtein#readme,"as detected from PackageJson property ""homepage""",https://github.com/gustf/js-levenshtein/issues,"as detected from PackageJson property ""bugs.url""",https://registry.npmjs.org/js-levenshtein/-/js-levenshtein-1.1.6.tgz,"as detected from npm-ls property ""resolved""",,,gustaf@me.com,active,Active in npm registry,2022-06-19T05:37:25.073Z
library,pluralize@8.0.0,MIT,,Blake Embrey,pluralize,8.0.0,pkg:npm/pluralize@8.0.0,node_modules/pluralize,Pluralize and singularize any word,git+https://github.com/blakeembrey/pluralize.git,"as detected from PackageJson property ""repository.url""",https://github.com/blakeembrey/pluralize#readme,"as detected from PackageJson property ""homepage""",https://github.com/blakeembrey/pluralize/issues,"as detected from PackageJson property ""bugs.url""",https://registry.npmjs.org/pluralize/-/pluralize-8.0.0.tgz,"as detected from npm-ls property ""resolved""",,,hello@blakeembrey.com,active,Active in npm registry,2023-07-12T04:07:57.607Z
library,yaml-ast-parser@0.0.43,Apache-2.0,,,yaml-ast-parser,0.0.43,pkg:npm/yaml-ast-parser@0.0.43,node_modules/yaml-ast-parser,,git+https://github.com/mulesoft-labs/yaml-ast-parser.git,"as detected from PackageJson property ""repository.url""",https://github.com/mulesoft-labs/yaml-ast-parser,"as detected from PackageJson property ""homepage""",https://github.com/mulesoft-labs/yaml-ast-parser/issues,"as detected from PackageJson property ""bugs.url""",https://registry.npmjs.org/yaml-ast-parser/-/yaml-ast-parser-0.0.43.tgz,"as detected from npm-ls property ""resolved""",,,,active,Active in npm registry,2022-06-29T06:47:16.063Z
library,jest-ts-auto-mock@2.1.0,ISC,,,jest-ts-auto-mock,2.1.0,pkg:npm/jest-ts-auto-mock@2.1.0,node_modules/jest-ts-auto-mock,This is a library that extend [ts-auto-mock](https://github.com/Typescript-TDD/ts-auto-mock) to be used with jasmine,git+https://github.com/Typescript-TDD/jest-ts-auto-mock.git,"as detected from PackageJson property ""repository.url""",https://github.com/Typescript-TDD/jest-ts-auto-mock.git#readme,"as detected from PackageJson property ""homepage""",https://github.com/Typescript-TDD/jest-ts-auto-mock.git/issues,"as detected from PackageJson property ""bugs.url""",https://registry.npmjs.org/jest-ts-auto-mock/-/jest-ts-auto-mock-2.1.0.tgz,"as detected from npm-ls property ""resolved""",,,,active,Active in npm registry,2022-05-06T12:49:20.504Z
library,ts-auto-mock@3.7.4,MIT,,Vittorio Guerriero & Giulio Caprino,ts-auto-mock,3.7.4,pkg:npm/ts-auto-mock@3.7.4?vcs_url=git%2Bhttps%3A%2F%2Fgithub.com%2FTypescript-TDD%2Fts-auto-mock.git,node_modules/ts-auto-mock,Typescript transformer to unlock automatic mock creation for interfaces and classes,git+https://github.com/Typescript-TDD/ts-auto-mock.git,"as detected from PackageJson property ""repository.url""",https://github.com/Typescript-TDD/ts-auto-mock#readme,"as detected from PackageJson property ""homepage""",https://github.com/Typescript-TDD/ts-auto-mock/issues,"as detected from PackageJson property ""bugs.url""",,,,,,active,Active in npm registry,2024-08-24T20:59:07.052Z
library,json-refs@3.0.15,MIT,,Jeremy Whitlock,json-refs,3.0.15,pkg:npm/json-refs@3.0.15,node_modules/json-refs,Various utilities for JSON References (http://tools.ietf.org/html/draft-pbryan-zyp-json-ref-03).,git+https://github.com/whitlockjc/json-refs.git,"as detected from PackageJson property ""repository.url""",https://github.com/whitlockjc/json-refs,"as detected from PackageJson property ""homepage""",https://github.com/whitlockjc/json-refs/issues,"as detected from PackageJson property ""bugs.url""",https://registry.npmjs.org/json-refs/-/json-refs-3.0.15.tgz,"as detected from npm-ls property ""resolved""",,,jwhitlock@apache.org,active,Active in npm registry,2022-06-19T06:22:07.883Z
library,json-refs@3.0.15|commander@4.1.1,MIT,,TJ Holowaychuk,commander,4.1.1,pkg:npm/commander@4.1.1,node_modules/json-refs/node_modules/commander,the complete solution for node.js command-line programs,git+https://github.com/tj/commander.js.git,"as detected from PackageJson property ""repository.url""",https://github.com/tj/commander.js#readme,"as detected from PackageJson property ""homepage""",https://github.com/tj/commander.js/issues,"as detected from PackageJson property ""bugs.url""",https://registry.npmjs.org/commander/-/commander-4.1.1.tgz,"as detected from npm-ls property ""resolved""",,,tj@vision-media.ca,active,Active in npm registry,2026-09-02T19:31:26.165Z
library,json-refs@3.0.15|js-yaml@3.15.2,MIT,,Vladimir Zapparov,js-yaml,3.15.2,pkg:npm/js-yaml@3.15.2,node_modules/json-refs/node_modules/js-yaml,YAML 1.2 parser and serializer,git+https://github.com/nodeca/js-yaml.git,"as detected from PackageJson property ""repository.url""",https://github.com/nodeca/js-yaml,"as detected from PackageJson property ""homepage""",https://github.com/nodeca/js-yaml/issues,"as detected from PackageJson property ""bugs.url""",https://registry.npmjs.org/js-yaml/-/js-yaml-3.15.2.tgz,"as detected from npm-ls property ""resolved""",,,dervus.grim@gmail.com,active,Active in npm registry,2026-09-13T00:15:39.520Z
library,json-refs@3.0.15|argparse@1.0.10,MIT,,,argparse,1.0.10,pkg:npm/argparse@1.0.10,node_modules/json-refs/node_modules/argparse,Very powerful CLI arguments parser. Native port of argparse - python's options parsing library,git+https://github.com/nodeca/argparse.git,"as detected from PackageJson property ""repository.url""",https://github.com/nodeca/argparse#readme,"as detected from PackageJson property ""homepage""",https://github.com/nodeca/argparse/issues,"as detected from PackageJson property ""bugs.url""",https://registry.npmjs.org/argparse/-/argparse-1.0.10.tgz,"as detected from npm-ls property ""resolved""",,,,active,Active in npm registry,2026-09-10T18:44:02.317Z
library,json-refs@3.0.15|esprima@4.0.1,BSD-2-Clause,,Ariya Hidayat,esprima,4.0.1,pkg:npm/esprima@4.0.1,node_modules/json-refs/node_modules/esprima,ECMAScript parsing infrastructure for multipurpose analysis,git+https://github.com/jquery/esprima.git,"as detected from PackageJson property ""repository.url""",http://esprima.org,"as detected from PackageJson property ""homepage""",https://github.com/jquery/esprima/issues,"as detected from PackageJson property ""bugs.url""",https://registry.npmjs.org/esprima/-/esprima-4.0.1.tgz,"as detected from npm-ls property ""resolved""",,,ariya.hidayat@gmail.com,active,Active in npm registry,2023-04-30T00:33:23.236Z
library,graphlib@2.1.8,MIT,,Chris Pettitt,graphlib,2.1.8,pkg:npm/graphlib@2.1.8,node_modules/graphlib,A directed and undirected multi-graph library,git+https://github.com/dagrejs/graphlib.git,"as detected from PackageJson property ""repository.url""",https://github.com/dagrejs/graphlib#readme,"as detected from PackageJson property ""homepage""",https://github.com/dagrejs/graphlib/issues,"as detected from PackageJson property ""bugs.url""",https://registry.npmjs.org/graphlib/-/graphlib-2.1.8.tgz,"as detected from npm-ls property ""resolved""",,,cpettitt@gmail.com,active,Active in npm registry,2022-06-18T13:53:48.006Z
library,sprintf-js@1.0.3,BSD-3-Clause,,Alexandru Marasteanu,sprintf-js,1.0.3,pkg:npm/sprintf-js@1.0.3?vcs_url=git%2Bhttps%3A%2F%2Fgithub.com%2Falexei%2Fsprintf.js.git,node_modules/sprintf-js,JavaScript sprintf implementation,git+https://github.com/alexei/sprintf.js.git,"as detected from PackageJson property ""repository.url""",https://github.com/alexei/sprintf.js#readme,"as detected from PackageJson property ""homepage""",https://github.com/alexei/sprintf.js/issues,"as detected from PackageJson property ""bugs.url""",,,,,hello@alexei.ro,active,Active in npm registry,2024-10-22T17:26:19.033Z
library,native-promise-only@0.8.1,MIT,,Kyle Simpson,native-promise-only,0.8.1,pkg:npm/native-promise-only@0.8.1,node_modules/native-promise-only,Native Promise Only: A polyfill for native ES6 Promises **only**~ nothing else.,git://github.com/getify/native-promise-only.git,"as detected from PackageJson property ""repository.url""",http://github.com/getify/native-promise-only,"as detected from PackageJson property ""homepage""",https://github.com/getify/native-promise-only/issues,"as detected from PackageJson property ""bugs.url""",https://registry.npmjs.org/native-promise-only/-/native-promise-only-0.8.1.tgz,"as detected from npm-ls property ""resolved""",,,getify@gmail.com,active,Active in npm registry,2022-06-20T20:51:40.453Z
library,path-loader@1.0.12,MIT,,Jeremy Whitlock,path-loader,1.0.12,pkg:npm/path-loader@1.0.12,node_modules/path-loader,Utility that provides a single API for loading the content of a path/URL.,git+https://github.com/whitlockjc/path-loader.git,"as detected from PackageJson property ""repository.url""",https://github.com/whitlockjc/path-loader,"as detected from PackageJson property ""homepage""",https://github.com/whitlockjc/path-loader/issues,"as detected from PackageJson property ""bugs.url""",https://registry.npmjs.org/path-loader/-/path-loader-1.0.12.tgz,"as detected from npm-ls property ""resolved""",,,jwhitlock@apache.org,active,Active in npm registry,2022-06-23T14:36:09.907Z
library,superagent@7.1.6,MIT,,TJ Holowaychuk,superagent,7.1.6,pkg:npm/superagent@7.1.6,node_modules/superagent,elegant & feature rich browser / node HTTP with a fluent API,git://github.com/visionmedia/superagent.git,"as detected from PackageJson property ""repository.url""",https://github.com/visionmedia/superagent,"as detected from PackageJson property ""homepage""",https://github.com/visionmedia/superagent/issues,"as detected from PackageJson property ""bugs.url""",https://registry.npmjs.org/superagent/-/superagent-7.1.6.tgz,"as detected from npm-ls property ""resolved""",,,tj@vision-media.ca,deprecated,"Please upgrade to superagent v10.2.2+, see release notes at https://github.com/forwardemail/superagent/releases/tag/v10.2.2 - maintenance is supported by Forward Email @ https://forwardemail.net",2026-01-06T07:45:00.782Z
library,superagent@7.1.6|readable-stream@3.6.2,MIT,,,readable-stream,3.6.2,pkg:npm/readable-stream@3.6.2,node_modules/superagent/node_modules/readable-stream,Streams3~ a user-land copy of the stream library from Node.js,git://github.com/nodejs/readable-stream.git,"as detected from PackageJson property ""repository.url""",https://github.com/nodejs/readable-stream#readme,"as detected from PackageJson property ""homepage""",https://github.com/nodejs/readable-stream/issues,"as detected from PackageJson property ""bugs.url""",https://registry.npmjs.org/readable-stream/-/readable-stream-3.6.2.tgz,"as detected from npm-ls property ""resolved""",,,,active,Active in npm registry,2025-01-07T09:15:39.036Z
library,component-emitter@1.3.1,MIT,,,component-emitter,1.3.1,pkg:npm/component-emitter@1.3.1,node_modules/component-emitter,Event emitter,git+https://github.com/sindresorhus/component-emitter.git,"as detected from PackageJson property ""repository.url""",https://github.com/sindresorhus/component-emitter#readme,"as detected from PackageJson property ""homepage""",https://github.com/sindresorhus/component-emitter/issues,"as detected from PackageJson property ""bugs.url""",https://registry.npmjs.org/component-emitter/-/component-emitter-1.3.1.tgz,"as detected from npm-ls property ""resolved""",,,,active,Active in npm registry,2023-11-17T20:46:51.446Z
library,cookiejar@2.1.4,MIT,,bradleymeck,cookiejar,2.1.4,pkg:npm/cookiejar@2.1.4,node_modules/cookiejar,simple persistent cookiejar system,git+https://github.com/bmeck/node-cookiejar.git,"as detected from PackageJson property ""repository.url""",https://github.com/bmeck/node-cookiejar#readme,"as detected from PackageJson property ""homepage""",https://github.com/bmeck/node-cookiejar/issues,"as detected from PackageJson property ""bugs.url""",https://registry.npmjs.org/cookiejar/-/cookiejar-2.1.4.tgz,"as detected from npm-ls property ""resolved""",,,,active,Active in npm registry,2023-01-13T02:08:09.613Z
library,formidable@2.1.5,MIT,,,formidable,2.1.5,pkg:npm/formidable@2.1.5,node_modules/formidable,A node.js module for parsing form data~ especially file uploads.,git+https://github.com/node-formidable/formidable.git,"as detected from PackageJson property ""repository.url""",https://github.com/node-formidable/formidable,"as detected from PackageJson property ""homepage""",https://github.com/node-formidable/formidable/issues,"as detected from PackageJson property ""bugs.url""",https://registry.npmjs.org/formidable/-/formidable-2.1.5.tgz,"as detected from npm-ls property ""resolved""",,,,active,Active in npm registry,2026-03-15T22:30:14.022Z
library,@paralleldrive/cuid2@2.3.1,MIT,@paralleldrive,Eric Elliott,cuid2,2.3.1,pkg:npm/%40paralleldrive/cuid2@2.3.1,node_modules/@paralleldrive/cuid2,,git+https://github.com/ericelliott/cuid2.git,"as detected from PackageJson property ""repository.url""",https://github.com/ericelliott/cuid2#readme,"as detected from PackageJson property ""homepage""",https://github.com/ericelliott/cuid2/issues,"as detected from PackageJson property ""bugs.url""",https://registry.npmjs.org/@paralleldrive/cuid2/-/cuid2-2.3.1.tgz,"as detected from npm-ls property ""resolved""",,,,active,Active in npm registry,2026-03-24T08:42:12.696Z
library,@noble/hashes@1.8.0,MIT,@noble,Paul Miller,hashes,1.8.0,pkg:npm/%40noble/hashes@1.8.0,node_modules/@noble/hashes,Audited & minimal 0-dependency JS implementation of SHA~ RIPEMD~ BLAKE~ HMAC~ HKDF~ PBKDF & Scrypt,git+https://github.com/paulmillr/noble-hashes.git,"as detected from PackageJson property ""repository.url""",https://paulmillr.com/noble/,"as detected from PackageJson property ""homepage""",https://github.com/paulmillr/noble-hashes/issues,"as detected from PackageJson property ""bugs.url""",https://registry.npmjs.org/@noble/hashes/-/hashes-1.8.0.tgz,"as detected from npm-ls property ""resolved""",,,,active,Active in npm registry,2026-08-27T13:02:42.894Z
library,dezalgo@1.0.4,ISC,,Isaac Z. Schlueter,dezalgo,1.0.4,pkg:npm/dezalgo@1.0.4,node_modules/dezalgo,Contain async insanity so that the dark pony lord doesn't eat souls,git+https://github.com/npm/dezalgo.git,"as detected from PackageJson property ""repository.url""",https://github.com/npm/dezalgo,"as detected from PackageJson property ""homepage""",https://github.com/npm/dezalgo/issues,"as detected from PackageJson property ""bugs.url""",https://registry.npmjs.org/dezalgo/-/dezalgo-1.0.4.tgz,"as detected from npm-ls property ""resolved""",,,i@izs.me,active,Active in npm registry,2024-04-20T21:34:26.839Z
library,asap@2.0.6,MIT,,,asap,2.0.6,pkg:npm/asap@2.0.6,node_modules/asap,High-priority task queue for Node.js and browsers,git+https://github.com/kriskowal/asap.git,"as detected from PackageJson property ""repository.url""",https://github.com/kriskowal/asap#readme,"as detected from PackageJson property ""homepage""",https://github.com/kriskowal/asap/issues,"as detected from PackageJson property ""bugs.url""",https://registry.npmjs.org/asap/-/asap-2.0.6.tgz,"as detected from npm-ls property ""resolved""",,,,active,Active in npm registry,2023-07-12T19:04:50.178Z
library,wrappy@1.0.2,ISC,,Isaac Z. Schlueter,wrappy,1.0.2,pkg:npm/wrappy@1.0.2?vcs_url=git%2Bhttps%3A%2F%2Fgithub.com%2Fnpm%2Fwrappy.git,node_modules/wrappy,Callback wrapping utility,git+https://github.com/npm/wrappy.git,"as detected from PackageJson property ""repository.url""",https://github.com/npm/wrappy,"as detected from PackageJson property ""homepage""",https://github.com/npm/wrappy/issues,"as detected from PackageJson property ""bugs.url""",,,,,i@izs.me,active,Active in npm registry,2023-06-22T16:34:09.617Z
library,methods@1.1.2,MIT,,,methods,1.1.2,pkg:npm/methods@1.1.2,node_modules/methods,HTTP methods that node supports,git+https://github.com/jshttp/methods.git,"as detected from PackageJson property ""repository.url""",https://github.com/jshttp/methods#readme,"as detected from PackageJson property ""homepage""",https://github.com/jshttp/methods/issues,"as detected from PackageJson property ""bugs.url""",https://registry.npmjs.org/methods/-/methods-1.1.2.tgz,"as detected from npm-ls property ""resolved""",,,,active,Active in npm registry,2025-05-14T14:56:00.308Z
library,mime@2.6.0,MIT,,Robert Kieffer,mime,2.6.0,pkg:npm/mime@2.6.0,node_modules/mime,A comprehensive library for mime-type mapping,git+https://github.com/broofa/mime.git,"as detected from PackageJson property ""repository.url""",https://github.com/broofa/mime#readme,"as detected from PackageJson property ""homepage""",https://github.com/broofa/mime/issues,"as detected from PackageJson property ""bugs.url""",https://registry.npmjs.org/mime/-/mime-2.6.0.tgz,"as detected from npm-ls property ""resolved""",,,robert@broofa.com,active,Active in npm registry,2025-09-12T17:53:01.540Z
library,semver@7.8.5,ISC,,GitHub Inc.,semver,7.8.5,pkg:npm/semver@7.8.5?vcs_url=git%2Bhttps%3A%2F%2Fgithub.com%2Fnpm%2Fnode-semver.git,node_modules/semver,The semantic version parser used by npm.,git+https://github.com/npm/node-semver.git,"as detected from PackageJson property ""repository.url""",https://github.com/npm/node-semver#readme,"as detected from PackageJson property ""homepage""",https://github.com/npm/node-semver/issues,"as detected from PackageJson property ""bugs.url""",,,,,,active,Active in npm registry,2026-09-09T20:11:27.644Z
library,slash@3.0.0,MIT,,Sindre Sorhus,slash,3.0.0,pkg:npm/slash@3.0.0?vcs_url=git%2Bhttps%3A%2F%2Fgithub.com%2Fsindresorhus%2Fslash.git,node_modules/slash,Convert Windows backslash paths to slash paths,git+https://github.com/sindresorhus/slash.git,"as detected from PackageJson property ""repository.url""",https://github.com/sindresorhus/slash#readme,"as detected from PackageJson property ""homepage""",https://github.com/sindresorhus/slash/issues,"as detected from PackageJson property ""bugs.url""",,,,,sindresorhus@gmail.com,active,Active in npm registry,2023-06-09T21:55:09.388Z
library,uri-js@4.4.1,BSD-2-Clause,,Gary Court,uri-js,4.4.1,pkg:npm/uri-js@4.4.1?vcs_url=git%2Bssh%3A%2F%2Fgit%40github.com%2Fgarycourt%2Furi-js.git,node_modules/uri-js,An RFC 3986/3987 compliant~ scheme extendable URI/IRI parsing/validating/resolving library for JavaScript.,git+ssh://git@github.com/garycourt/uri-js.git,"as detected from PackageJson property ""repository.url""",https://github.com/garycourt/uri-js,"as detected from PackageJson property ""homepage""",https://github.com/garycourt/uri-js/issues,"as detected from PackageJson property ""bugs.url""",,,,,gary.court@gmail.com,active,Active in npm registry,2023-06-22T16:34:03.088Z
library,openapi-typescript@7.13.0,MIT,,Drew Powers,openapi-typescript,7.13.0,pkg:npm/openapi-typescript@7.13.0#packages/openapi-typescript,node_modules/openapi-typescript,Convert OpenAPI 3.0 & 3.1 schemas to TypeScript,git+https://github.com/openapi-ts/openapi-typescript.git#packages/openapi-typescript,"as detected from PackageJson property ""repository.url"" and ""repository.directory""",https://openapi-ts.dev,"as detected from PackageJson property ""homepage""",https://github.com/openapi-ts/openapi-typescript/issues,"as detected from PackageJson property ""bugs.url""",https://registry.npmjs.org/openapi-typescript/-/openapi-typescript-7.13.0.tgz,"as detected from npm-ls property ""resolved""",,,drew@pow.rs,active,Active in npm registry,2026-06-15T07:56:25.328Z
library,openapi-typescript@7.13.0|@redocly/openapi-core@1.34.20,MIT,@redocly,,openapi-core,1.34.20,pkg:npm/%40redocly/openapi-core@1.34.20,node_modules/openapi-typescript/node_modules/@redocly/openapi-core,,git+https://github.com/Redocly/redocly-cli.git,"as detected from PackageJson property ""repository.url""",https://github.com/Redocly/redocly-cli,"as detected from PackageJson property ""homepage""",https://github.com/Redocly/redocly-cli/issues,"as detected from PackageJson property ""bugs.url""",https://registry.npmjs.org/@redocly/openapi-core/-/openapi-core-1.34.20.tgz,"as detected from npm-ls property ""resolved""",,,,active,Active in npm registry,2026-09-16T14:26:00.599Z
library,openapi-typescript@7.13.0|@redocly/ajv@8.11.2,MIT,@redocly,Evgeny Poberezkin,ajv,8.11.2,pkg:npm/%40redocly/ajv@8.11.2,node_modules/openapi-typescript/node_modules/@redocly/ajv,Another JSON Schema Validator,git+https://github.com/ajv-validator/ajv.git,"as detected from PackageJson property ""repository.url""",https://ajv.js.org,"as detected from PackageJson property ""homepage""",https://github.com/ajv-validator/ajv/issues,"as detected from PackageJson property ""bugs.url""",https://registry.npmjs.org/@redocly/ajv/-/ajv-8.11.2.tgz,"as detected from npm-ls property ""resolved""",,,,active,Active in npm registry,2026-07-20T13:32:14.288Z
library,openapi-typescript@7.13.0|@redocly/config@0.22.0,MIT,@redocly,,config,0.22.0,pkg:npm/%40redocly/config@0.22.0,node_modules/openapi-typescript/node_modules/@redocly/config,,,,,,,,https://registry.npmjs.org/@redocly/config/-/config-0.22.0.tgz,"as detected from npm-ls property ""resolved""",,,,active,Active in npm registry,2026-09-03T15:33:22.571Z
library,openapi-typescript@7.13.0|supports-color@10.2.2,MIT,,Sindre Sorhus,supports-color,10.2.2,pkg:npm/supports-color@10.2.2,node_modules/openapi-typescript/node_modules/supports-color,Detect whether a terminal supports color,git+https://github.com/chalk/supports-color.git,"as detected from PackageJson property ""repository.url""",https://github.com/chalk/supports-color#readme,"as detected from PackageJson property ""homepage""",https://github.com/chalk/supports-color/issues,"as detected from PackageJson property ""bugs.url""",https://registry.npmjs.org/supports-color/-/supports-color-10.2.2.tgz,"as detected from npm-ls property ""resolved""",,,sindresorhus@gmail.com,active,Active in npm registry,2026-07-26T15:13:36.955Z
library,uri-js-replace@1.0.1,MIT,,https://github.com/andreinwald,uri-js-replace,1.0.1,pkg:npm/uri-js-replace@1.0.1,node_modules/uri-js-replace,Replacement for abandoned library URI.js (uri-js),git+https://github.com/andreinwald/uri-js-replace.git,"as detected from PackageJson property ""repository.url""",https://github.com/andreinwald/uri-js-replace,"as detected from PackageJson property ""homepage""",https://github.com/andreinwald/uri-js-replace/issues,"as detected from PackageJson property ""bugs.url""",https://registry.npmjs.org/uri-js-replace/-/uri-js-replace-1.0.1.tgz,"as detected from npm-ls property ""resolved""",,,,active,Active in npm registry,2024-08-08T06:47:53.495Z
library,https-proxy-agent@7.0.6,MIT,,Nathan Rajlich,https-proxy-agent,7.0.6,pkg:npm/https-proxy-agent@7.0.6?vcs_url=git%2Bhttps%3A%2F%2Fgithub.com%2FTooTallNate%2Fproxy-agents.git#packages/https-proxy-agent,node_modules/https-proxy-agent,An HTTP(s) proxy `http.Agent` implementation for HTTPS,git+https://github.com/TooTallNate/proxy-agents.git#packages/https-proxy-agent,"as detected from PackageJson property ""repository.url"" and ""repository.directory""",https://github.com/TooTallNate/proxy-agents#readme,"as detected from PackageJson property ""homepage""",https://github.com/TooTallNate/proxy-agents/issues,"as detected from PackageJson property ""bugs.url""",,,,,nathan@tootallnate.net,active,Active in npm registry,2026-06-08T16:47:28.305Z
library,minimatch@5.1.9,ISC,,Isaac Z. Schlueter,minimatch,5.1.9,pkg:npm/minimatch@5.1.9,node_modules/minimatch,a glob matcher in javascript,git://github.com/isaacs/minimatch.git,"as detected from PackageJson property ""repository.url""",https://github.com/isaacs/minimatch#readme,"as detected from PackageJson property ""homepage""",https://github.com/isaacs/minimatch/issues,"as detected from PackageJson property ""bugs.url""",https://registry.npmjs.org/minimatch/-/minimatch-5.1.9.tgz,"as detected from npm-ls property ""resolved""",,,i@izs.me,active,Active in npm registry,2026-07-27T19:00:09.643Z
library,brace-expansion@2.1.7,MIT,,Julian Gruber,brace-expansion,2.1.7,pkg:npm/brace-expansion@2.1.7?vcs_url=git%3A%2F%2Fgithub.com%2Fjuliangruber%2Fbrace-expansion.git,node_modules/brace-expansion,Brace expansion as known from sh/bash,git://github.com/juliangruber/brace-expansion.git,"as detected from PackageJson property ""repository.url""",https://github.com/juliangruber/brace-expansion,"as detected from PackageJson property ""homepage""",https://github.com/juliangruber/brace-expansion/issues,"as detected from PackageJson property ""bugs.url""",,,,,mail@juliangruber.com,active,Active in npm registry,2026-09-14T22:02:58.999Z
library,ansi-colors@4.1.3,MIT,,Brian Woodward,ansi-colors,4.1.3,pkg:npm/ansi-colors@4.1.3,node_modules/ansi-colors,Easily add ANSI colors to your text and symbols in the terminal. A faster drop-in replacement for chalk~ kleur and turbocolor (without the dependencies and rendering bugs).,git+https://github.com/doowb/ansi-colors.git,"as detected from PackageJson property ""repository.url""",https://github.com/doowb/ansi-colors,"as detected from PackageJson property ""homepage""",https://github.com/doowb/ansi-colors/issues,"as detected from PackageJson property ""bugs.url""",https://registry.npmjs.org/ansi-colors/-/ansi-colors-4.1.3.tgz,"as detected from npm-ls property ""resolved""",,,,active,Active in npm registry,2023-07-07T03:58:56.931Z
library,change-case@5.4.4,MIT,,Blake Embrey,change-case,5.4.4,pkg:npm/change-case@5.4.4,node_modules/change-case,Transform a string between `camelCase`~ `PascalCase`~ `Capital Case`~ `snake_case`~ `kebab-case`~ `CONSTANT_CASE` and others,git://github.com/blakeembrey/change-case.git,"as detected from PackageJson property ""repository.url""",https://github.com/blakeembrey/change-case/tree/master/packages/change-case#readme,"as detected from PackageJson property ""homepage""",https://github.com/blakeembrey/change-case/issues,"as detected from PackageJson property ""bugs.url""",https://registry.npmjs.org/change-case/-/change-case-5.4.4.tgz,"as detected from npm-ls property ""resolved""",,,hello@blakeembrey.com,active,Active in npm registry,2026-04-24T23:30:37.218Z
library,parse-json@8.3.0,MIT,,Sindre Sorhus,parse-json,8.3.0,pkg:npm/parse-json@8.3.0,node_modules/parse-json,Parse JSON with more helpful errors,git+https://github.com/sindresorhus/parse-json.git,"as detected from PackageJson property ""repository.url""",https://github.com/sindresorhus/parse-json#readme,"as detected from PackageJson property ""homepage""",https://github.com/sindresorhus/parse-json/issues,"as detected from PackageJson property ""bugs.url""",https://registry.npmjs.org/parse-json/-/parse-json-8.3.0.tgz,"as detected from npm-ls property ""resolved""",,,sindresorhus@gmail.com,active,Active in npm registry,2025-04-09T09:02:03.484Z
library,parse-json@8.3.0|type-fest@4.41.0,,,Sindre Sorhus,type-fest,4.41.0,pkg:npm/type-fest@4.41.0,node_modules/parse-json/node_modules/type-fest,A collection of essential TypeScript types,git+https://github.com/sindresorhus/type-fest.git,"as detected from PackageJson property ""repository.url""",https://github.com/sindresorhus/type-fest#readme,"as detected from PackageJson property ""homepage""",https://github.com/sindresorhus/type-fest/issues,"as detected from PackageJson property ""bugs.url""",https://registry.npmjs.org/type-fest/-/type-fest-4.41.0.tgz,"as detected from npm-ls property ""resolved""",,,sindresorhus@gmail.com,active,Active in npm registry,2026-08-30T23:58:44.826Z
library,@babel/code-frame@7.29.7,MIT,@babel,The Babel Team,code-frame,7.29.7,pkg:npm/%40babel/code-frame@7.29.7?vcs_url=git%2Bhttps%3A%2F%2Fgithub.com%2Fbabel%2Fbabel.git#packages/babel-code-frame,node_modules/@babel/code-frame,Generate errors that contain a code frame that point to source locations.,git+https://github.com/babel/babel.git#packages/babel-code-frame,"as detected from PackageJson property ""repository.url"" and ""repository.directory""",https://babel.dev/docs/en/next/babel-code-frame,"as detected from PackageJson property ""homepage""",https://github.com/babel/babel/issues?utf8=%E2%9C%93&q=is%3Aissue+is%3Aopen,"as detected from PackageJson property ""bugs.url""",,,,,,active,Active in npm registry,2026-06-16T13:57:37.882Z
library,index-to-position@1.2.0,MIT,,Sindre Sorhus,index-to-position,1.2.0,pkg:npm/index-to-position@1.2.0,node_modules/index-to-position,Convert a string index to its line and column position,git+https://github.com/sindresorhus/index-to-position.git,"as detected from PackageJson property ""repository.url""",https://github.com/sindresorhus/index-to-position#readme,"as detected from PackageJson property ""homepage""",https://github.com/sindresorhus/index-to-position/issues,"as detected from PackageJson property ""bugs.url""",https://registry.npmjs.org/index-to-position/-/index-to-position-1.2.0.tgz,"as detected from npm-ls property ""resolved""",,,sindresorhus@gmail.com,active,Active in npm registry,2025-09-25T04:03:35.705Z
library,lodash-es@4.18.1,MIT,,John-David Dalton,lodash-es,4.18.1,pkg:npm/lodash-es@4.18.1,node_modules/lodash-es,Lodash exported as ES modules.,git+https://github.com/lodash/lodash.git,"as detected from PackageJson property ""repository.url""",https://lodash.com/custom-builds,"as detected from PackageJson property ""homepage""",https://github.com/lodash/lodash-cli/issues,"as detected from PackageJson property ""bugs.url""",https://registry.npmjs.org/lodash-es/-/lodash-es-4.18.1.tgz,"as detected from npm-ls property ""resolved""",,,john.david.dalton@gmail.com,active,Active in npm registry,2026-04-01T21:04:15.639Z
library,micromatch@4.0.8,MIT,,Jon Schlinkert,micromatch,4.0.8,pkg:npm/micromatch@4.0.8?vcs_url=git%2Bhttps%3A%2F%2Fgithub.com%2Fmicromatch%2Fmicromatch.git,node_modules/micromatch,Glob matching for javascript/node.js. A replacement and faster alternative to minimatch and multimatch.,git+https://github.com/micromatch/micromatch.git,"as detected from PackageJson property ""repository.url""",https://github.com/micromatch/micromatch,"as detected from PackageJson property ""homepage""",https://github.com/micromatch/micromatch/issues,"as detected from PackageJson property ""bugs.url""",,,,,,active,Active in npm registry,2024-09-18T05:25:40.049Z
library,@rollup/rollup-linux-x64-musl@4.62.2,MIT,@rollup,Lukas Taegert-Atkinson,rollup-linux-x64-musl,4.62.2,pkg:npm/%40rollup/rollup-linux-x64-musl@4.62.2,node_modules/@rollup/rollup-linux-x64-musl,Native bindings for Rollup,git+https://github.com/rollup/rollup.git,"as detected from PackageJson property ""repository.url""",https://rollupjs.org/,"as detected from PackageJson property ""homepage""",https://github.com/rollup/rollup/issues,"as detected from PackageJson property ""bugs.url""",https://registry.npmjs.org/@rollup/rollup-linux-x64-musl/-/rollup-linux-x64-musl-4.62.2.tgz,"as detected from npm-ls property ""resolved""",,,,active,Active in npm registry,2026-09-14T12:47:41.311Z
library,extensible-error@1.0.2,ISC,,Stefan Thomas,extensible-error,1.0.2,pkg:npm/extensible-error@1.0.2?vcs_url=git%2Bhttps%3A%2F%2Fgithub.com%2Fjustmoon%2Fextensible-error.git,node_modules/extensible-error,Error base class for Node.js/browsers,git+https://github.com/justmoon/extensible-error.git,"as detected from PackageJson property ""repository.url""",https://github.com/justmoon/extensible-error,"as detected from PackageJson property ""homepage""",https://github.com/justmoon/extensible-error/issues,"as detected from PackageJson property ""bugs.url""",,,,,justmoon@members.fsf.org,active,Active in npm registry,2022-06-17T22:55:27.418Z
library,@types/long@4.0.1,MIT,@types,,long,4.0.1,pkg:npm/%40types/long@4.0.1?vcs_url=git%2Bhttps%3A%2F%2Fgithub.com%2FDefinitelyTyped%2FDefinitelyTyped.git#types/long,node_modules/@types/long,TypeScript definitions for long.js,git+https://github.com/DefinitelyTyped/DefinitelyTyped.git#types/long,"as detected from PackageJson property ""repository.url"" and ""repository.directory""",https://github.com/DefinitelyTyped/DefinitelyTyped#readme,"as detected from PackageJson property ""homepage""",https://github.com/DefinitelyTyped/DefinitelyTyped/issues,"as detected from PackageJson property ""bugs.url""",,,,,,active,Active in npm registry,2022-08-10T21:02:37.481Z
library,map-transform-cjs@0.2.0,ISC,,Kjell-Morten Bratsberg Thorsen,map-transform-cjs,0.2.0,pkg:npm/map-transform-cjs@0.2.0,node_modules/map-transform-cjs,MapTransform with CJS support,git+https://github.com/oderayi/map-transform-cjs.git,"as detected from PackageJson property ""repository.url""",https://github.com/oderayi/map-transform-cjs#readme,"as detected from PackageJson property ""homepage""",https://github.com/oderayi/map-transform-cjs/issues,"as detected from PackageJson property ""bugs.url""",https://registry.npmjs.org/map-transform-cjs/-/map-transform-cjs-0.2.0.tgz,"as detected from npm-ls property ""resolved""",,,kjellmorten@integreat.io,active,Active in npm registry,2024-10-03T19:07:21.514Z
library,deepmerge@4.3.1,MIT,,,deepmerge,4.3.1,pkg:npm/deepmerge@4.3.1,node_modules/deepmerge,A library for deep (recursive) merging of Javascript objects,git://github.com/TehShrike/deepmerge.git,"as detected from PackageJson property ""repository.url""",https://github.com/TehShrike/deepmerge,"as detected from PackageJson property ""homepage""",https://github.com/TehShrike/deepmerge/issues,"as detected from PackageJson property ""bugs.url""",https://registry.npmjs.org/deepmerge/-/deepmerge-4.3.1.tgz,"as detected from npm-ls property ""resolved""",,,,active,Active in npm registry,2023-03-16T22:58:56.644Z
library,map-any-cjs@1.0.1,ISC,,Kjell-Morten Bratsberg Thorsen,map-any-cjs,1.0.1,pkg:npm/map-any-cjs@1.0.1,node_modules/map-any-cjs,Map mappables (functors) and other values (non-functors),git+https://github.com/oderayi/map-any-cjs.git,"as detected from PackageJson property ""repository.url""",https://github.com/oderayi/map-any-cjs#readme,"as detected from PackageJson property ""homepage""",https://github.com/oderayi/map-any-cjs/issues,"as detected from PackageJson property ""bugs.url""",https://registry.npmjs.org/map-any-cjs/-/map-any-cjs-1.0.1.tgz,"as detected from npm-ls property ""resolved""",,,kjellmorten@integreat.io,active,Active in npm registry,2024-10-03T19:03:07.845Z
library,node-cache@5.1.2,MIT,,mpneuried,node-cache,5.1.2,pkg:npm/node-cache@5.1.2,node_modules/node-cache,Simple and fast NodeJS internal caching. Node internal in memory cache like memcached.,git://github.com/node-cache/node-cache.git,"as detected from PackageJson property ""repository.url""",https://github.com/node-cache/node-cache,"as detected from PackageJson property ""homepage""",https://github.com/node-cache/node-cache/issues,"as detected from PackageJson property ""bugs.url""",https://registry.npmjs.org/node-cache/-/node-cache-5.1.2.tgz,"as detected from npm-ls property ""resolved""",,,mp@tcs.de,active,Active in npm registry,2024-10-22T17:26:04.116Z
library,swagger-parser@10.0.3,MIT,,James Messinger,swagger-parser,10.0.3,pkg:npm/swagger-parser@10.0.3?vcs_url=git%2Bhttps%3A%2F%2Fgithub.com%2FAPIDevTools%2Fswagger-parser.git,node_modules/swagger-parser,Swagger 2.0 and OpenAPI 3.0 parser and validator for Node and browsers,git+https://github.com/APIDevTools/swagger-parser.git,"as detected from PackageJson property ""repository.url""",https://apitools.dev/swagger-parser/,"as detected from PackageJson property ""homepage""",https://github.com/APIDevTools/swagger-parser/issues,"as detected from PackageJson property ""bugs.url""",,,,,,active,Active in npm registry,2023-03-04T04:18:17.087Z
library,swagger-parser@10.0.3|@apidevtools/swagger-parser@10.0.3,MIT,@apidevtools,James Messinger,swagger-parser,10.0.3,pkg:npm/%40apidevtools/swagger-parser@10.0.3,node_modules/swagger-parser/node_modules/@apidevtools/swagger-parser,Swagger 2.0 and OpenAPI 3.0 parser and validator for Node and browsers,git+https://github.com/APIDevTools/swagger-parser.git,"as detected from PackageJson property ""repository.url""",https://apitools.dev/swagger-parser/,"as detected from PackageJson property ""homepage""",https://github.com/APIDevTools/swagger-parser/issues,"as detected from PackageJson property ""bugs.url""",https://registry.npmjs.org/@apidevtools/swagger-parser/-/swagger-parser-10.0.3.tgz,"as detected from npm-ls property ""resolved""",,,,active,Active in npm registry,2026-09-02T16:32:36.555Z
library,swagger-parser@10.0.3|@apidevtools/json-schema-ref-parser@9.1.2,MIT,@apidevtools,James Messinger,json-schema-ref-parser,9.1.2,pkg:npm/%40apidevtools/json-schema-ref-parser@9.1.2,node_modules/swagger-parser/node_modules/@apidevtools/json-schema-ref-parser,Parse~ Resolve~ and Dereference JSON Schema $ref pointers,git+https://github.com/APIDevTools/json-schema-ref-parser.git,"as detected from PackageJson property ""repository.url""",https://apitools.dev/json-schema-ref-parser/,"as detected from PackageJson property ""homepage""",https://github.com/APIDevTools/json-schema-ref-parser/issues,"as detected from PackageJson property ""bugs.url""",https://registry.npmjs.org/@apidevtools/json-schema-ref-parser/-/json-schema-ref-parser-9.1.2.tgz,"as detected from npm-ls property ""resolved""",,,,active,Active in npm registry,2026-09-06T02:39:03.172Z
library,swagger-parser@10.0.3|z-schema@5.0.5,MIT,,,z-schema,5.0.5,pkg:npm/z-schema@5.0.5,node_modules/swagger-parser/node_modules/z-schema,JSON schema validator,git+https://github.com/zaggino/z-schema.git,"as detected from PackageJson property ""repository.url""",https://github.com/zaggino/z-schema,"as detected from PackageJson property ""homepage""",https://github.com/zaggino/z-schema/issues,"as detected from PackageJson property ""bugs.url""",https://registry.npmjs.org/z-schema/-/z-schema-5.0.5.tgz,"as detected from npm-ls property ""resolved""",,,,active,Active in npm registry,2026-09-03T09:39:37.046Z
library,swagger-parser@10.0.3|commander@9.5.0,MIT,,TJ Holowaychuk,commander,9.5.0,pkg:npm/commander@9.5.0,node_modules/swagger-parser/node_modules/commander,the complete solution for node.js command-line programs,git+https://github.com/tj/commander.js.git,"as detected from PackageJson property ""repository.url""",https://github.com/tj/commander.js#readme,"as detected from PackageJson property ""homepage""",https://github.com/tj/commander.js/issues,"as detected from PackageJson property ""bugs.url""",https://registry.npmjs.org/commander/-/commander-9.5.0.tgz,"as detected from npm-ls property ""resolved""",,,tj@vision-media.ca,active,Active in npm registry,2026-09-02T19:31:26.165Z
library,axios-retry@4.5.0,Apache-2.0,,Rubén Norte,axios-retry,4.5.0,pkg:npm/axios-retry@4.5.0,node_modules/axios-retry,Axios plugin that intercepts failed requests and retries them whenever posible.,git+https://github.com/softonic/axios-retry.git,"as detected from PackageJson property ""repository.url""",https://github.com/softonic/axios-retry,"as detected from PackageJson property ""homepage""",https://github.com/softonic/axios-retry/issues,"as detected from PackageJson property ""bugs.url""",https://registry.npmjs.org/axios-retry/-/axios-retry-4.5.0.tgz,"as detected from npm-ls property ""resolved""",,,ruben.norte@softonic.com,active,Active in npm registry,2024-08-02T06:52:14.585Z
library,is-retry-allowed@2.2.0,MIT,,Sindre Sorhus,is-retry-allowed,2.2.0,pkg:npm/is-retry-allowed@2.2.0,node_modules/is-retry-allowed,Check whether a request can be retried based on the `error.code`,git+https://github.com/sindresorhus/is-retry-allowed.git,"as detected from PackageJson property ""repository.url""",https://github.com/sindresorhus/is-retry-allowed#readme,"as detected from PackageJson property ""homepage""",https://github.com/sindresorhus/is-retry-allowed/issues,"as detected from PackageJson property ""bugs.url""",https://registry.npmjs.org/is-retry-allowed/-/is-retry-allowed-2.2.0.tgz,"as detected from npm-ls property ""resolved""",,,sindresorhus@gmail.com,active,Active in npm registry,2022-11-04T06:54:50.412Z
library,base64url@3.0.1,MIT,,Brian J Brennan,base64url,3.0.1,pkg:npm/base64url@3.0.1?vcs_url=git%3A%2F%2Fgithub.com%2Fbrianloveswords%2Fbase64url.git,node_modules/base64url,For encoding to/from base64urls,git://github.com/brianloveswords/base64url.git,"as detected from PackageJson property ""repository.url""",https://github.com/brianloveswords/base64url#readme,"as detected from PackageJson property ""homepage""",https://github.com/brianloveswords/base64url/issues,"as detected from PackageJson property ""bugs.url""",,,,,,active,Active in npm registry,2022-06-13T04:18:59.679Z
library,ilp-packet-v1@2.2.0,Apache-2.0,,Interledger Team,ilp-packet-v1,2.2.0,pkg:npm/ilp-packet-v1@2.2.0,node_modules/ilp-packet-v1,Module for parsing and serializing ILP packets,git+https://github.com/interledgerjs/ilp-packet.git,"as detected from PackageJson property ""repository.url""",https://github.com/interledgerjs/ilp-packet#readme,"as detected from PackageJson property ""homepage""",https://github.com/interledgerjs/ilp-packet/issues,"as detected from PackageJson property ""bugs.url""",https://registry.npmjs.org/ilp-packet-v1/-/ilp-packet-v1-2.2.0.tgz,"as detected from npm-ls property ""resolved""",,,info@interledger.org,active,Active in npm registry,2024-09-26T12:48:29.295Z
library,ilp-packet-v1@2.2.0|bignumber.js@5.0.0,MIT,,Michael Mclaughlin,bignumber.js,5.0.0,pkg:npm/bignumber.js@5.0.0,node_modules/ilp-packet-v1/node_modules/bignumber.js,A library for arbitrary-precision decimal and non-decimal arithmetic,git+https://github.com/MikeMcl/bignumber.js.git,"as detected from PackageJson property ""repository.url""",https://github.com/MikeMcl/bignumber.js#readme,"as detected from PackageJson property ""homepage""",https://github.com/MikeMcl/bignumber.js/issues,"as detected from PackageJson property ""bugs.url""",https://registry.npmjs.org/bignumber.js/-/bignumber.js-5.0.0.tgz,"as detected from npm-ls property ""resolved""",,,M8ch88l@gmail.com,active,Active in npm registry,2026-07-05T15:16:46.110Z
library,ilp-packet-v1@2.2.0|long@3.2.0,Apache-2.0,,Daniel Wirtz,long,3.2.0,pkg:npm/long@3.2.0,node_modules/ilp-packet-v1/node_modules/long,A Long class for representing a 64-bit two's-complement integer value.,git+https://github.com/dcodeIO/long.js.git,"as detected from PackageJson property ""repository.url""",https://github.com/dcodeIO/long.js#readme,"as detected from PackageJson property ""homepage""",https://github.com/dcodeIO/long.js/issues,"as detected from PackageJson property ""bugs.url""",https://registry.npmjs.org/long/-/long-3.2.0.tgz,"as detected from npm-ls property ""resolved""",,,dcode@dcode.io,active,Active in npm registry,2025-04-17T17:32:06.239Z
library,oer-utils@1.3.4,Apache-2.0,,Interledger Team,oer-utils,1.3.4,pkg:npm/oer-utils@1.3.4?vcs_url=git%2Bhttps%3A%2F%2Fgithub.com%2Finterledgerjs%2Foer-utils.git,node_modules/oer-utils,Tools for OER parsing and serialization,git+https://github.com/interledgerjs/oer-utils.git,"as detected from PackageJson property ""repository.url""",https://github.com/interledgerjs/oer-utils,"as detected from PackageJson property ""homepage""",https://github.com/interledgerjs/oer-utils/issues,"as detected from PackageJson property ""bugs.url""",,,,,info@interledger.org,active,Active in npm registry,2022-09-28T14:44:16.265Z
library,jsonwebtoken@9.0.0,MIT,,auth0,jsonwebtoken,9.0.0,pkg:npm/jsonwebtoken@9.0.0,node_modules/jsonwebtoken,JSON Web Token implementation (symmetric and asymmetric),git+https://github.com/auth0/node-jsonwebtoken.git,"as detected from PackageJson property ""repository.url""",https://github.com/auth0/node-jsonwebtoken#readme,"as detected from PackageJson property ""homepage""",https://github.com/auth0/node-jsonwebtoken/issues,"as detected from PackageJson property ""bugs.url""",https://registry.npmjs.org/jsonwebtoken/-/jsonwebtoken-9.0.0.tgz,"as detected from npm-ls property ""resolved""",,,,active,Active in npm registry,2026-07-08T12:39:21.992Z
library,jws@4.0.1,MIT,,Brian J Brennan,jws,4.0.1,pkg:npm/jws@4.0.1?vcs_url=git%3A%2F%2Fgithub.com%2Fbrianloveswords%2Fnode-jws.git,node_modules/jws,Implementation of JSON Web Signatures,git://github.com/brianloveswords/node-jws.git,"as detected from PackageJson property ""repository.url""",https://github.com/brianloveswords/node-jws#readme,"as detected from PackageJson property ""homepage""",https://github.com/brianloveswords/node-jws/issues,"as detected from PackageJson property ""bugs.url""",,,,,,active,Active in npm registry,2026-06-26T15:04:00.860Z
library,jwa@2.0.1,MIT,,Brian J. Brennan,jwa,2.0.1,pkg:npm/jwa@2.0.1,node_modules/jwa,JWA implementation (supports all JWS algorithms),git://github.com/brianloveswords/node-jwa.git,"as detected from PackageJson property ""repository.url""",https://github.com/brianloveswords/node-jwa#readme,"as detected from PackageJson property ""homepage""",https://github.com/brianloveswords/node-jwa/issues,"as detected from PackageJson property ""bugs.url""",https://registry.npmjs.org/jwa/-/jwa-2.0.1.tgz,"as detected from npm-ls property ""resolved""",,,brianloveswords@gmail.com,active,Active in npm registry,2026-06-26T15:03:38.442Z
library,buffer-equal-constant-time@1.0.1,BSD-3-Clause,,GoInstant Inc.~ a salesforce.com company,buffer-equal-constant-time,1.0.1,pkg:npm/buffer-equal-constant-time@1.0.1,node_modules/buffer-equal-constant-time,Constant-time comparison of Buffers,git+ssh://git@github.com/goinstant/buffer-equal-constant-time.git,"as detected from PackageJson property ""repository.url""",https://github.com/goinstant/buffer-equal-constant-time#readme,"as detected from PackageJson property ""homepage""",https://github.com/goinstant/buffer-equal-constant-time/issues,"as detected from PackageJson property ""bugs.url""",https://registry.npmjs.org/buffer-equal-constant-time/-/buffer-equal-constant-time-1.0.1.tgz,"as detected from npm-ls property ""resolved""",,,,active,Active in npm registry,2022-06-13T05:15:17.079Z
library,ecdsa-sig-formatter@1.0.11,Apache-2.0,,D2L Corporation,ecdsa-sig-formatter,1.0.11,pkg:npm/ecdsa-sig-formatter@1.0.11,node_modules/ecdsa-sig-formatter,Translate ECDSA signatures between ASN.1/DER and JOSE-style concatenation,git+ssh://git@github.com/Brightspace/node-ecdsa-sig-formatter.git,"as detected from PackageJson property ""repository.url""",https://github.com/Brightspace/node-ecdsa-sig-formatter#readme,"as detected from PackageJson property ""homepage""",https://github.com/Brightspace/node-ecdsa-sig-formatter/issues,"as detected from PackageJson property ""bugs.url""",https://registry.npmjs.org/ecdsa-sig-formatter/-/ecdsa-sig-formatter-1.0.11.tgz,"as detected from npm-ls property ""resolved""",,,,active,Active in npm registry,2022-06-16T04:36:24.613Z
library,safe-buffer@5.2.1,MIT,,Feross Aboukhadijeh,safe-buffer,5.2.1,pkg:npm/safe-buffer@5.2.1?vcs_url=git%3A%2F%2Fgithub.com%2Ffeross%2Fsafe-buffer.git,node_modules/safe-buffer,Safer Node.js Buffer API,git://github.com/feross/safe-buffer.git,"as detected from PackageJson property ""repository.url""",https://github.com/feross/safe-buffer,"as detected from PackageJson property ""homepage""",https://github.com/feross/safe-buffer/issues,"as detected from PackageJson property ""bugs.url""",,,,,feross@feross.org,active,Active in npm registry,2023-07-10T23:16:22.564Z
library,@now-ims/hapi-now-auth@2.1.0,MIT,@now-ims,John Rodkey,hapi-now-auth,2.1.0,pkg:npm/%40now-ims/hapi-now-auth@2.1.0,node_modules/@now-ims/hapi-now-auth,Simple hapi v17+ authentication scheme including JWT,git://github.com/now-ims/hapi-now-auth.git,"as detected from PackageJson property ""repository.url""",https://github.com/now-ims/hapi-now-auth,"as detected from PackageJson property ""homepage""",https://github.com/now-ims/hapi-now-auth/issues,"as detected from PackageJson property ""bugs.url""",https://registry.npmjs.org/@now-ims/hapi-now-auth/-/hapi-now-auth-2.1.0.tgz,"as detected from npm-ls property ""resolved""",,,john@nowims.com,active,Active in npm registry,2022-04-06T09:48:47.132Z
library,@now-ims/hapi-now-auth@2.1.0|@hapi/boom@7.4.11,BSD-3-Clause,@hapi,,boom,7.4.11,pkg:npm/%40hapi/boom@7.4.11,node_modules/@now-ims/hapi-now-auth/node_modules/@hapi/boom,HTTP-friendly error objects,git://github.com/hapijs/boom.git,"as detected from PackageJson property ""repository.url""",https://github.com/hapijs/boom#readme,"as detected from PackageJson property ""homepage""",https://github.com/hapijs/boom/issues,"as detected from PackageJson property ""bugs.url""",https://registry.npmjs.org/@hapi/boom/-/boom-7.4.11.tgz,"as detected from npm-ls property ""resolved""",,,,deprecated,This version has been deprecated and is no longer supported or maintained,2026-08-02T12:02:11.001Z
library,@now-ims/hapi-now-auth@2.1.0|@hapi/boom@7.4.11|@hapi/hoek@8.5.1,BSD-3-Clause,@hapi,,hoek,8.5.1,pkg:npm/%40hapi/hoek@8.5.1,node_modules/@now-ims/hapi-now-auth/node_modules/@hapi/boom/node_modules/@hapi/hoek,General purpose node utilities,git://github.com/hapijs/hoek.git,"as detected from PackageJson property ""repository.url""",https://github.com/hapijs/hoek#readme,"as detected from PackageJson property ""homepage""",https://github.com/hapijs/hoek/issues,"as detected from PackageJson property ""bugs.url""",https://registry.npmjs.org/@hapi/hoek/-/hoek-8.5.1.tgz,"as detected from npm-ls property ""resolved""",,,,deprecated,This version has been deprecated and is no longer supported or maintained,2026-07-31T15:25:44.042Z
library,@now-ims/hapi-now-auth@2.1.0|@hapi/hoek@9.3.0,BSD-3-Clause,@hapi,,hoek,9.3.0,pkg:npm/%40hapi/hoek@9.3.0,node_modules/@now-ims/hapi-now-auth/node_modules/@hapi/hoek,General purpose node utilities,git://github.com/hapijs/hoek.git,"as detected from PackageJson property ""repository.url""",https://github.com/hapijs/hoek#readme,"as detected from PackageJson property ""homepage""",https://github.com/hapijs/hoek/issues,"as detected from PackageJson property ""bugs.url""",https://registry.npmjs.org/@hapi/hoek/-/hoek-9.3.0.tgz,"as detected from npm-ls property ""resolved""",,,,active,Active in npm registry,2026-07-31T15:25:44.042Z
library,@now-ims/hapi-now-auth@2.1.0|joi@17.13.4,BSD-3-Clause,,,joi,17.13.4,pkg:npm/joi@17.13.4,node_modules/@now-ims/hapi-now-auth/node_modules/joi,Object schema validation,git://github.com/hapijs/joi.git,"as detected from PackageJson property ""repository.url""",https://github.com/hapijs/joi#readme,"as detected from PackageJson property ""homepage""",https://github.com/hapijs/joi/issues,"as detected from PackageJson property ""bugs.url""",https://registry.npmjs.org/joi/-/joi-17.13.4.tgz,"as detected from npm-ls property ""resolved""",,,,active,Active in npm registry,2026-09-11T13:31:54.697Z
library,@now-ims/hapi-now-auth@2.1.0|@hapi/topo@5.1.0,BSD-3-Clause,@hapi,,topo,5.1.0,pkg:npm/%40hapi/topo@5.1.0,node_modules/@now-ims/hapi-now-auth/node_modules/@hapi/topo,Topological sorting with grouping support,git://github.com/hapijs/topo.git,"as detected from PackageJson property ""repository.url""",https://github.com/hapijs/topo#readme,"as detected from PackageJson property ""homepage""",https://github.com/hapijs/topo/issues,"as detected from PackageJson property ""bugs.url""",https://registry.npmjs.org/@hapi/topo/-/topo-5.1.0.tgz,"as detected from npm-ls property ""resolved""",,,,active,Active in npm registry,2026-08-02T11:03:07.451Z
library,@sideway/address@4.1.5,BSD-3-Clause,@sideway,,address,4.1.5,pkg:npm/%40sideway/address@4.1.5,node_modules/@sideway/address,Email address and domain validation,git://github.com/sideway/address.git,"as detected from PackageJson property ""repository.url""",https://github.com/sideway/address#readme,"as detected from PackageJson property ""homepage""",https://github.com/sideway/address/issues,"as detected from PackageJson property ""bugs.url""",https://registry.npmjs.org/@sideway/address/-/address-4.1.5.tgz,"as detected from npm-ls property ""resolved""",,,,active,Active in npm registry,2024-01-29T12:41:44.521Z
library,@sideway/address@4.1.5|@hapi/hoek@9.3.0,BSD-3-Clause,@hapi,,hoek,9.3.0,pkg:npm/%40hapi/hoek@9.3.0,node_modules/@sideway/address/node_modules/@hapi/hoek,General purpose node utilities,git://github.com/hapijs/hoek.git,"as detected from PackageJson property ""repository.url""",https://github.com/hapijs/hoek#readme,"as detected from PackageJson property ""homepage""",https://github.com/hapijs/hoek/issues,"as detected from PackageJson property ""bugs.url""",https://registry.npmjs.org/@hapi/hoek/-/hoek-9.3.0.tgz,"as detected from npm-ls property ""resolved""",,,,active,Active in npm registry,2026-07-31T15:25:44.042Z
library,@sideway/formula@3.0.1,BSD-3-Clause,@sideway,,formula,3.0.1,pkg:npm/%40sideway/formula@3.0.1,node_modules/@sideway/formula,Math and string formula parser.,git://github.com/sideway/formula.git,"as detected from PackageJson property ""repository.url""",https://github.com/sideway/formula#readme,"as detected from PackageJson property ""homepage""",https://github.com/sideway/formula/issues,"as detected from PackageJson property ""bugs.url""",https://registry.npmjs.org/@sideway/formula/-/formula-3.0.1.tgz,"as detected from npm-ls property ""resolved""",,,,active,Active in npm registry,2022-12-16T14:35:23.717Z
library,@sideway/pinpoint@2.0.0,BSD-3-Clause,@sideway,,pinpoint,2.0.0,pkg:npm/%40sideway/pinpoint@2.0.0,node_modules/@sideway/pinpoint,Return the filename and line number of the calling function,git://github.com/sideway/pinpoint.git,"as detected from PackageJson property ""repository.url""",https://github.com/sideway/pinpoint#readme,"as detected from PackageJson property ""homepage""",https://github.com/sideway/pinpoint/issues,"as detected from PackageJson property ""bugs.url""",https://registry.npmjs.org/@sideway/pinpoint/-/pinpoint-2.0.0.tgz,"as detected from npm-ls property ""resolved""",,,,active,Active in npm registry,2022-04-06T23:30:00.997Z
library,@opentelemetry/auto-instrumentations-node@0.80.0,Apache-2.0,@opentelemetry,OpenTelemetry Authors,auto-instrumentations-node,0.80.0,pkg:npm/%40opentelemetry/auto-instrumentations-node@0.80.0#packages/auto-instrumentations-node,node_modules/@opentelemetry/auto-instrumentations-node,Metapackage which bundles opentelemetry node core and contrib instrumentations,git+https://github.com/open-telemetry/opentelemetry-js-contrib.git#packages/auto-instrumentations-node,"as detected from PackageJson property ""repository.url"" and ""repository.directory""",https://github.com/open-telemetry/opentelemetry-js-contrib/tree/main/packages/auto-instrumentations-node#readme,"as detected from PackageJson property ""homepage""",https://github.com/open-telemetry/opentelemetry-js-contrib/issues,"as detected from PackageJson property ""bugs.url""",https://registry.npmjs.org/@opentelemetry/auto-instrumentations-node/-/auto-instrumentations-node-0.80.0.tgz,"as detected from npm-ls property ""resolved""",,,,active,Active in npm registry,2026-08-31T20:39:41.981Z
library,@opentelemetry/core@2.11.0,Apache-2.0,@opentelemetry,OpenTelemetry Authors,core,2.11.0,pkg:npm/%40opentelemetry/core@2.11.0,node_modules/@opentelemetry/core,OpenTelemetry Core provides constants and utilities shared by all OpenTelemetry SDK packages.,git+https://github.com/open-telemetry/opentelemetry-js.git,"as detected from PackageJson property ""repository.url""",https://github.com/open-telemetry/opentelemetry-js/tree/main/packages/opentelemetry-core,"as detected from PackageJson property ""homepage""",https://github.com/open-telemetry/opentelemetry-js/issues,"as detected from PackageJson property ""bugs.url""",https://registry.npmjs.org/@opentelemetry/core/-/core-2.11.0.tgz,"as detected from npm-ls property ""resolved""",,,,active,Active in npm registry,2026-08-31T16:40:56.859Z
library,@opentelemetry/semantic-conventions@1.43.0,Apache-2.0,@opentelemetry,OpenTelemetry Authors,semantic-conventions,1.43.0,pkg:npm/%40opentelemetry/semantic-conventions@1.43.0,node_modules/@opentelemetry/semantic-conventions,OpenTelemetry semantic conventions,git+https://github.com/open-telemetry/opentelemetry-js.git,"as detected from PackageJson property ""repository.url""",https://github.com/open-telemetry/opentelemetry-js/tree/main/semantic-conventions,"as detected from PackageJson property ""homepage""",https://github.com/open-telemetry/opentelemetry-js/issues,"as detected from PackageJson property ""bugs.url""",https://registry.npmjs.org/@opentelemetry/semantic-conventions/-/semantic-conventions-1.43.0.tgz,"as detected from npm-ls property ""resolved""",,,,active,Active in npm registry,2026-07-09T20:06:28.453Z
library,@opentelemetry/instrumentation-amqplib@0.69.0,Apache-2.0,@opentelemetry,OpenTelemetry Authors,instrumentation-amqplib,0.69.0,pkg:npm/%40opentelemetry/instrumentation-amqplib@0.69.0#packages/instrumentation-amqplib,node_modules/@opentelemetry/instrumentation-amqplib,OpenTelemetry instrumentation for the `amqplib` messaging client for RabbitMQ,git+https://github.com/open-telemetry/opentelemetry-js-contrib.git#packages/instrumentation-amqplib,"as detected from PackageJson property ""repository.url"" and ""repository.directory""",https://github.com/open-telemetry/opentelemetry-js-contrib/tree/main/packages/instrumentation-amqplib#readme,"as detected from PackageJson property ""homepage""",https://github.com/open-telemetry/opentelemetry-js-contrib/issues,"as detected from PackageJson property ""bugs.url""",https://registry.npmjs.org/@opentelemetry/instrumentation-amqplib/-/instrumentation-amqplib-0.69.0.tgz,"as detected from npm-ls property ""resolved""",,,,active,Active in npm registry,2026-08-31T20:39:52.624Z
library,@opentelemetry/instrumentation@0.222.0,Apache-2.0,@opentelemetry,OpenTelemetry Authors,instrumentation,0.222.0,pkg:npm/%40opentelemetry/instrumentation@0.222.0?vcs_url=git%2Bhttps%3A%2F%2Fgithub.com%2Fopen-telemetry%2Fopentelemetry-js.git,node_modules/@opentelemetry/instrumentation,Base class for node which OpenTelemetry instrumentation modules extend,git+https://github.com/open-telemetry/opentelemetry-js.git,"as detected from PackageJson property ""repository.url""",https://github.com/open-telemetry/opentelemetry-js/tree/main/experimental/packages/opentelemetry-instrumentation,"as detected from PackageJson property ""homepage""",https://github.com/open-telemetry/opentelemetry-js/issues,"as detected from PackageJson property ""bugs.url""",,,,,,active,Active in npm registry,2026-08-31T16:42:20.812Z
library,@opentelemetry/instrumentation-aws-lambda@0.74.0,Apache-2.0,@opentelemetry,OpenTelemetry Authors,instrumentation-aws-lambda,0.74.0,pkg:npm/%40opentelemetry/instrumentation-aws-lambda@0.74.0#packages/instrumentation-aws-lambda,node_modules/@opentelemetry/instrumentation-aws-lambda,OpenTelemetry instrumentation for AWS Lambda function invocations,git+https://github.com/open-telemetry/opentelemetry-js-contrib.git#packages/instrumentation-aws-lambda,"as detected from PackageJson property ""repository.url"" and ""repository.directory""",https://github.com/open-telemetry/opentelemetry-js-contrib/tree/main/packages/instrumentation-aws-lambda#readme,"as detected from PackageJson property ""homepage""",https://github.com/open-telemetry/opentelemetry-js-contrib/issues,"as detected from PackageJson property ""bugs.url""",https://registry.npmjs.org/@opentelemetry/instrumentation-aws-lambda/-/instrumentation-aws-lambda-0.74.0.tgz,"as detected from npm-ls property ""resolved""",,,,active,Active in npm registry,2026-08-31T20:39:10.451Z
library,@opentelemetry/propagator-aws-xray@2.2.0,Apache-2.0,@opentelemetry,OpenTelemetry Authors,propagator-aws-xray,2.2.0,pkg:npm/%40opentelemetry/propagator-aws-xray@2.2.0#packages/propagator-aws-xray,node_modules/@opentelemetry/propagator-aws-xray,OpenTelemetry AWS Xray propagator provides context propagation for systems that are using AWS X-Ray format.,git+https://github.com/open-telemetry/opentelemetry-js-contrib.git#packages/propagator-aws-xray,"as detected from PackageJson property ""repository.url"" and ""repository.directory""",https://github.com/open-telemetry/opentelemetry-js-contrib/tree/main/packages/propagator-aws-xray#readme,"as detected from PackageJson property ""homepage""",https://github.com/open-telemetry/opentelemetry-js-contrib/issues,"as detected from PackageJson property ""bugs.url""",https://registry.npmjs.org/@opentelemetry/propagator-aws-xray/-/propagator-aws-xray-2.2.0.tgz,"as detected from npm-ls property ""resolved""",,,,active,Active in npm registry,2026-05-01T17:15:47.543Z
library,@types/aws-lambda@8.10.163,MIT,@types,,aws-lambda,8.10.163,pkg:npm/%40types/aws-lambda@8.10.163#types/aws-lambda,node_modules/@types/aws-lambda,TypeScript definitions for aws-lambda,git+https://github.com/DefinitelyTyped/DefinitelyTyped.git#types/aws-lambda,"as detected from PackageJson property ""repository.url"" and ""repository.directory""",https://github.com/DefinitelyTyped/DefinitelyTyped/tree/master/types/aws-lambda,"as detected from PackageJson property ""homepage""",https://github.com/DefinitelyTyped/DefinitelyTyped/issues,"as detected from PackageJson property ""bugs.url""",https://registry.npmjs.org/@types/aws-lambda/-/aws-lambda-8.10.163.tgz,"as detected from npm-ls property ""resolved""",,,,active,Active in npm registry,2026-09-01T18:40:31.122Z
library,@opentelemetry/instrumentation-aws-sdk@0.77.0,Apache-2.0,@opentelemetry,OpenTelemetry Authors,instrumentation-aws-sdk,0.77.0,pkg:npm/%40opentelemetry/instrumentation-aws-sdk@0.77.0#packages/instrumentation-aws-sdk,node_modules/@opentelemetry/instrumentation-aws-sdk,OpenTelemetry instrumentation for `aws-sdk` and `@aws-sdk/client-*` clients for various AWS services,git+https://github.com/open-telemetry/opentelemetry-js-contrib.git#packages/instrumentation-aws-sdk,"as detected from PackageJson property ""repository.url"" and ""repository.directory""",https://github.com/open-telemetry/opentelemetry-js-contrib/tree/main/packages/instrumentation-aws-sdk#readme,"as detected from PackageJson property ""homepage""",https://github.com/open-telemetry/opentelemetry-js-contrib/issues,"as detected from PackageJson property ""bugs.url""",https://registry.npmjs.org/@opentelemetry/instrumentation-aws-sdk/-/instrumentation-aws-sdk-0.77.0.tgz,"as detected from npm-ls property ""resolved""",,,,active,Active in npm registry,2026-08-31T20:39:11.569Z
library,@opentelemetry/instrumentation-bunyan@0.67.0,Apache-2.0,@opentelemetry,OpenTelemetry Authors,instrumentation-bunyan,0.67.0,pkg:npm/%40opentelemetry/instrumentation-bunyan@0.67.0#packages/instrumentation-bunyan,node_modules/@opentelemetry/instrumentation-bunyan,OpenTelemetry instrumentation for `bunyan` logger,git+https://github.com/open-telemetry/opentelemetry-js-contrib.git#packages/instrumentation-bunyan,"as detected from PackageJson property ""repository.url"" and ""repository.directory""",https://github.com/open-telemetry/opentelemetry-js-contrib/tree/main/packages/instrumentation-bunyan#readme,"as detected from PackageJson property ""homepage""",https://github.com/open-telemetry/opentelemetry-js-contrib/issues,"as detected from PackageJson property ""bugs.url""",https://registry.npmjs.org/@opentelemetry/instrumentation-bunyan/-/instrumentation-bunyan-0.67.0.tgz,"as detected from npm-ls property ""resolved""",,,,active,Active in npm registry,2026-08-31T20:38:51.736Z
library,@opentelemetry/api-logs@0.222.0,Apache-2.0,@opentelemetry,OpenTelemetry Authors,api-logs,0.222.0,pkg:npm/%40opentelemetry/api-logs@0.222.0,node_modules/@opentelemetry/api-logs,Public logs API for OpenTelemetry,git+https://github.com/open-telemetry/opentelemetry-js.git,"as detected from PackageJson property ""repository.url""",https://github.com/open-telemetry/opentelemetry-js/tree/main/experimental/packages/api-logs,"as detected from PackageJson property ""homepage""",https://github.com/open-telemetry/opentelemetry-js/issues,"as detected from PackageJson property ""bugs.url""",https://registry.npmjs.org/@opentelemetry/api-logs/-/api-logs-0.222.0.tgz,"as detected from npm-ls property ""resolved""",,,,active,Active in npm registry,2026-08-31T16:41:57.141Z
library,@opentelemetry/instrumentation-cassandra-driver@0.67.0,Apache-2.0,@opentelemetry,OpenTelemetry Authors,instrumentation-cassandra-driver,0.67.0,pkg:npm/%40opentelemetry/instrumentation-cassandra-driver@0.67.0#packages/instrumentation-cassandra-driver,node_modules/@opentelemetry/instrumentation-cassandra-driver,OpenTelemetry instrumentation for `cassandra-driver` database client library for Apache Cassandra,git+https://github.com/open-telemetry/opentelemetry-js-contrib.git#packages/instrumentation-cassandra-driver,"as detected from PackageJson property ""repository.url"" and ""repository.directory""",https://github.com/open-telemetry/opentelemetry-js-contrib/tree/main/packages/instrumentation-cassandra-driver#readme,"as detected from PackageJson property ""homepage""",https://github.com/open-telemetry/opentelemetry-js-contrib/issues,"as detected from PackageJson property ""bugs.url""",https://registry.npmjs.org/@opentelemetry/instrumentation-cassandra-driver/-/instrumentation-cassandra-driver-0.67.0.tgz,"as detected from npm-ls property ""resolved""",,,,active,Active in npm registry,2026-08-31T20:39:33.197Z
library,@opentelemetry/instrumentation-connect@0.65.0,Apache-2.0,@opentelemetry,OpenTelemetry Authors,instrumentation-connect,0.65.0,pkg:npm/%40opentelemetry/instrumentation-connect@0.65.0#packages/instrumentation-connect,node_modules/@opentelemetry/instrumentation-connect,OpenTelemetry instrumentation for `connect` http middleware framework,git+https://github.com/open-telemetry/opentelemetry-js-contrib.git#packages/instrumentation-connect,"as detected from PackageJson property ""repository.url"" and ""repository.directory""",https://github.com/open-telemetry/opentelemetry-js-contrib/tree/main/packages/instrumentation-connect#readme,"as detected from PackageJson property ""homepage""",https://github.com/open-telemetry/opentelemetry-js-contrib/issues,"as detected from PackageJson property ""bugs.url""",https://registry.npmjs.org/@opentelemetry/instrumentation-connect/-/instrumentation-connect-0.65.0.tgz,"as detected from npm-ls property ""resolved""",,,,active,Active in npm registry,2026-08-31T20:38:51.742Z
library,@types/connect@3.4.38,MIT,@types,,connect,3.4.38,pkg:npm/%40types/connect@3.4.38#types/connect,node_modules/@types/connect,TypeScript definitions for connect,git+https://github.com/DefinitelyTyped/DefinitelyTyped.git#types/connect,"as detected from PackageJson property ""repository.url"" and ""repository.directory""",https://github.com/DefinitelyTyped/DefinitelyTyped/tree/master/types/connect,"as detected from PackageJson property ""homepage""",https://github.com/DefinitelyTyped/DefinitelyTyped/issues,"as detected from PackageJson property ""bugs.url""",https://registry.npmjs.org/@types/connect/-/connect-3.4.38.tgz,"as detected from npm-ls property ""resolved""",,,,active,Active in npm registry,2025-08-03T06:33:07.688Z
library,@opentelemetry/instrumentation-cucumber@0.38.0,Apache-2.0,@opentelemetry,OpenTelemetry Authors,instrumentation-cucumber,0.38.0,pkg:npm/%40opentelemetry/instrumentation-cucumber@0.38.0#packages/instrumentation-cucumber,node_modules/@opentelemetry/instrumentation-cucumber,OpenTelemetry instrumentation for `@cucumber/cucumber` automated tests runner,git+https://github.com/open-telemetry/opentelemetry-js-contrib.git#packages/instrumentation-cucumber,"as detected from PackageJson property ""repository.url"" and ""repository.directory""",https://github.com/open-telemetry/opentelemetry-js-contrib/tree/main/packages/instrumentation-cucumber#readme,"as detected from PackageJson property ""homepage""",https://github.com/open-telemetry/opentelemetry-js-contrib/issues,"as detected from PackageJson property ""bugs.url""",https://registry.npmjs.org/@opentelemetry/instrumentation-cucumber/-/instrumentation-cucumber-0.38.0.tgz,"as detected from npm-ls property ""resolved""",,,,active,Active in npm registry,2026-08-31T20:38:53.052Z
library,@opentelemetry/instrumentation-dataloader@0.39.0,Apache-2.0,@opentelemetry,OpenTelemetry Authors,instrumentation-dataloader,0.39.0,pkg:npm/%40opentelemetry/instrumentation-dataloader@0.39.0#packages/instrumentation-dataloader,node_modules/@opentelemetry/instrumentation-dataloader,OpenTelemetry instrumentation for `dataloader` data fetching layer,git+https://github.com/open-telemetry/opentelemetry-js-contrib.git#packages/instrumentation-dataloader,"as detected from PackageJson property ""repository.url"" and ""repository.directory""",https://github.com/open-telemetry/opentelemetry-js-contrib/tree/main/packages/instrumentation-dataloader#readme,"as detected from PackageJson property ""homepage""",https://github.com/open-telemetry/opentelemetry-js-contrib/issues,"as detected from PackageJson property ""bugs.url""",https://registry.npmjs.org/@opentelemetry/instrumentation-dataloader/-/instrumentation-dataloader-0.39.0.tgz,"as detected from npm-ls property ""resolved""",,,,active,Active in npm registry,2026-08-31T20:39:54.359Z
library,@opentelemetry/instrumentation-dns@0.65.0,Apache-2.0,@opentelemetry,OpenTelemetry Authors,instrumentation-dns,0.65.0,pkg:npm/%40opentelemetry/instrumentation-dns@0.65.0#packages/instrumentation-dns,node_modules/@opentelemetry/instrumentation-dns,OpenTelemetry instrumentation for `node:dns` name resolution module,git+https://github.com/open-telemetry/opentelemetry-js-contrib.git#packages/instrumentation-dns,"as detected from PackageJson property ""repository.url"" and ""repository.directory""",https://github.com/open-telemetry/opentelemetry-js-contrib/tree/main/packages/instrumentation-dns#readme,"as detected from PackageJson property ""homepage""",https://github.com/open-telemetry/opentelemetry-js-contrib/issues,"as detected from PackageJson property ""bugs.url""",https://registry.npmjs.org/@opentelemetry/instrumentation-dns/-/instrumentation-dns-0.65.0.tgz,"as detected from npm-ls property ""resolved""",,,,active,Active in npm registry,2026-08-31T20:39:16.366Z
library,@opentelemetry/instrumentation-express@0.70.0,Apache-2.0,@opentelemetry,OpenTelemetry Authors,instrumentation-express,0.70.0,pkg:npm/%40opentelemetry/instrumentation-express@0.70.0#packages/instrumentation-express,node_modules/@opentelemetry/instrumentation-express,OpenTelemetry instrumentation for `express` http web application framework,git+https://github.com/open-telemetry/opentelemetry-js-contrib.git#packages/instrumentation-express,"as detected from PackageJson property ""repository.url"" and ""repository.directory""",https://github.com/open-telemetry/opentelemetry-js-contrib/tree/main/packages/instrumentation-express#readme,"as detected from PackageJson property ""homepage""",https://github.com/open-telemetry/opentelemetry-js-contrib/issues,"as detected from PackageJson property ""bugs.url""",https://registry.npmjs.org/@opentelemetry/instrumentation-express/-/instrumentation-express-0.70.0.tgz,"as detected from npm-ls property ""resolved""",,,,active,Active in npm registry,2026-08-31T20:39:14.708Z
library,@opentelemetry/instrumentation-fs@0.41.0,Apache-2.0,@opentelemetry,OpenTelemetry Authors,instrumentation-fs,0.41.0,pkg:npm/%40opentelemetry/instrumentation-fs@0.41.0#packages/instrumentation-fs,node_modules/@opentelemetry/instrumentation-fs,OpenTelemetry instrumentation for `node:fs` file system interactions module,git+https://github.com/open-telemetry/opentelemetry-js-contrib.git#packages/instrumentation-fs,"as detected from PackageJson property ""repository.url"" and ""repository.directory""",https://github.com/open-telemetry/opentelemetry-js-contrib/tree/main/packages/instrumentation-fs#readme,"as detected from PackageJson property ""homepage""",https://github.com/open-telemetry/opentelemetry-js-contrib/issues,"as detected from PackageJson property ""bugs.url""",https://registry.npmjs.org/@opentelemetry/instrumentation-fs/-/instrumentation-fs-0.41.0.tgz,"as detected from npm-ls property ""resolved""",,,,active,Active in npm registry,2026-08-31T20:41:09.958Z
library,@opentelemetry/instrumentation-generic-pool@0.65.0,Apache-2.0,@opentelemetry,OpenTelemetry Authors,instrumentation-generic-pool,0.65.0,pkg:npm/%40opentelemetry/instrumentation-generic-pool@0.65.0#packages/instrumentation-generic-pool,node_modules/@opentelemetry/instrumentation-generic-pool,OpenTelemetry instrumentation for `generic-pool` resource pool for managing expensive resources,git+https://github.com/open-telemetry/opentelemetry-js-contrib.git#packages/instrumentation-generic-pool,"as detected from PackageJson property ""repository.url"" and ""repository.directory""",https://github.com/open-telemetry/opentelemetry-js-contrib/tree/main/packages/instrumentation-generic-pool#readme,"as detected from PackageJson property ""homepage""",https://github.com/open-telemetry/opentelemetry-js-contrib/issues,"as detected from PackageJson property ""bugs.url""",https://registry.npmjs.org/@opentelemetry/instrumentation-generic-pool/-/instrumentation-generic-pool-0.65.0.tgz,"as detected from npm-ls property ""resolved""",,,,active,Active in npm registry,2026-08-31T20:38:55.912Z
library,@opentelemetry/instrumentation-graphql@0.70.0,Apache-2.0,@opentelemetry,OpenTelemetry Authors,instrumentation-graphql,0.70.0,pkg:npm/%40opentelemetry/instrumentation-graphql@0.70.0#packages/instrumentation-graphql,node_modules/@opentelemetry/instrumentation-graphql,OpenTelemetry instrumentation for `graphql` gql query language and runtime for GraphQL,git+https://github.com/open-telemetry/opentelemetry-js-contrib.git#packages/instrumentation-graphql,"as detected from PackageJson property ""repository.url"" and ""repository.directory""",https://github.com/open-telemetry/opentelemetry-js-contrib/tree/main/packages/instrumentation-graphql#readme,"as detected from PackageJson property ""homepage""",https://github.com/open-telemetry/opentelemetry-js-contrib/issues,"as detected from PackageJson property ""bugs.url""",https://registry.npmjs.org/@opentelemetry/instrumentation-graphql/-/instrumentation-graphql-0.70.0.tgz,"as detected from npm-ls property ""resolved""",,,,active,Active in npm registry,2026-08-31T20:39:40.565Z
library,@opentelemetry/instrumentation-grpc@0.222.0,Apache-2.0,@opentelemetry,OpenTelemetry Authors,instrumentation-grpc,0.222.0,pkg:npm/%40opentelemetry/instrumentation-grpc@0.222.0,node_modules/@opentelemetry/instrumentation-grpc,OpenTelemetry instrumentation for `@grpc/grpc-js` rpc client and server for gRPC framework,git+https://github.com/open-telemetry/opentelemetry-js.git,"as detected from PackageJson property ""repository.url""",https://github.com/open-telemetry/opentelemetry-js/tree/main/experimental/packages/opentelemetry-instrumentation-grpc,"as detected from PackageJson property ""homepage""",https://github.com/open-telemetry/opentelemetry-js/issues,"as detected from PackageJson property ""bugs.url""",https://registry.npmjs.org/@opentelemetry/instrumentation-grpc/-/instrumentation-grpc-0.222.0.tgz,"as detected from npm-ls property ""resolved""",,,,active,Active in npm registry,2026-08-31T16:42:30.863Z
library,@opentelemetry/instrumentation-hapi@0.68.0,Apache-2.0,@opentelemetry,OpenTelemetry Authors,instrumentation-hapi,0.68.0,pkg:npm/%40opentelemetry/instrumentation-hapi@0.68.0#packages/instrumentation-hapi,node_modules/@opentelemetry/instrumentation-hapi,OpenTelemetry instrumentation for `@hapi/hapi` http web application framework,git+https://github.com/open-telemetry/opentelemetry-js-contrib.git#packages/instrumentation-hapi,"as detected from PackageJson property ""repository.url"" and ""repository.directory""",https://github.com/open-telemetry/opentelemetry-js-contrib/tree/main/packages/instrumentation-hapi#readme,"as detected from PackageJson property ""homepage""",https://github.com/open-telemetry/opentelemetry-js-contrib/issues,"as detected from PackageJson property ""bugs.url""",https://registry.npmjs.org/@opentelemetry/instrumentation-hapi/-/instrumentation-hapi-0.68.0.tgz,"as detected from npm-ls property ""resolved""",,,,active,Active in npm registry,2026-08-31T20:39:55.764Z
library,@opentelemetry/instrumentation-host-metrics@0.5.0,Apache-2.0,@opentelemetry,OpenTelemetry Authors,instrumentation-host-metrics,0.5.0,pkg:npm/%40opentelemetry/instrumentation-host-metrics@0.5.0#packages/instrumentation-host-metrics,node_modules/@opentelemetry/instrumentation-host-metrics,OpenTelemetry Host Metrics instrumentation for Node.js,git+https://github.com/open-telemetry/opentelemetry-js-contrib.git#packages/instrumentation-host-metrics,"as detected from PackageJson property ""repository.url"" and ""repository.directory""",https://github.com/open-telemetry/opentelemetry-js-contrib/tree/main/packages/instrumentation-host-metrics#readme,"as detected from PackageJson property ""homepage""",https://github.com/open-telemetry/opentelemetry-js-contrib/issues,"as detected from PackageJson property ""bugs.url""",https://registry.npmjs.org/@opentelemetry/instrumentation-host-metrics/-/instrumentation-host-metrics-0.5.0.tgz,"as detected from npm-ls property ""resolved""",,,,active,Active in npm registry,2026-08-31T20:39:40.305Z
library,systeminformation@5.33.10,MIT,,Sebastian Hildebrandt,systeminformation,5.33.10,pkg:npm/systeminformation@5.33.10,node_modules/systeminformation,Advanced~ lightweight system and OS information library,git+https://github.com/sebhildebrandt/systeminformation.git,"as detected from PackageJson property ""repository.url""",https://systeminformation.io,"as detected from PackageJson property ""homepage""",https://github.com/sebhildebrandt/systeminformation/issues,"as detected from PackageJson property ""bugs.url""",https://registry.npmjs.org/systeminformation/-/systeminformation-5.33.10.tgz,"as detected from npm-ls property ""resolved""",,,hildebrandt@plus-innovations.com,active,Active in npm registry,2026-09-08T18:32:51.534Z
library,@opentelemetry/instrumentation-http@0.222.0,Apache-2.0,@opentelemetry,OpenTelemetry Authors,instrumentation-http,0.222.0,pkg:npm/%40opentelemetry/instrumentation-http@0.222.0,node_modules/@opentelemetry/instrumentation-http,OpenTelemetry instrumentation for `node:http` and `node:https` http client and server modules,git+https://github.com/open-telemetry/opentelemetry-js.git,"as detected from PackageJson property ""repository.url""",https://github.com/open-telemetry/opentelemetry-js/tree/main/experimental/packages/opentelemetry-instrumentation-http,"as detected from PackageJson property ""homepage""",https://github.com/open-telemetry/opentelemetry-js/issues,"as detected from PackageJson property ""bugs.url""",https://registry.npmjs.org/@opentelemetry/instrumentation-http/-/instrumentation-http-0.222.0.tgz,"as detected from npm-ls property ""resolved""",,,,active,Active in npm registry,2026-08-31T16:42:14.367Z
library,forwarded-parse@2.1.2,MIT,,Luigi Pinca,forwarded-parse,2.1.2,pkg:npm/forwarded-parse@2.1.2,node_modules/forwarded-parse,Parse the Forwarded header (RFC 7239) into an array of objects,git+https://github.com/lpinca/forwarded-parse.git,"as detected from PackageJson property ""repository.url""",https://github.com/lpinca/forwarded-parse,"as detected from PackageJson property ""homepage""",https://github.com/lpinca/forwarded-parse/issues,"as detected from PackageJson property ""bugs.url""",https://registry.npmjs.org/forwarded-parse/-/forwarded-parse-2.1.2.tgz,"as detected from npm-ls property ""resolved""",,,,active,Active in npm registry,2022-06-18T03:17:22.173Z
library,@opentelemetry/instrumentation-ioredis@0.70.0,Apache-2.0,@opentelemetry,OpenTelemetry Authors,instrumentation-ioredis,0.70.0,pkg:npm/%40opentelemetry/instrumentation-ioredis@0.70.0#packages/instrumentation-ioredis,node_modules/@opentelemetry/instrumentation-ioredis,OpenTelemetry instrumentation for `ioredis` database redis client for Redis,git+https://github.com/open-telemetry/opentelemetry-js-contrib.git#packages/instrumentation-ioredis,"as detected from PackageJson property ""repository.url"" and ""repository.directory""",https://github.com/open-telemetry/opentelemetry-js-contrib/tree/main/packages/instrumentation-ioredis#readme,"as detected from PackageJson property ""homepage""",https://github.com/open-telemetry/opentelemetry-js-contrib/issues,"as detected from PackageJson property ""bugs.url""",https://registry.npmjs.org/@opentelemetry/instrumentation-ioredis/-/instrumentation-ioredis-0.70.0.tgz,"as detected from npm-ls property ""resolved""",,,,active,Active in npm registry,2026-08-31T20:39:17.229Z
library,@opentelemetry/redis-common@0.38.3,Apache-2.0,@opentelemetry,OpenTelemetry Authors,redis-common,0.38.3,pkg:npm/%40opentelemetry/redis-common@0.38.3#packages/redis-common,node_modules/@opentelemetry/redis-common,Redis utilities for redis instrumentations,git+https://github.com/open-telemetry/opentelemetry-js-contrib.git#packages/redis-common,"as detected from PackageJson property ""repository.url"" and ""repository.directory""",https://github.com/open-telemetry/opentelemetry-js-contrib/tree/main/packages/redis-common#readme,"as detected from PackageJson property ""homepage""",https://github.com/open-telemetry/opentelemetry-js-contrib/issues,"as detected from PackageJson property ""bugs.url""",https://registry.npmjs.org/@opentelemetry/redis-common/-/redis-common-0.38.3.tgz,"as detected from npm-ls property ""resolved""",,,,active,Active in npm registry,2026-05-01T17:16:02.587Z
library,@opentelemetry/instrumentation-kafkajs@0.31.0,Apache-2.0,@opentelemetry,OpenTelemetry Authors,instrumentation-kafkajs,0.31.0,pkg:npm/%40opentelemetry/instrumentation-kafkajs@0.31.0#packages/instrumentation-kafkajs,node_modules/@opentelemetry/instrumentation-kafkajs,OpenTelemetry instrumentation for `kafkajs` messaging client for Apache Kafka,git+https://github.com/open-telemetry/opentelemetry-js-contrib.git#packages/instrumentation-kafkajs,"as detected from PackageJson property ""repository.url"" and ""repository.directory""",https://github.com/open-telemetry/opentelemetry-js-contrib/tree/main/packages/instrumentation-kafkajs#readme,"as detected from PackageJson property ""homepage""",https://github.com/open-telemetry/opentelemetry-js-contrib/issues,"as detected from PackageJson property ""bugs.url""",https://registry.npmjs.org/@opentelemetry/instrumentation-kafkajs/-/instrumentation-kafkajs-0.31.0.tgz,"as detected from npm-ls property ""resolved""",,,,active,Active in npm registry,2026-08-31T20:39:18.192Z
library,@opentelemetry/instrumentation-knex@0.66.0,Apache-2.0,@opentelemetry,OpenTelemetry Authors,instrumentation-knex,0.66.0,pkg:npm/%40opentelemetry/instrumentation-knex@0.66.0#packages/instrumentation-knex,node_modules/@opentelemetry/instrumentation-knex,OpenTelemetry instrumentation for `knex` database SQL query builder,git+https://github.com/open-telemetry/opentelemetry-js-contrib.git#packages/instrumentation-knex,"as detected from PackageJson property ""repository.url"" and ""repository.directory""",https://github.com/open-telemetry/opentelemetry-js-contrib/tree/main/packages/instrumentation-knex#readme,"as detected from PackageJson property ""homepage""",https://github.com/open-telemetry/opentelemetry-js-contrib/issues,"as detected from PackageJson property ""bugs.url""",https://registry.npmjs.org/@opentelemetry/instrumentation-knex/-/instrumentation-knex-0.66.0.tgz,"as detected from npm-ls property ""resolved""",,,,active,Active in npm registry,2026-08-31T20:38:59.413Z
library,@opentelemetry/instrumentation-koa@0.70.0,Apache-2.0,@opentelemetry,OpenTelemetry Authors,instrumentation-koa,0.70.0,pkg:npm/%40opentelemetry/instrumentation-koa@0.70.0#packages/instrumentation-koa,node_modules/@opentelemetry/instrumentation-koa,OpenTelemetry instrumentation for `koa` http web application framework,git+https://github.com/open-telemetry/opentelemetry-js-contrib.git#packages/instrumentation-koa,"as detected from PackageJson property ""repository.url"" and ""repository.directory""",https://github.com/open-telemetry/opentelemetry-js-contrib/tree/main/packages/instrumentation-koa#readme,"as detected from PackageJson property ""homepage""",https://github.com/open-telemetry/opentelemetry-js-contrib/issues,"as detected from PackageJson property ""bugs.url""",https://registry.npmjs.org/@opentelemetry/instrumentation-koa/-/instrumentation-koa-0.70.0.tgz,"as detected from npm-ls property ""resolved""",,,,active,Active in npm registry,2026-08-31T20:39:17.831Z
library,@opentelemetry/instrumentation-lru-memoizer@0.66.0,Apache-2.0,@opentelemetry,OpenTelemetry Authors,instrumentation-lru-memoizer,0.66.0,pkg:npm/%40opentelemetry/instrumentation-lru-memoizer@0.66.0#packages/instrumentation-lru-memoizer,node_modules/@opentelemetry/instrumentation-lru-memoizer,OpenTelemetry instrumentation for `lru-memoizer` function memoization using lru-cache,git+https://github.com/open-telemetry/opentelemetry-js-contrib.git#packages/instrumentation-lru-memoizer,"as detected from PackageJson property ""repository.url"" and ""repository.directory""",https://github.com/open-telemetry/opentelemetry-js-contrib/tree/main/packages/instrumentation-lru-memoizer#readme,"as detected from PackageJson property ""homepage""",https://github.com/open-telemetry/opentelemetry-js-contrib/issues,"as detected from PackageJson property ""bugs.url""",https://registry.npmjs.org/@opentelemetry/instrumentation-lru-memoizer/-/instrumentation-lru-memoizer-0.66.0.tgz,"as detected from npm-ls property ""resolved""",,,,active,Active in npm registry,2026-08-31T20:39:38.761Z
library,@opentelemetry/instrumentation-memcached@0.65.0,Apache-2.0,@opentelemetry,OpenTelemetry Authors,instrumentation-memcached,0.65.0,pkg:npm/%40opentelemetry/instrumentation-memcached@0.65.0#packages/instrumentation-memcached,node_modules/@opentelemetry/instrumentation-memcached,OpenTelemetry instrumentation for `memcached` database client for memcached,git+https://github.com/open-telemetry/opentelemetry-js-contrib.git#packages/instrumentation-memcached,"as detected from PackageJson property ""repository.url"" and ""repository.directory""",https://github.com/open-telemetry/opentelemetry-js-contrib/tree/main/packages/instrumentation-memcached#readme,"as detected from PackageJson property ""homepage""",https://github.com/open-telemetry/opentelemetry-js-contrib/issues,"as detected from PackageJson property ""bugs.url""",https://registry.npmjs.org/@opentelemetry/instrumentation-memcached/-/instrumentation-memcached-0.65.0.tgz,"as detected from npm-ls property ""resolved""",,,,active,Active in npm registry,2026-08-31T20:39:41.558Z
library,@types/memcached@2.2.10,MIT,@types,,memcached,2.2.10,pkg:npm/%40types/memcached@2.2.10#types/memcached,node_modules/@types/memcached,TypeScript definitions for memcached,git+https://github.com/DefinitelyTyped/DefinitelyTyped.git#types/memcached,"as detected from PackageJson property ""repository.url"" and ""repository.directory""",https://github.com/DefinitelyTyped/DefinitelyTyped/tree/master/types/memcached,"as detected from PackageJson property ""homepage""",https://github.com/DefinitelyTyped/DefinitelyTyped/issues,"as detected from PackageJson property ""bugs.url""",https://registry.npmjs.org/@types/memcached/-/memcached-2.2.10.tgz,"as detected from npm-ls property ""resolved""",,,,active,Active in npm registry,2025-08-03T07:17:32.301Z
library,@opentelemetry/instrumentation-mongodb@0.75.0,Apache-2.0,@opentelemetry,OpenTelemetry Authors,instrumentation-mongodb,0.75.0,pkg:npm/%40opentelemetry/instrumentation-mongodb@0.75.0#packages/instrumentation-mongodb,node_modules/@opentelemetry/instrumentation-mongodb,OpenTelemetry instrumentation for `mongodb` database client for MongoDB,git+https://github.com/open-telemetry/opentelemetry-js-contrib.git#packages/instrumentation-mongodb,"as detected from PackageJson property ""repository.url"" and ""repository.directory""",https://github.com/open-telemetry/opentelemetry-js-contrib/tree/main/packages/instrumentation-mongodb#readme,"as detected from PackageJson property ""homepage""",https://github.com/open-telemetry/opentelemetry-js-contrib/issues,"as detected from PackageJson property ""bugs.url""",https://registry.npmjs.org/@opentelemetry/instrumentation-mongodb/-/instrumentation-mongodb-0.75.0.tgz,"as detected from npm-ls property ""resolved""",,,,active,Active in npm registry,2026-08-31T20:42:34.780Z
library,@opentelemetry/instrumentation-mongoose@0.68.0,Apache-2.0,@opentelemetry,OpenTelemetry Authors,instrumentation-mongoose,0.68.0,pkg:npm/%40opentelemetry/instrumentation-mongoose@0.68.0#packages/instrumentation-mongoose,node_modules/@opentelemetry/instrumentation-mongoose,OpenTelemetry instrumentation for `mongoose` database object data modeling (ODM) library for MongoDB,git+https://github.com/open-telemetry/opentelemetry-js-contrib.git#packages/instrumentation-mongoose,"as detected from PackageJson property ""repository.url"" and ""repository.directory""",https://github.com/open-telemetry/opentelemetry-js-contrib/tree/main/packages/instrumentation-mongoose#readme,"as detected from PackageJson property ""homepage""",https://github.com/open-telemetry/opentelemetry-js-contrib/issues,"as detected from PackageJson property ""bugs.url""",https://registry.npmjs.org/@opentelemetry/instrumentation-mongoose/-/instrumentation-mongoose-0.68.0.tgz,"as detected from npm-ls property ""resolved""",,,,active,Active in npm registry,2026-08-31T20:41:03.636Z
library,@opentelemetry/instrumentation-mysql@0.68.0,Apache-2.0,@opentelemetry,OpenTelemetry Authors,instrumentation-mysql,0.68.0,pkg:npm/%40opentelemetry/instrumentation-mysql@0.68.0#packages/instrumentation-mysql,node_modules/@opentelemetry/instrumentation-mysql,OpenTelemetry instrumentation for `mysql` database client for MySQL,git+https://github.com/open-telemetry/opentelemetry-js-contrib.git#packages/instrumentation-mysql,"as detected from PackageJson property ""repository.url"" and ""repository.directory""",https://github.com/open-telemetry/opentelemetry-js-contrib/tree/main/packages/instrumentation-mysql#readme,"as detected from PackageJson property ""homepage""",https://github.com/open-telemetry/opentelemetry-js-contrib/issues,"as detected from PackageJson property ""bugs.url""",https://registry.npmjs.org/@opentelemetry/instrumentation-mysql/-/instrumentation-mysql-0.68.0.tgz,"as detected from npm-ls property ""resolved""",,,,active,Active in npm registry,2026-08-31T20:39:41.777Z
library,@opentelemetry/instrumentation-mysql2@0.68.0,Apache-2.0,@opentelemetry,OpenTelemetry Authors,instrumentation-mysql2,0.68.0,pkg:npm/%40opentelemetry/instrumentation-mysql2@0.68.0#packages/instrumentation-mysql2,node_modules/@opentelemetry/instrumentation-mysql2,OpenTelemetry instrumentation for `mysql2` database client for MySQL,git+https://github.com/open-telemetry/opentelemetry-js-contrib.git#packages/instrumentation-mysql2,"as detected from PackageJson property ""repository.url"" and ""repository.directory""",https://github.com/open-telemetry/opentelemetry-js-contrib/tree/main/packages/instrumentation-mysql2#readme,"as detected from PackageJson property ""homepage""",https://github.com/open-telemetry/opentelemetry-js-contrib/issues,"as detected from PackageJson property ""bugs.url""",https://registry.npmjs.org/@opentelemetry/instrumentation-mysql2/-/instrumentation-mysql2-0.68.0.tgz,"as detected from npm-ls property ""resolved""",,,,active,Active in npm registry,2026-08-31T20:40:36.698Z
library,@opentelemetry/sql-common@0.42.0,Apache-2.0,@opentelemetry,OpenTelemetry Authors,sql-common,0.42.0,pkg:npm/%40opentelemetry/sql-common@0.42.0#packages/sql-common,node_modules/@opentelemetry/sql-common,Utilities for SQL instrumentations,git+https://github.com/open-telemetry/opentelemetry-js-contrib.git#packages/sql-common,"as detected from PackageJson property ""repository.url"" and ""repository.directory""",https://github.com/open-telemetry/opentelemetry-js-contrib/tree/main/packages/sql-common#readme,"as detected from PackageJson property ""homepage""",https://github.com/open-telemetry/opentelemetry-js-contrib/issues,"as detected from PackageJson property ""bugs.url""",https://registry.npmjs.org/@opentelemetry/sql-common/-/sql-common-0.42.0.tgz,"as detected from npm-ls property ""resolved""",,,,active,Active in npm registry,2026-06-11T14:54:49.812Z
library,@opentelemetry/instrumentation-nestjs-core@0.68.0,Apache-2.0,@opentelemetry,OpenTelemetry Authors,instrumentation-nestjs-core,0.68.0,pkg:npm/%40opentelemetry/instrumentation-nestjs-core@0.68.0#packages/instrumentation-nestjs-core,node_modules/@opentelemetry/instrumentation-nestjs-core,OpenTelemetry instrumentation for NestJS server side applications framework,git+https://github.com/open-telemetry/opentelemetry-js-contrib.git#packages/instrumentation-nestjs-core,"as detected from PackageJson property ""repository.url"" and ""repository.directory""",https://github.com/open-telemetry/opentelemetry-js-contrib/tree/main/packages/instrumentation-nestjs-core#readme,"as detected from PackageJson property ""homepage""",https://github.com/open-telemetry/opentelemetry-js-contrib/issues,"as detected from PackageJson property ""bugs.url""",https://registry.npmjs.org/@opentelemetry/instrumentation-nestjs-core/-/instrumentation-nestjs-core-0.68.0.tgz,"as detected from npm-ls property ""resolved""",,,,active,Active in npm registry,2026-08-31T20:40:44.283Z
library,@opentelemetry/instrumentation-net@0.66.0,Apache-2.0,@opentelemetry,OpenTelemetry Authors,instrumentation-net,0.66.0,pkg:npm/%40opentelemetry/instrumentation-net@0.66.0#packages/instrumentation-net,node_modules/@opentelemetry/instrumentation-net,OpenTelemetry instrumentation for `node:net` network API module,git+https://github.com/open-telemetry/opentelemetry-js-contrib.git#packages/instrumentation-net,"as detected from PackageJson property ""repository.url"" and ""repository.directory""",https://github.com/open-telemetry/opentelemetry-js-contrib/tree/main/packages/instrumentation-net#readme,"as detected from PackageJson property ""homepage""",https://github.com/open-telemetry/opentelemetry-js-contrib/issues,"as detected from PackageJson property ""bugs.url""",https://registry.npmjs.org/@opentelemetry/instrumentation-net/-/instrumentation-net-0.66.0.tgz,"as detected from npm-ls property ""resolved""",,,,active,Active in npm registry,2026-08-31T20:39:43.812Z
library,@opentelemetry/instrumentation-openai@0.20.0,Apache-2.0,@opentelemetry,OpenTelemetry Authors,instrumentation-openai,0.20.0,pkg:npm/%40opentelemetry/instrumentation-openai@0.20.0#packages/instrumentation-openai,node_modules/@opentelemetry/instrumentation-openai,OpenTelemetry instrumentation for the `openai` OpenAI client library,git+https://github.com/open-telemetry/opentelemetry-js-contrib.git#packages/instrumentation-openai,"as detected from PackageJson property ""repository.url"" and ""repository.directory""",https://github.com/open-telemetry/opentelemetry-js-contrib/tree/main/packages/instrumentation-openai#readme,"as detected from PackageJson property ""homepage""",https://github.com/open-telemetry/opentelemetry-js-contrib/issues,"as detected from PackageJson property ""bugs.url""",https://registry.npmjs.org/@opentelemetry/instrumentation-openai/-/instrumentation-openai-0.20.0.tgz,"as detected from npm-ls property ""resolved""",,,,active,Active in npm registry,2026-08-31T20:40:35.978Z
library,@opentelemetry/instrumentation-oracledb@0.47.0,Apache-2.0,@opentelemetry,OpenTelemetry Authors,instrumentation-oracledb,0.47.0,pkg:npm/%40opentelemetry/instrumentation-oracledb@0.47.0#packages/instrumentation-oracledb,node_modules/@opentelemetry/instrumentation-oracledb,OpenTelemetry instrumentation for `oracledb` database client for Oracle DB,git+https://github.com/open-telemetry/opentelemetry-js-contrib.git#packages/instrumentation-oracledb,"as detected from PackageJson property ""repository.url"" and ""repository.directory""",https://github.com/open-telemetry/opentelemetry-js-contrib/tree/main/packages/instrumentation-oracledb#readme,"as detected from PackageJson property ""homepage""",https://github.com/open-telemetry/opentelemetry-js-contrib/issues,"as detected from PackageJson property ""bugs.url""",https://registry.npmjs.org/@opentelemetry/instrumentation-oracledb/-/instrumentation-oracledb-0.47.0.tgz,"as detected from npm-ls property ""resolved""",,,,active,Active in npm registry,2026-08-31T20:41:07.038Z
library,@opentelemetry/instrumentation-pg@0.74.0,Apache-2.0,@opentelemetry,OpenTelemetry Authors,instrumentation-pg,0.74.0,pkg:npm/%40opentelemetry/instrumentation-pg@0.74.0#packages/instrumentation-pg,node_modules/@opentelemetry/instrumentation-pg,OpenTelemetry instrumentation for `pg` and `pg-pool` database client for PostgreSQL,git+https://github.com/open-telemetry/opentelemetry-js-contrib.git#packages/instrumentation-pg,"as detected from PackageJson property ""repository.url"" and ""repository.directory""",https://github.com/open-telemetry/opentelemetry-js-contrib/tree/main/packages/instrumentation-pg#readme,"as detected from PackageJson property ""homepage""",https://github.com/open-telemetry/opentelemetry-js-contrib/issues,"as detected from PackageJson property ""bugs.url""",https://registry.npmjs.org/@opentelemetry/instrumentation-pg/-/instrumentation-pg-0.74.0.tgz,"as detected from npm-ls property ""resolved""",,,,active,Active in npm registry,2026-08-31T20:40:06.171Z
library,@types/pg-pool@2.0.7,MIT,@types,,pg-pool,2.0.7,pkg:npm/%40types/pg-pool@2.0.7#types/pg-pool,node_modules/@types/pg-pool,TypeScript definitions for pg-pool,git+https://github.com/DefinitelyTyped/DefinitelyTyped.git#types/pg-pool,"as detected from PackageJson property ""repository.url"" and ""repository.directory""",https://github.com/DefinitelyTyped/DefinitelyTyped/tree/master/types/pg-pool,"as detected from PackageJson property ""homepage""",https://github.com/DefinitelyTyped/DefinitelyTyped/issues,"as detected from PackageJson property ""bugs.url""",https://registry.npmjs.org/@types/pg-pool/-/pg-pool-2.0.7.tgz,"as detected from npm-ls property ""resolved""",,,,active,Active in npm registry,2025-12-10T20:02:25.015Z
library,@types/pg@8.15.6,MIT,@types,,pg,8.15.6,pkg:npm/%40types/pg@8.15.6?vcs_url=git%2Bhttps%3A%2F%2Fgithub.com%2FDefinitelyTyped%2FDefinitelyTyped.git#types/pg,node_modules/@types/pg,TypeScript definitions for pg,git+https://github.com/DefinitelyTyped/DefinitelyTyped.git#types/pg,"as detected from PackageJson property ""repository.url"" and ""repository.directory""",https://github.com/DefinitelyTyped/DefinitelyTyped/tree/master/types/pg,"as detected from PackageJson property ""homepage""",https://github.com/DefinitelyTyped/DefinitelyTyped/issues,"as detected from PackageJson property ""bugs.url""",,,,,,active,Active in npm registry,2026-08-17T20:10:18.495Z
library,pg-protocol@1.16.0,MIT,,,pg-protocol,1.16.0,pkg:npm/pg-protocol@1.16.0#packages/pg-protocol,node_modules/pg-protocol,The postgres client/server binary protocol~ implemented in TypeScript,git://github.com/brianc/node-postgres.git#packages/pg-protocol,"as detected from PackageJson property ""repository.url"" and ""repository.directory""",https://github.com/brianc/node-postgres#readme,"as detected from PackageJson property ""homepage""",https://github.com/brianc/node-postgres/issues,"as detected from PackageJson property ""bugs.url""",https://registry.npmjs.org/pg-protocol/-/pg-protocol-1.16.0.tgz,"as detected from npm-ls property ""resolved""",,,,active,Active in npm registry,2026-08-08T19:26:04.020Z
library,pg-types@2.2.0,MIT,,Brian M. Carlson,pg-types,2.2.0,pkg:npm/pg-types@2.2.0,node_modules/pg-types,Query result type converters for node-postgres,git://github.com/brianc/node-pg-types.git,"as detected from PackageJson property ""repository.url""",https://github.com/brianc/node-pg-types,"as detected from PackageJson property ""homepage""",https://github.com/brianc/node-pg-types/issues,"as detected from PackageJson property ""bugs.url""",https://registry.npmjs.org/pg-types/-/pg-types-2.2.0.tgz,"as detected from npm-ls property ""resolved""",,,,active,Active in npm registry,2025-07-30T15:37:02.004Z
library,pg-int8@1.0.1,ISC,,,pg-int8,1.0.1,pkg:npm/pg-int8@1.0.1,node_modules/pg-int8,64-bit big-endian signed integer-to-string conversion,git+https://github.com/charmander/pg-int8.git,"as detected from PackageJson property ""repository.url""",https://github.com/charmander/pg-int8#readme,"as detected from PackageJson property ""homepage""",https://github.com/charmander/pg-int8/issues,"as detected from PackageJson property ""bugs.url""",https://registry.npmjs.org/pg-int8/-/pg-int8-1.0.1.tgz,"as detected from npm-ls property ""resolved""",,,,active,Active in npm registry,2022-05-12T20:28:23.225Z
library,postgres-array@2.0.0,MIT,,Ben Drucker,postgres-array,2.0.0,pkg:npm/postgres-array@2.0.0,node_modules/postgres-array,Parse postgres array columns,git+https://github.com/bendrucker/postgres-array.git,"as detected from PackageJson property ""repository.url""",https://github.com/bendrucker/postgres-array#readme,"as detected from PackageJson property ""homepage""",https://github.com/bendrucker/postgres-array/issues,"as detected from PackageJson property ""bugs.url""",https://registry.npmjs.org/postgres-array/-/postgres-array-2.0.0.tgz,"as detected from npm-ls property ""resolved""",,,bvdrucker@gmail.com,active,Active in npm registry,2025-03-06T16:20:51.686Z
library,postgres-bytea@1.0.1,MIT,,Ben Drucker,postgres-bytea,1.0.1,pkg:npm/postgres-bytea@1.0.1,node_modules/postgres-bytea,Postgres bytea parser,git+https://github.com/bendrucker/postgres-bytea.git,"as detected from PackageJson property ""repository.url""",https://github.com/bendrucker/postgres-bytea#readme,"as detected from PackageJson property ""homepage""",https://github.com/bendrucker/postgres-bytea/issues,"as detected from PackageJson property ""bugs.url""",https://registry.npmjs.org/postgres-bytea/-/postgres-bytea-1.0.1.tgz,"as detected from npm-ls property ""resolved""",,,bvdrucker@gmail.com,active,Active in npm registry,2025-12-17T04:53:34.583Z
library,postgres-date@1.0.7,MIT,,Ben Drucker,postgres-date,1.0.7,pkg:npm/postgres-date@1.0.7,node_modules/postgres-date,Postgres date column parser,git+https://github.com/bendrucker/postgres-date.git,"as detected from PackageJson property ""repository.url""",https://github.com/bendrucker/postgres-date#readme,"as detected from PackageJson property ""homepage""",https://github.com/bendrucker/postgres-date/issues,"as detected from PackageJson property ""bugs.url""",https://registry.npmjs.org/postgres-date/-/postgres-date-1.0.7.tgz,"as detected from npm-ls property ""resolved""",,,bvdrucker@gmail.com,active,Active in npm registry,2022-06-24T11:20:07.561Z
library,postgres-interval@1.2.0,MIT,,Ben Drucker,postgres-interval,1.2.0,pkg:npm/postgres-interval@1.2.0,node_modules/postgres-interval,Parse Postgres interval columns,git+https://github.com/bendrucker/postgres-interval.git,"as detected from PackageJson property ""repository.url""",https://github.com/bendrucker/postgres-interval#readme,"as detected from PackageJson property ""homepage""",https://github.com/bendrucker/postgres-interval/issues,"as detected from PackageJson property ""bugs.url""",https://registry.npmjs.org/postgres-interval/-/postgres-interval-1.2.0.tgz,"as detected from npm-ls property ""resolved""",,,bvdrucker@gmail.com,active,Active in npm registry,2026-06-30T04:53:55.896Z
library,xtend@4.0.2,MIT,,Raynos,xtend,4.0.2,pkg:npm/xtend@4.0.2?vcs_url=git%3A%2F%2Fgithub.com%2FRaynos%2Fxtend.git,node_modules/xtend,extend like a boss,git://github.com/Raynos/xtend.git,"as detected from PackageJson property ""repository.url""",https://github.com/Raynos/xtend,"as detected from PackageJson property ""homepage""",https://github.com/Raynos/xtend/issues,"as detected from PackageJson property ""bugs.url""",,,,,raynos2@gmail.com,active,Active in npm registry,2023-07-10T23:17:31.391Z
library,@opentelemetry/instrumentation-pino@0.68.0,Apache-2.0,@opentelemetry,OpenTelemetry Authors,instrumentation-pino,0.68.0,pkg:npm/%40opentelemetry/instrumentation-pino@0.68.0#packages/instrumentation-pino,node_modules/@opentelemetry/instrumentation-pino,OpenTelemetry instrumentation for `pino` logger,git+https://github.com/open-telemetry/opentelemetry-js-contrib.git#packages/instrumentation-pino,"as detected from PackageJson property ""repository.url"" and ""repository.directory""",https://github.com/open-telemetry/opentelemetry-js-contrib/tree/main/packages/instrumentation-pino#readme,"as detected from PackageJson property ""homepage""",https://github.com/open-telemetry/opentelemetry-js-contrib/issues,"as detected from PackageJson property ""bugs.url""",https://registry.npmjs.org/@opentelemetry/instrumentation-pino/-/instrumentation-pino-0.68.0.tgz,"as detected from npm-ls property ""resolved""",,,,active,Active in npm registry,2026-08-31T20:41:10.623Z
library,@opentelemetry/instrumentation-redis@0.70.0,Apache-2.0,@opentelemetry,OpenTelemetry Authors,instrumentation-redis,0.70.0,pkg:npm/%40opentelemetry/instrumentation-redis@0.70.0#packages/instrumentation-redis,node_modules/@opentelemetry/instrumentation-redis,OpenTelemetry instrumentation for `redis` database client for Redis,git+https://github.com/open-telemetry/opentelemetry-js-contrib.git#packages/instrumentation-redis,"as detected from PackageJson property ""repository.url"" and ""repository.directory""",https://github.com/open-telemetry/opentelemetry-js-contrib/tree/main/packages/instrumentation-redis#readme,"as detected from PackageJson property ""homepage""",https://github.com/open-telemetry/opentelemetry-js-contrib/issues,"as detected from PackageJson property ""bugs.url""",https://registry.npmjs.org/@opentelemetry/instrumentation-redis/-/instrumentation-redis-0.70.0.tgz,"as detected from npm-ls property ""resolved""",,,,active,Active in npm registry,2026-08-31T20:39:48.272Z
library,@opentelemetry/instrumentation-restify@0.67.0,Apache-2.0,@opentelemetry,OpenTelemetry Authors,instrumentation-restify,0.67.0,pkg:npm/%40opentelemetry/instrumentation-restify@0.67.0#packages/instrumentation-restify,node_modules/@opentelemetry/instrumentation-restify,OpenTelemetry instrumentation for `restify` http web application framework,git+https://github.com/open-telemetry/opentelemetry-js-contrib.git#packages/instrumentation-restify,"as detected from PackageJson property ""repository.url"" and ""repository.directory""",https://github.com/open-telemetry/opentelemetry-js-contrib/tree/main/packages/instrumentation-restify#readme,"as detected from PackageJson property ""homepage""",https://github.com/open-telemetry/opentelemetry-js-contrib/issues,"as detected from PackageJson property ""bugs.url""",https://registry.npmjs.org/@opentelemetry/instrumentation-restify/-/instrumentation-restify-0.67.0.tgz,"as detected from npm-ls property ""resolved""",,,,active,Active in npm registry,2026-08-31T20:40:15.008Z
library,@opentelemetry/instrumentation-router@0.66.0,Apache-2.0,@opentelemetry,OpenTelemetry Authors,instrumentation-router,0.66.0,pkg:npm/%40opentelemetry/instrumentation-router@0.66.0#packages/instrumentation-router,node_modules/@opentelemetry/instrumentation-router,OpenTelemetry instrumentation for `router` http middleware router,git+https://github.com/open-telemetry/opentelemetry-js-contrib.git#packages/instrumentation-router,"as detected from PackageJson property ""repository.url"" and ""repository.directory""",https://github.com/open-telemetry/opentelemetry-js-contrib/tree/main/packages/instrumentation-router#readme,"as detected from PackageJson property ""homepage""",https://github.com/open-telemetry/opentelemetry-js-contrib/issues,"as detected from PackageJson property ""bugs.url""",https://registry.npmjs.org/@opentelemetry/instrumentation-router/-/instrumentation-router-0.66.0.tgz,"as detected from npm-ls property ""resolved""",,,,active,Active in npm registry,2026-08-31T20:39:03.474Z
library,@opentelemetry/instrumentation-runtime-node@0.35.0,Apache-2.0,@opentelemetry,OpenTelemetry Authors,instrumentation-runtime-node,0.35.0,pkg:npm/%40opentelemetry/instrumentation-runtime-node@0.35.0#packages/instrumentation-runtime-node,node_modules/@opentelemetry/instrumentation-runtime-node,OpenTelemetry instrumentation for Node.js Performance measurement API,git+https://github.com/open-telemetry/opentelemetry-js-contrib.git#packages/instrumentation-runtime-node,"as detected from PackageJson property ""repository.url"" and ""repository.directory""",https://github.com/open-telemetry/opentelemetry-js-contrib/tree/main/packages/instrumentation-runtime-node#readme,"as detected from PackageJson property ""homepage""",https://github.com/open-telemetry/opentelemetry-js-contrib/issues,"as detected from PackageJson property ""bugs.url""",https://registry.npmjs.org/@opentelemetry/instrumentation-runtime-node/-/instrumentation-runtime-node-0.35.0.tgz,"as detected from npm-ls property ""resolved""",,,,active,Active in npm registry,2026-08-31T20:40:48.306Z
library,@opentelemetry/instrumentation-socket.io@0.69.0,Apache-2.0,@opentelemetry,OpenTelemetry Authors,instrumentation-socket.io,0.69.0,pkg:npm/%40opentelemetry/instrumentation-socket.io@0.69.0#packages/instrumentation-socket.io,node_modules/@opentelemetry/instrumentation-socket.io,OpenTelemetry instrumentation for `socket.io` messaging server implementation for Socket.IO communication,git+https://github.com/open-telemetry/opentelemetry-js-contrib.git#packages/instrumentation-socket.io,"as detected from PackageJson property ""repository.url"" and ""repository.directory""",https://github.com/open-telemetry/opentelemetry-js-contrib/tree/main/packages/instrumentation-socket.io#readme,"as detected from PackageJson property ""homepage""",https://github.com/open-telemetry/opentelemetry-js-contrib/issues,"as detected from PackageJson property ""bugs.url""",https://registry.npmjs.org/@opentelemetry/instrumentation-socket.io/-/instrumentation-socket.io-0.69.0.tgz,"as detected from npm-ls property ""resolved""",,,,active,Active in npm registry,2026-08-31T20:39:28.365Z
library,@opentelemetry/instrumentation-tedious@0.41.0,Apache-2.0,@opentelemetry,OpenTelemetry Authors,instrumentation-tedious,0.41.0,pkg:npm/%40opentelemetry/instrumentation-tedious@0.41.0#packages/instrumentation-tedious,node_modules/@opentelemetry/instrumentation-tedious,OpenTelemetry instrumentation for `tedious` database client for Microsoft SQL Server,git+https://github.com/open-telemetry/opentelemetry-js-contrib.git#packages/instrumentation-tedious,"as detected from PackageJson property ""repository.url"" and ""repository.directory""",https://github.com/open-telemetry/opentelemetry-js-contrib/tree/main/packages/instrumentation-tedious#readme,"as detected from PackageJson property ""homepage""",https://github.com/open-telemetry/opentelemetry-js-contrib/issues,"as detected from PackageJson property ""bugs.url""",https://registry.npmjs.org/@opentelemetry/instrumentation-tedious/-/instrumentation-tedious-0.41.0.tgz,"as detected from npm-ls property ""resolved""",,,,active,Active in npm registry,2026-08-31T20:42:44.076Z
library,@opentelemetry/instrumentation-undici@0.32.0,Apache-2.0,@opentelemetry,OpenTelemetry Authors,instrumentation-undici,0.32.0,pkg:npm/%40opentelemetry/instrumentation-undici@0.32.0#packages/instrumentation-undici,node_modules/@opentelemetry/instrumentation-undici,OpenTelemetry instrumentation for `undici` http client and Node.js fetch(),git+https://github.com/open-telemetry/opentelemetry-js-contrib.git#packages/instrumentation-undici,"as detected from PackageJson property ""repository.url"" and ""repository.directory""",https://github.com/open-telemetry/opentelemetry-js-contrib/tree/main/packages/instrumentation-undici#readme,"as detected from PackageJson property ""homepage""",https://github.com/open-telemetry/opentelemetry-js-contrib/issues,"as detected from PackageJson property ""bugs.url""",https://registry.npmjs.org/@opentelemetry/instrumentation-undici/-/instrumentation-undici-0.32.0.tgz,"as detected from npm-ls property ""resolved""",,,,active,Active in npm registry,2026-08-31T20:39:26.863Z
library,@opentelemetry/instrumentation-winston@0.66.0,Apache-2.0,@opentelemetry,OpenTelemetry Authors,instrumentation-winston,0.66.0,pkg:npm/%40opentelemetry/instrumentation-winston@0.66.0#packages/instrumentation-winston,node_modules/@opentelemetry/instrumentation-winston,OpenTelemetry instrumentation for `winston` logger,git+https://github.com/open-telemetry/opentelemetry-js-contrib.git#packages/instrumentation-winston,"as detected from PackageJson property ""repository.url"" and ""repository.directory""",https://github.com/open-telemetry/opentelemetry-js-contrib/tree/main/packages/instrumentation-winston#readme,"as detected from PackageJson property ""homepage""",https://github.com/open-telemetry/opentelemetry-js-contrib/issues,"as detected from PackageJson property ""bugs.url""",https://registry.npmjs.org/@opentelemetry/instrumentation-winston/-/instrumentation-winston-0.66.0.tgz,"as detected from npm-ls property ""resolved""",,,,active,Active in npm registry,2026-08-31T20:41:21.218Z
library,import-in-the-middle@3.5.1,Apache-2.0,,Bryan English,import-in-the-middle,3.5.1,pkg:npm/import-in-the-middle@3.5.1,node_modules/import-in-the-middle,Intercept imports in Node.js,git+ssh://git@github.com/nodejs/import-in-the-middle.git,"as detected from PackageJson property ""repository.url""",https://github.com/nodejs/import-in-the-middle#readme,"as detected from PackageJson property ""homepage""",https://github.com/nodejs/import-in-the-middle/issues,"as detected from PackageJson property ""bugs.url""",https://registry.npmjs.org/import-in-the-middle/-/import-in-the-middle-3.5.1.tgz,"as detected from npm-ls property ""resolved""",,,bryan.english@datadoghq.com,active,Active in npm registry,2026-09-11T11:45:15.293Z
library,cjs-module-lexer@2.2.1,MIT,,Guy Bedford,cjs-module-lexer,2.2.1,pkg:npm/cjs-module-lexer@2.2.1,node_modules/cjs-module-lexer,Lexes CommonJS modules~ returning their named exports metadata,git+https://github.com/nodejs/cjs-module-lexer.git,"as detected from PackageJson property ""repository.url""",https://github.com/nodejs/cjs-module-lexer#readme,"as detected from PackageJson property ""homepage""",https://github.com/nodejs/cjs-module-lexer/issues,"as detected from PackageJson property ""bugs.url""",https://registry.npmjs.org/cjs-module-lexer/-/cjs-module-lexer-2.2.1.tgz,"as detected from npm-ls property ""resolved""",,,,active,Active in npm registry,2026-08-13T22:17:45.551Z
library,es-module-lexer@3.0.2,MIT,,Guy Bedford,es-module-lexer,3.0.2,pkg:npm/es-module-lexer@3.0.2,node_modules/es-module-lexer,Lexes ES modules returning their import/export metadata,git+https://github.com/guybedford/es-module-lexer.git,"as detected from PackageJson property ""repository.url""",https://github.com/guybedford/es-module-lexer#readme,"as detected from PackageJson property ""homepage""",https://github.com/guybedford/es-module-lexer/issues,"as detected from PackageJson property ""bugs.url""",https://registry.npmjs.org/es-module-lexer/-/es-module-lexer-3.0.2.tgz,"as detected from npm-ls property ""resolved""",,,,active,Active in npm registry,2026-09-07T19:40:30.751Z
library,module-details-from-path@1.0.4,MIT,,Thomas Watson,module-details-from-path,1.0.4,pkg:npm/module-details-from-path@1.0.4,node_modules/module-details-from-path,Resolve npm package details~ like name and base path~ given an absolute path to a file inside a package,git+https://github.com/watson/module-details-from-path.git,"as detected from PackageJson property ""repository.url""",https://github.com/watson/module-details-from-path#readme,"as detected from PackageJson property ""homepage""",https://github.com/watson/module-details-from-path/issues,"as detected from PackageJson property ""bugs.url""",https://registry.npmjs.org/module-details-from-path/-/module-details-from-path-1.0.4.tgz,"as detected from npm-ls property ""resolved""",,,w@tson.dk,active,Active in npm registry,2025-04-29T16:59:53.947Z
library,require-in-the-middle@8.0.1,MIT,,Thomas Watson Steen,require-in-the-middle,8.0.1,pkg:npm/require-in-the-middle@8.0.1,node_modules/require-in-the-middle,Module to hook into the Node.js require function,git+https://github.com/nodejs/require-in-the-middle.git,"as detected from PackageJson property ""repository.url""",https://github.com/nodejs/require-in-the-middle#readme,"as detected from PackageJson property ""homepage""",https://github.com/nodejs/require-in-the-middle/issues,"as detected from PackageJson property ""bugs.url""",https://registry.npmjs.org/require-in-the-middle/-/require-in-the-middle-8.0.1.tgz,"as detected from npm-ls property ""resolved""",,,w@tson.dk,active,Active in npm registry,2025-10-20T12:27:21.933Z
library,@opentelemetry/resource-detector-alibaba-cloud@0.37.0,Apache-2.0,@opentelemetry,OpenTelemetry Authors,resource-detector-alibaba-cloud,0.37.0,pkg:npm/%40opentelemetry/resource-detector-alibaba-cloud@0.37.0#packages/resource-detector-alibaba-cloud,node_modules/@opentelemetry/resource-detector-alibaba-cloud,OpenTelemetry resource detector for Alibaba Cloud,git+https://github.com/open-telemetry/opentelemetry-js-contrib.git#packages/resource-detector-alibaba-cloud,"as detected from PackageJson property ""repository.url"" and ""repository.directory""",https://github.com/open-telemetry/opentelemetry-js-contrib/tree/main/packages/resource-detector-alibaba-cloud#readme,"as detected from PackageJson property ""homepage""",https://github.com/open-telemetry/opentelemetry-js-contrib/issues,"as detected from PackageJson property ""bugs.url""",https://registry.npmjs.org/@opentelemetry/resource-detector-alibaba-cloud/-/resource-detector-alibaba-cloud-0.37.0.tgz,"as detected from npm-ls property ""resolved""",,,,active,Active in npm registry,2026-08-31T20:39:11.675Z
library,@opentelemetry/resources@2.11.0,Apache-2.0,@opentelemetry,OpenTelemetry Authors,resources,2.11.0,pkg:npm/%40opentelemetry/resources@2.11.0?vcs_url=git%2Bhttps%3A%2F%2Fgithub.com%2Fopen-telemetry%2Fopentelemetry-js.git,node_modules/@opentelemetry/resources,OpenTelemetry SDK resources,git+https://github.com/open-telemetry/opentelemetry-js.git,"as detected from PackageJson property ""repository.url""",https://github.com/open-telemetry/opentelemetry-js/tree/main/packages/opentelemetry-resources,"as detected from PackageJson property ""homepage""",https://github.com/open-telemetry/opentelemetry-js/issues,"as detected from PackageJson property ""bugs.url""",,,,,,active,Active in npm registry,2026-08-31T16:41:41.694Z
library,@opentelemetry/resource-detector-aws@2.22.0,Apache-2.0,@opentelemetry,OpenTelemetry Authors,resource-detector-aws,2.22.0,pkg:npm/%40opentelemetry/resource-detector-aws@2.22.0#packages/resource-detector-aws,node_modules/@opentelemetry/resource-detector-aws,OpenTelemetry SDK resource detector for AWS,git+https://github.com/open-telemetry/opentelemetry-js-contrib.git#packages/resource-detector-aws,"as detected from PackageJson property ""repository.url"" and ""repository.directory""",https://github.com/open-telemetry/opentelemetry-js-contrib/tree/main/packages/resource-detector-aws#readme,"as detected from PackageJson property ""homepage""",https://github.com/open-telemetry/opentelemetry-js-contrib/issues,"as detected from PackageJson property ""bugs.url""",https://registry.npmjs.org/@opentelemetry/resource-detector-aws/-/resource-detector-aws-2.22.0.tgz,"as detected from npm-ls property ""resolved""",,,,active,Active in npm registry,2026-08-31T20:41:18.370Z
library,@opentelemetry/resource-detector-azure@0.30.0,Apache-2.0,@opentelemetry,OpenTelemetry Authors,resource-detector-azure,0.30.0,pkg:npm/%40opentelemetry/resource-detector-azure@0.30.0#packages/resource-detector-azure,node_modules/@opentelemetry/resource-detector-azure,OpenTelemetry SDK resource detector for Azure,git+https://github.com/open-telemetry/opentelemetry-js-contrib.git#packages/resource-detector-azure,"as detected from PackageJson property ""repository.url"" and ""repository.directory""",https://github.com/open-telemetry/opentelemetry-js-contrib/tree/main/packages/resource-detector-azure#readme,"as detected from PackageJson property ""homepage""",https://github.com/open-telemetry/opentelemetry-js-contrib/issues,"as detected from PackageJson property ""bugs.url""",https://registry.npmjs.org/@opentelemetry/resource-detector-azure/-/resource-detector-azure-0.30.0.tgz,"as detected from npm-ls property ""resolved""",,,,active,Active in npm registry,2026-08-31T20:40:44.240Z
library,@opentelemetry/resource-detector-container@0.8.13,Apache-2.0,@opentelemetry,OpenTelemetry Authors,resource-detector-container,0.8.13,pkg:npm/%40opentelemetry/resource-detector-container@0.8.13#packages/resource-detector-container,node_modules/@opentelemetry/resource-detector-container,Opentelemetry resource detector to get container resource attributes,git+https://github.com/open-telemetry/opentelemetry-js-contrib.git#packages/resource-detector-container,"as detected from PackageJson property ""repository.url"" and ""repository.directory""",https://github.com/open-telemetry/opentelemetry-js-contrib/tree/main/packages/resource-detector-container#readme,"as detected from PackageJson property ""homepage""",https://github.com/open-telemetry/opentelemetry-js-contrib/issues,"as detected from PackageJson property ""bugs.url""",https://registry.npmjs.org/@opentelemetry/resource-detector-container/-/resource-detector-container-0.8.13.tgz,"as detected from npm-ls property ""resolved""",,,,active,Active in npm registry,2026-08-31T20:42:50.360Z
library,@opentelemetry/resource-detector-gcp@0.57.0,Apache-2.0,@opentelemetry,OpenTelemetry Authors,resource-detector-gcp,0.57.0,pkg:npm/%40opentelemetry/resource-detector-gcp@0.57.0#packages/resource-detector-gcp,node_modules/@opentelemetry/resource-detector-gcp,OpenTelemetry SDK resource detector for GCP,git+https://github.com/open-telemetry/opentelemetry-js-contrib.git#packages/resource-detector-gcp,"as detected from PackageJson property ""repository.url"" and ""repository.directory""",https://github.com/open-telemetry/opentelemetry-js-contrib/tree/main/packages/resource-detector-gcp#readme,"as detected from PackageJson property ""homepage""",https://github.com/open-telemetry/opentelemetry-js-contrib/issues,"as detected from PackageJson property ""bugs.url""",https://registry.npmjs.org/@opentelemetry/resource-detector-gcp/-/resource-detector-gcp-0.57.0.tgz,"as detected from npm-ls property ""resolved""",,,,active,Active in npm registry,2026-08-31T20:39:34.257Z
library,gaxios@7.1.3,Apache-2.0,,Google~ LLC,gaxios,7.1.3,pkg:npm/gaxios@7.1.3#packages/gaxios,node_modules/gaxios,A simple common HTTP client specifically for Google APIs and services.,git+https://github.com/googleapis/google-cloud-node-core.git#packages/gaxios,"as detected from PackageJson property ""repository.url"" and ""repository.directory""",https://github.com/googleapis/google-cloud-node-core/tree/main/packages/gaxios,"as detected from PackageJson property ""homepage""",https://github.com/googleapis/google-cloud-node-core/issues,"as detected from PackageJson property ""bugs.url""",https://registry.npmjs.org/gaxios/-/gaxios-7.1.3.tgz,"as detected from npm-ls property ""resolved""",,,,active,Active in npm registry,2026-08-24T15:54:18.969Z
library,extend@3.0.2,MIT,,Stefan Thomas,extend,3.0.2,pkg:npm/extend@3.0.2,node_modules/extend,Port of jQuery.extend for node.js and the browser,git+https://github.com/justmoon/node-extend.git,"as detected from PackageJson property ""repository.url""",https://github.com/justmoon/node-extend#readme,"as detected from PackageJson property ""homepage""",https://github.com/justmoon/node-extend/issues,"as detected from PackageJson property ""bugs.url""",https://registry.npmjs.org/extend/-/extend-3.0.2.tgz,"as detected from npm-ls property ""resolved""",,,justmoon@members.fsf.org,active,Active in npm registry,2023-07-12T19:13:04.515Z
library,agent-base@7.1.4,MIT,,Nathan Rajlich,agent-base,7.1.4,pkg:npm/agent-base@7.1.4#packages/agent-base,node_modules/agent-base,Turn a function into an `http.Agent` instance,git+https://github.com/TooTallNate/proxy-agents.git#packages/agent-base,"as detected from PackageJson property ""repository.url"" and ""repository.directory""",https://github.com/TooTallNate/proxy-agents#readme,"as detected from PackageJson property ""homepage""",https://github.com/TooTallNate/proxy-agents/issues,"as detected from PackageJson property ""bugs.url""",https://registry.npmjs.org/agent-base/-/agent-base-7.1.4.tgz,"as detected from npm-ls property ""resolved""",,,nathan@tootallnate.net,active,Active in npm registry,2026-04-01T06:57:34.468Z
library,node-fetch@3.3.2,MIT,,David Frank,node-fetch,3.3.2,pkg:npm/node-fetch@3.3.2,node_modules/node-fetch,A light-weight module that brings Fetch API to node.js,git+https://github.com/node-fetch/node-fetch.git,"as detected from PackageJson property ""repository.url""",https://github.com/node-fetch/node-fetch,"as detected from PackageJson property ""homepage""",https://github.com/node-fetch/node-fetch/issues,"as detected from PackageJson property ""bugs.url""",https://registry.npmjs.org/node-fetch/-/node-fetch-3.3.2.tgz,"as detected from npm-ls property ""resolved""",,,,active,Active in npm registry,2023-11-30T14:10:12.367Z
library,data-uri-to-buffer@4.0.1,MIT,,Nathan Rajlich,data-uri-to-buffer,4.0.1,pkg:npm/data-uri-to-buffer@4.0.1,node_modules/data-uri-to-buffer,Generate a Buffer instance from a Data URI string,git://github.com/TooTallNate/node-data-uri-to-buffer.git,"as detected from PackageJson property ""repository.url""",https://github.com/TooTallNate/node-data-uri-to-buffer,"as detected from PackageJson property ""homepage""",https://github.com/TooTallNate/node-data-uri-to-buffer/issues,"as detected from PackageJson property ""bugs.url""",https://registry.npmjs.org/data-uri-to-buffer/-/data-uri-to-buffer-4.0.1.tgz,"as detected from npm-ls property ""resolved""",,,nathan@tootallnate.net,active,Active in npm registry,2026-04-01T06:57:37.389Z
library,fetch-blob@3.2.0,MIT,,Jimmy Wärting,fetch-blob,3.2.0,pkg:npm/fetch-blob@3.2.0,node_modules/fetch-blob,Blob & File implementation in Node.js~ originally from node-fetch.,git+https://github.com/node-fetch/fetch-blob.git,"as detected from PackageJson property ""repository.url""",https://github.com/node-fetch/fetch-blob#readme,"as detected from PackageJson property ""homepage""",https://github.com/node-fetch/fetch-blob/issues,"as detected from PackageJson property ""bugs.url""",https://registry.npmjs.org/fetch-blob/-/fetch-blob-3.2.0.tgz,"as detected from npm-ls property ""resolved""",,,jimmy@warting.se,active,Active in npm registry,2023-05-18T11:47:25.919Z
library,node-domexception@1.0.0,MIT,,Jimmy Wärting,node-domexception,1.0.0,pkg:npm/node-domexception@1.0.0,node_modules/node-domexception,An implementation of the DOMException class from NodeJS,git+https://github.com/jimmywarting/node-domexception.git,"as detected from PackageJson property ""repository.url""",https://github.com/jimmywarting/node-domexception#readme,"as detected from PackageJson property ""homepage""",https://github.com/jimmywarting/node-domexception/issues,"as detected from PackageJson property ""bugs.url""",https://registry.npmjs.org/node-domexception/-/node-domexception-1.0.0.tgz,"as detected from npm-ls property ""resolved""",,,,deprecated,Use your platform's native DOMException instead,2025-04-19T13:25:44.117Z
library,web-streams-polyfill@3.3.3,MIT,,Mattias Buelens,web-streams-polyfill,3.3.3,pkg:npm/web-streams-polyfill@3.3.3,node_modules/web-streams-polyfill,Web Streams~ based on the WHATWG spec reference implementation,git+https://github.com/MattiasBuelens/web-streams-polyfill.git,"as detected from PackageJson property ""repository.url""",https://github.com/MattiasBuelens/web-streams-polyfill#readme,"as detected from PackageJson property ""homepage""",https://github.com/MattiasBuelens/web-streams-polyfill/issues,"as detected from PackageJson property ""bugs.url""",https://registry.npmjs.org/web-streams-polyfill/-/web-streams-polyfill-3.3.3.tgz,"as detected from npm-ls property ""resolved""",,,mattias@buelens.com,active,Active in npm registry,2026-05-15T13:51:18.612Z
library,formdata-polyfill@4.0.10,MIT,,Jimmy Wärting,formdata-polyfill,4.0.10,pkg:npm/formdata-polyfill@4.0.10,node_modules/formdata-polyfill,HTML5 `FormData` for Browsers and Node.,git+https://jimmywarting@github.com/jimmywarting/FormData.git,"as detected from PackageJson property ""repository.url""",https://github.com/jimmywarting/FormData#readme,"as detected from PackageJson property ""homepage""",https://github.com/jimmywarting/FormData/issues,"as detected from PackageJson property ""bugs.url""",https://registry.npmjs.org/formdata-polyfill/-/formdata-polyfill-4.0.10.tgz,"as detected from npm-ls property ""resolved""",,,,active,Active in npm registry,2022-06-18T03:06:32.006Z
library,rimraf@5.0.10,ISC,,Isaac Z. Schlueter,rimraf,5.0.10,pkg:npm/rimraf@5.0.10,node_modules/rimraf,A deep deletion module for node (like `rm -rf`),git://github.com/isaacs/rimraf.git,"as detected from PackageJson property ""repository.url""",https://github.com/isaacs/rimraf#readme,"as detected from PackageJson property ""homepage""",https://github.com/isaacs/rimraf/issues,"as detected from PackageJson property ""bugs.url""",https://registry.npmjs.org/rimraf/-/rimraf-5.0.10.tgz,"as detected from npm-ls property ""resolved""",,,i@izs.me,active,Active in npm registry,2026-04-03T13:52:28.331Z
library,rimraf@5.0.10|glob@10.5.0,ISC,,Isaac Z. Schlueter,glob,10.5.0,pkg:npm/glob@10.5.0,node_modules/rimraf/node_modules/glob,the most correct and second fastest glob implementation in JavaScript,git://github.com/isaacs/node-glob.git,"as detected from PackageJson property ""repository.url""",https://github.com/isaacs/node-glob#readme,"as detected from PackageJson property ""homepage""",https://github.com/isaacs/node-glob/issues,"as detected from PackageJson property ""bugs.url""",https://registry.npmjs.org/glob/-/glob-10.5.0.tgz,"as detected from npm-ls property ""resolved""",,,i@izs.me,deprecated,"Old versions of glob are not supported, and contain widely publicized security vulnerabilities, which have been fixed in the current version. Please update. Support for old versions may be purchased (at exorbitant rates) by contacting i@izs.me",2026-02-19T17:26:33.383Z
library,rimraf@5.0.10|minimatch@9.0.9,ISC,,Isaac Z. Schlueter,minimatch,9.0.9,pkg:npm/minimatch@9.0.9,node_modules/rimraf/node_modules/minimatch,a glob matcher in javascript,git://github.com/isaacs/minimatch.git,"as detected from PackageJson property ""repository.url""",https://github.com/isaacs/minimatch#readme,"as detected from PackageJson property ""homepage""",https://github.com/isaacs/minimatch/issues,"as detected from PackageJson property ""bugs.url""",https://registry.npmjs.org/minimatch/-/minimatch-9.0.9.tgz,"as detected from npm-ls property ""resolved""",,,i@izs.me,active,Active in npm registry,2026-07-27T19:00:09.643Z
library,rimraf@5.0.10|path-scurry@1.11.1,BlueOak-1.0.0,,Isaac Z. Schlueter,path-scurry,1.11.1,pkg:npm/path-scurry@1.11.1,node_modules/rimraf/node_modules/path-scurry,walk paths fast and efficiently,git+https://github.com/isaacs/path-scurry.git,"as detected from PackageJson property ""repository.url""",https://github.com/isaacs/path-scurry#readme,"as detected from PackageJson property ""homepage""",https://github.com/isaacs/path-scurry/issues,"as detected from PackageJson property ""bugs.url""",https://registry.npmjs.org/path-scurry/-/path-scurry-1.11.1.tgz,"as detected from npm-ls property ""resolved""",,,i@izs.me,active,Active in npm registry,2026-02-19T17:20:00.316Z
library,rimraf@5.0.10|lru-cache@10.4.3,ISC,,Isaac Z. Schlueter,lru-cache,10.4.3,pkg:npm/lru-cache@10.4.3,node_modules/rimraf/node_modules/lru-cache,A cache object that deletes the least-recently-used items.,git://github.com/isaacs/node-lru-cache.git,"as detected from PackageJson property ""repository.url""",https://github.com/isaacs/node-lru-cache#readme,"as detected from PackageJson property ""homepage""",https://github.com/isaacs/node-lru-cache/issues,"as detected from PackageJson property ""bugs.url""",https://registry.npmjs.org/lru-cache/-/lru-cache-10.4.3.tgz,"as detected from npm-ls property ""resolved""",,,i@izs.me,active,Active in npm registry,2026-07-07T23:27:14.455Z
library,foreground-child@3.3.1,ISC,,Isaac Z. Schlueter,foreground-child,3.3.1,pkg:npm/foreground-child@3.3.1?vcs_url=git%2Bhttps%3A%2F%2Fgithub.com%2Ftapjs%2Fforeground-child.git,node_modules/foreground-child,Run a child as if it's the foreground process. Give it stdio. Exit when it exits.,git+https://github.com/tapjs/foreground-child.git,"as detected from PackageJson property ""repository.url""",https://github.com/tapjs/foreground-child#readme,"as detected from PackageJson property ""homepage""",https://github.com/tapjs/foreground-child/issues,"as detected from PackageJson property ""bugs.url""",,,,,i@izs.me,active,Active in npm registry,2026-02-06T18:01:11.729Z
library,foreground-child@3.3.1|signal-exit@4.1.0,ISC,,Ben Coe,signal-exit,4.1.0,pkg:npm/signal-exit@4.1.0,node_modules/foreground-child/node_modules/signal-exit,when you want to fire an event no matter how a process exits.,git+https://github.com/tapjs/signal-exit.git,"as detected from PackageJson property ""repository.url""",https://github.com/tapjs/signal-exit#readme,"as detected from PackageJson property ""homepage""",https://github.com/tapjs/signal-exit/issues,"as detected from PackageJson property ""bugs.url""",https://registry.npmjs.org/signal-exit/-/signal-exit-4.1.0.tgz,"as detected from npm-ls property ""resolved""",,,ben@npmjs.com,active,Active in npm registry,2023-07-29T05:44:56.838Z
library,jackspeak@3.4.3,BlueOak-1.0.0,,Isaac Z. Schlueter,jackspeak,3.4.3,pkg:npm/jackspeak@3.4.3,node_modules/jackspeak,A very strict and proper argument parser.,git+https://github.com/isaacs/jackspeak.git,"as detected from PackageJson property ""repository.url""",https://github.com/isaacs/jackspeak#readme,"as detected from PackageJson property ""homepage""",https://github.com/isaacs/jackspeak/issues,"as detected from PackageJson property ""bugs.url""",https://registry.npmjs.org/jackspeak/-/jackspeak-3.4.3.tgz,"as detected from npm-ls property ""resolved""",,,i@izs.me,active,Active in npm registry,2026-02-07T05:11:22.640Z
library,@isaacs/cliui@8.0.2,ISC,@isaacs,Ben Coe,cliui,8.0.2,pkg:npm/%40isaacs/cliui@8.0.2,node_modules/@isaacs/cliui,easily create complex multi-column command-line-interfaces,git+https://github.com/yargs/cliui.git,"as detected from PackageJson property ""repository.url""",https://github.com/yargs/cliui#readme,"as detected from PackageJson property ""homepage""",https://github.com/yargs/cliui/issues,"as detected from PackageJson property ""bugs.url""",https://registry.npmjs.org/@isaacs/cliui/-/cliui-8.0.2.tgz,"as detected from npm-ls property ""resolved""",,,ben@npmjs.com,active,Active in npm registry,2026-02-05T18:40:56.362Z
library,@isaacs/cliui@8.0.2|string-width@5.1.2,MIT,,Sindre Sorhus,string-width,5.1.2,pkg:npm/string-width@5.1.2,node_modules/@isaacs/cliui/node_modules/string-width,Get the visual width of a string - the number of columns required to display it,git+https://github.com/sindresorhus/string-width.git,"as detected from PackageJson property ""repository.url""",https://github.com/sindresorhus/string-width#readme,"as detected from PackageJson property ""homepage""",https://github.com/sindresorhus/string-width/issues,"as detected from PackageJson property ""bugs.url""",https://registry.npmjs.org/string-width/-/string-width-5.1.2.tgz,"as detected from npm-ls property ""resolved""",,,sindresorhus@gmail.com,active,Active in npm registry,2026-07-08T20:46:47.509Z
library,@isaacs/cliui@8.0.2|emoji-regex@9.2.2,MIT,,Mathias Bynens,emoji-regex,9.2.2,pkg:npm/emoji-regex@9.2.2,node_modules/@isaacs/cliui/node_modules/emoji-regex,A regular expression to match all Emoji-only symbols as per the Unicode Standard.,git+https://github.com/mathiasbynens/emoji-regex.git,"as detected from PackageJson property ""repository.url""",https://mths.be/emoji-regex,"as detected from PackageJson property ""homepage""",https://github.com/mathiasbynens/emoji-regex/issues,"as detected from PackageJson property ""bugs.url""",https://registry.npmjs.org/emoji-regex/-/emoji-regex-9.2.2.tgz,"as detected from npm-ls property ""resolved""",,,,active,Active in npm registry,2026-09-15T17:11:44.410Z
library,@isaacs/cliui@8.0.2|strip-ansi@7.2.0,MIT,,Sindre Sorhus,strip-ansi,7.2.0,pkg:npm/strip-ansi@7.2.0?vcs_url=git%2Bhttps%3A%2F%2Fgithub.com%2Fchalk%2Fstrip-ansi.git,node_modules/@isaacs/cliui/node_modules/strip-ansi,Strip ANSI escape codes from a string,git+https://github.com/chalk/strip-ansi.git,"as detected from PackageJson property ""repository.url""",https://github.com/chalk/strip-ansi#readme,"as detected from PackageJson property ""homepage""",https://github.com/chalk/strip-ansi/issues,"as detected from PackageJson property ""bugs.url""",,,,,sindresorhus@gmail.com,active,Active in npm registry,2026-02-26T13:51:11.224Z
library,@isaacs/cliui@8.0.2|ansi-regex@6.3.0,MIT,,Sindre Sorhus,ansi-regex,6.3.0,pkg:npm/ansi-regex@6.3.0,node_modules/@isaacs/cliui/node_modules/ansi-regex,Regular expression for matching ANSI escape codes,git+https://github.com/chalk/ansi-regex.git,"as detected from PackageJson property ""repository.url""",https://github.com/chalk/ansi-regex#readme,"as detected from PackageJson property ""homepage""",https://github.com/chalk/ansi-regex/issues,"as detected from PackageJson property ""bugs.url""",https://registry.npmjs.org/ansi-regex/-/ansi-regex-6.3.0.tgz,"as detected from npm-ls property ""resolved""",,,sindresorhus@gmail.com,active,Active in npm registry,2026-08-12T14:33:26.936Z
library,@isaacs/cliui@8.0.2|wrap-ansi@8.1.0,MIT,,Sindre Sorhus,wrap-ansi,8.1.0,pkg:npm/wrap-ansi@8.1.0,node_modules/@isaacs/cliui/node_modules/wrap-ansi,Wordwrap a string with ANSI escape codes,git+https://github.com/chalk/wrap-ansi.git,"as detected from PackageJson property ""repository.url""",https://github.com/chalk/wrap-ansi#readme,"as detected from PackageJson property ""homepage""",https://github.com/chalk/wrap-ansi/issues,"as detected from PackageJson property ""bugs.url""",https://registry.npmjs.org/wrap-ansi/-/wrap-ansi-8.1.0.tgz,"as detected from npm-ls property ""resolved""",,,sindresorhus@gmail.com,active,Active in npm registry,2026-08-17T22:42:54.888Z
library,@isaacs/cliui@8.0.2|ansi-styles@6.2.3,MIT,,Sindre Sorhus,ansi-styles,6.2.3,pkg:npm/ansi-styles@6.2.3,node_modules/@isaacs/cliui/node_modules/ansi-styles,ANSI escape codes for styling strings in the terminal,git+https://github.com/chalk/ansi-styles.git,"as detected from PackageJson property ""repository.url""",https://github.com/chalk/ansi-styles#readme,"as detected from PackageJson property ""homepage""",https://github.com/chalk/ansi-styles/issues,"as detected from PackageJson property ""bugs.url""",https://registry.npmjs.org/ansi-styles/-/ansi-styles-6.2.3.tgz,"as detected from npm-ls property ""resolved""",,,sindresorhus@gmail.com,active,Active in npm registry,2026-07-26T14:57:37.001Z
library,string-width@4.2.3,MIT,,Sindre Sorhus,string-width,4.2.3,pkg:npm/string-width@4.2.3,node_modules/string-width-cjs,Get the visual width of a string - the number of columns required to display it,git+https://github.com/sindresorhus/string-width.git,"as detected from PackageJson property ""repository.url""",https://github.com/sindresorhus/string-width#readme,"as detected from PackageJson property ""homepage""",https://github.com/sindresorhus/string-width/issues,"as detected from PackageJson property ""bugs.url""",https://registry.npmjs.org/string-width/-/string-width-4.2.3.tgz,"as detected from npm-ls property ""resolved""",,,sindresorhus@gmail.com,active,Active in npm registry,2026-07-08T20:46:47.509Z
library,emoji-regex@8.0.0,MIT,,Mathias Bynens,emoji-regex,8.0.0,pkg:npm/emoji-regex@8.0.0?vcs_url=git%2Bhttps%3A%2F%2Fgithub.com%2Fmathiasbynens%2Femoji-regex.git,node_modules/emoji-regex,A regular expression to match all Emoji-only symbols as per the Unicode Standard.,git+https://github.com/mathiasbynens/emoji-regex.git,"as detected from PackageJson property ""repository.url""",https://mths.be/emoji-regex,"as detected from PackageJson property ""homepage""",https://github.com/mathiasbynens/emoji-regex/issues,"as detected from PackageJson property ""bugs.url""",,,,,,active,Active in npm registry,2026-09-15T17:11:44.410Z
library,is-fullwidth-code-point@3.0.0,MIT,,Sindre Sorhus,is-fullwidth-code-point,3.0.0,pkg:npm/is-fullwidth-code-point@3.0.0?vcs_url=git%2Bhttps%3A%2F%2Fgithub.com%2Fsindresorhus%2Fis-fullwidth-code-point.git,node_modules/is-fullwidth-code-point,Check if the character represented by a given Unicode code point is fullwidth,git+https://github.com/sindresorhus/is-fullwidth-code-point.git,"as detected from PackageJson property ""repository.url""",https://github.com/sindresorhus/is-fullwidth-code-point#readme,"as detected from PackageJson property ""homepage""",https://github.com/sindresorhus/is-fullwidth-code-point/issues,"as detected from PackageJson property ""bugs.url""",,,,,sindresorhus@gmail.com,active,Active in npm registry,2025-08-31T07:37:04.974Z
library,strip-ansi@6.0.1,MIT,,Sindre Sorhus,strip-ansi,6.0.1,pkg:npm/strip-ansi@6.0.1?vcs_url=git%2Bhttps%3A%2F%2Fgithub.com%2Fchalk%2Fstrip-ansi.git,node_modules/strip-ansi,Strip ANSI escape codes from a string,git+https://github.com/chalk/strip-ansi.git,"as detected from PackageJson property ""repository.url""",https://github.com/chalk/strip-ansi#readme,"as detected from PackageJson property ""homepage""",https://github.com/chalk/strip-ansi/issues,"as detected from PackageJson property ""bugs.url""",,,,,sindresorhus@gmail.com,active,Active in npm registry,2026-02-26T13:51:11.224Z
library,eastasianwidth@0.2.0,MIT,,Masaki Komagata,eastasianwidth,0.2.0,pkg:npm/eastasianwidth@0.2.0,node_modules/eastasianwidth,Get East Asian Width from a character.,git://github.com/komagata/eastasianwidth.git,"as detected from PackageJson property ""repository.url""",https://github.com/komagata/eastasianwidth#readme,"as detected from PackageJson property ""homepage""",https://github.com/komagata/eastasianwidth/issues,"as detected from PackageJson property ""bugs.url""",https://registry.npmjs.org/eastasianwidth/-/eastasianwidth-0.2.0.tgz,"as detected from npm-ls property ""resolved""",,,,active,Active in npm registry,2024-04-21T05:25:57.921Z
library,BomRef.n1lkd436i28.6omv7f38ar,MIT,,Sindre Sorhus,strip-ansi,6.0.1,pkg:npm/strip-ansi@6.0.1,node_modules/strip-ansi-cjs,Strip ANSI escape codes from a string,git+https://github.com/chalk/strip-ansi.git,"as detected from PackageJson property ""repository.url""",https://github.com/chalk/strip-ansi#readme,"as detected from PackageJson property ""homepage""",https://github.com/chalk/strip-ansi/issues,"as detected from PackageJson property ""bugs.url""",https://registry.npmjs.org/strip-ansi/-/strip-ansi-6.0.1.tgz,"as detected from npm-ls property ""resolved""",,,,,,
library,ansi-regex@5.0.1,MIT,,Sindre Sorhus,ansi-regex,5.0.1,pkg:npm/ansi-regex@5.0.1?vcs_url=git%2Bhttps%3A%2F%2Fgithub.com%2Fchalk%2Fansi-regex.git,node_modules/ansi-regex,Regular expression for matching ANSI escape codes,git+https://github.com/chalk/ansi-regex.git,"as detected from PackageJson property ""repository.url""",https://github.com/chalk/ansi-regex#readme,"as detected from PackageJson property ""homepage""",https://github.com/chalk/ansi-regex/issues,"as detected from PackageJson property ""bugs.url""",,,,,sindresorhus@gmail.com,active,Active in npm registry,2026-08-12T14:33:26.936Z
library,wrap-ansi@7.0.0,MIT,,Sindre Sorhus,wrap-ansi,7.0.0,pkg:npm/wrap-ansi@7.0.0,node_modules/wrap-ansi-cjs,Wordwrap a string with ANSI escape codes,git+https://github.com/chalk/wrap-ansi.git,"as detected from PackageJson property ""repository.url""",https://github.com/chalk/wrap-ansi#readme,"as detected from PackageJson property ""homepage""",https://github.com/chalk/wrap-ansi/issues,"as detected from PackageJson property ""bugs.url""",https://registry.npmjs.org/wrap-ansi/-/wrap-ansi-7.0.0.tgz,"as detected from npm-ls property ""resolved""",,,sindresorhus@gmail.com,active,Active in npm registry,2026-08-17T22:42:54.888Z
library,ansi-styles@4.3.0,MIT,,Sindre Sorhus,ansi-styles,4.3.0,pkg:npm/ansi-styles@4.3.0?vcs_url=git%2Bhttps%3A%2F%2Fgithub.com%2Fchalk%2Fansi-styles.git,node_modules/ansi-styles,ANSI escape codes for styling strings in the terminal,git+https://github.com/chalk/ansi-styles.git,"as detected from PackageJson property ""repository.url""",https://github.com/chalk/ansi-styles#readme,"as detected from PackageJson property ""homepage""",https://github.com/chalk/ansi-styles/issues,"as detected from PackageJson property ""bugs.url""",,,,,sindresorhus@gmail.com,active,Active in npm registry,2026-07-26T14:57:37.001Z
library,BomRef.fuimvou77f.6ni85u6oejo,MIT,,Sindre Sorhus,string-width,4.2.3,pkg:npm/string-width@4.2.3?vcs_url=git%2Bhttps%3A%2F%2Fgithub.com%2Fsindresorhus%2Fstring-width.git,node_modules/string-width,Get the visual width of a string - the number of columns required to display it,git+https://github.com/sindresorhus/string-width.git,"as detected from PackageJson property ""repository.url""",https://github.com/sindresorhus/string-width#readme,"as detected from PackageJson property ""homepage""",https://github.com/sindresorhus/string-width/issues,"as detected from PackageJson property ""bugs.url""",,,,,,,,
library,@pkgjs/parseargs@0.11.0,MIT,@pkgjs,,parseargs,0.11.0,pkg:npm/%40pkgjs/parseargs@0.11.0,node_modules/@pkgjs/parseargs,Polyfill of future proposal for `util.parseArgs()`,git+ssh://git@github.com/pkgjs/parseargs.git,"as detected from PackageJson property ""repository.url""",https://github.com/pkgjs/parseargs#readme,"as detected from PackageJson property ""homepage""",https://github.com/pkgjs/parseargs/issues,"as detected from PackageJson property ""bugs.url""",https://registry.npmjs.org/@pkgjs/parseargs/-/parseargs-0.11.0.tgz,"as detected from npm-ls property ""resolved""",,,,active,Active in npm registry,2023-07-12T19:06:07.630Z
library,minipass@7.1.3,BlueOak-1.0.0,,Isaac Z. Schlueter,minipass,7.1.3,pkg:npm/minipass@7.1.3?vcs_url=git%2Bhttps%3A%2F%2Fgithub.com%2Fisaacs%2Fminipass.git,node_modules/minipass,minimal implementation of a PassThrough stream,git+https://github.com/isaacs/minipass.git,"as detected from PackageJson property ""repository.url""",https://github.com/isaacs/minipass#readme,"as detected from PackageJson property ""homepage""",https://github.com/isaacs/minipass/issues,"as detected from PackageJson property ""bugs.url""",,,,,i@izs.me,active,Active in npm registry,2026-02-19T00:34:33.989Z
library,package-json-from-dist@1.0.1,BlueOak-1.0.0,,Isaac Z. Schlueter,package-json-from-dist,1.0.1,pkg:npm/package-json-from-dist@1.0.1?vcs_url=git%2Bhttps%3A%2F%2Fgithub.com%2Fisaacs%2Fpackage-json-from-dist.git,node_modules/package-json-from-dist,Load the local package.json from either src or dist folder,git+https://github.com/isaacs/package-json-from-dist.git,"as detected from PackageJson property ""repository.url""",https://github.com/isaacs/package-json-from-dist#readme,"as detected from PackageJson property ""homepage""",https://github.com/isaacs/package-json-from-dist/issues,"as detected from PackageJson property ""bugs.url""",,,,,i@izs.me,active,Active in npm registry,2024-09-26T18:59:09.137Z
library,google-logging-utils@1.1.3,Apache-2.0,,Google API Authors,google-logging-utils,1.1.3,pkg:npm/google-logging-utils@1.1.3#dev-packages/logging-utils,node_modules/google-logging-utils,A debug logger package for other Google libraries,git+https://github.com/googleapis/google-cloud-node-core.git#dev-packages/logging-utils,"as detected from PackageJson property ""repository.url"" and ""repository.directory""",https://github.com/googleapis/google-cloud-node-core/tree/main/dev-packages/logging-utils,"as detected from PackageJson property ""homepage""",https://github.com/googleapis/google-cloud-node-core/issues,"as detected from PackageJson property ""bugs.url""",https://registry.npmjs.org/google-logging-utils/-/google-logging-utils-1.1.3.tgz,"as detected from npm-ls property ""resolved""",,,,active,Active in npm registry,2026-08-11T00:12:48.404Z
library,json-bigint@1.0.0,MIT,,Andrey Sidorov,json-bigint,1.0.0,pkg:npm/json-bigint@1.0.0,node_modules/json-bigint,JSON.parse with bigints support,git+ssh://git@github.com/sidorares/json-bigint.git,"as detected from PackageJson property ""repository.url""",https://github.com/sidorares/json-bigint#readme,"as detected from PackageJson property ""homepage""",https://github.com/sidorares/json-bigint/issues,"as detected from PackageJson property ""bugs.url""",https://registry.npmjs.org/json-bigint/-/json-bigint-1.0.0.tgz,"as detected from npm-ls property ""resolved""",,,sidorares@yandex.ru,active,Active in npm registry,2022-06-19T06:11:53.315Z
library,json-bigint@1.0.0|bignumber.js@9.3.1,MIT,,Michael Mclaughlin,bignumber.js,9.3.1,pkg:npm/bignumber.js@9.3.1,node_modules/json-bigint/node_modules/bignumber.js,A library for arbitrary-precision decimal and non-decimal arithmetic,git+https://github.com/MikeMcl/bignumber.js.git,"as detected from PackageJson property ""repository.url""",https://github.com/MikeMcl/bignumber.js#readme,"as detected from PackageJson property ""homepage""",https://github.com/MikeMcl/bignumber.js/issues,"as detected from PackageJson property ""bugs.url""",https://registry.npmjs.org/bignumber.js/-/bignumber.js-9.3.1.tgz,"as detected from npm-ls property ""resolved""",,,M8ch88l@gmail.com,active,Active in npm registry,2026-07-05T15:16:46.110Z
library,@opentelemetry/sdk-node@0.222.0,Apache-2.0,@opentelemetry,OpenTelemetry Authors,sdk-node,0.222.0,pkg:npm/%40opentelemetry/sdk-node@0.222.0,node_modules/@opentelemetry/sdk-node,OpenTelemetry SDK for Node.js,git+https://github.com/open-telemetry/opentelemetry-js.git,"as detected from PackageJson property ""repository.url""",https://github.com/open-telemetry/opentelemetry-js/tree/main/experimental/packages/opentelemetry-sdk-node,"as detected from PackageJson property ""homepage""",https://github.com/open-telemetry/opentelemetry-js/issues,"as detected from PackageJson property ""bugs.url""",https://registry.npmjs.org/@opentelemetry/sdk-node/-/sdk-node-0.222.0.tgz,"as detected from npm-ls property ""resolved""",,,,active,Active in npm registry,2026-08-31T16:46:37.205Z
library,@opentelemetry/configuration@0.222.0,Apache-2.0,@opentelemetry,OpenTelemetry Authors,configuration,0.222.0,pkg:npm/%40opentelemetry/configuration@0.222.0,node_modules/@opentelemetry/configuration,OpenTelemetry Configuration,git+https://github.com/open-telemetry/opentelemetry-js.git,"as detected from PackageJson property ""repository.url""",https://github.com/open-telemetry/opentelemetry-js/tree/main/experimental/packages/configuration,"as detected from PackageJson property ""homepage""",https://github.com/open-telemetry/opentelemetry-js/issues,"as detected from PackageJson property ""bugs.url""",https://registry.npmjs.org/@opentelemetry/configuration/-/configuration-0.222.0.tgz,"as detected from npm-ls property ""resolved""",,,,active,Active in npm registry,2026-08-31T16:42:16.103Z
library,@opentelemetry/context-async-hooks@2.11.0,Apache-2.0,@opentelemetry,OpenTelemetry Authors,context-async-hooks,2.11.0,pkg:npm/%40opentelemetry/context-async-hooks@2.11.0,node_modules/@opentelemetry/context-async-hooks,OpenTelemetry AsyncLocalStorage-based Context Manager,git+https://github.com/open-telemetry/opentelemetry-js.git,"as detected from PackageJson property ""repository.url""",https://github.com/open-telemetry/opentelemetry-js/tree/main/packages/opentelemetry-context-async-hooks,"as detected from PackageJson property ""homepage""",https://github.com/open-telemetry/opentelemetry-js/issues,"as detected from PackageJson property ""bugs.url""",https://registry.npmjs.org/@opentelemetry/context-async-hooks/-/context-async-hooks-2.11.0.tgz,"as detected from npm-ls property ""resolved""",,,,active,Active in npm registry,2026-08-31T16:41:09.070Z
library,@opentelemetry/exporter-logs-otlp-grpc@0.222.0,Apache-2.0,@opentelemetry,OpenTelemetry Authors,exporter-logs-otlp-grpc,0.222.0,pkg:npm/%40opentelemetry/exporter-logs-otlp-grpc@0.222.0,node_modules/@opentelemetry/exporter-logs-otlp-grpc,OpenTelemetry Collector Exporter allows user to send collected log records to the OpenTelemetry Collector,git+https://github.com/open-telemetry/opentelemetry-js.git,"as detected from PackageJson property ""repository.url""",https://github.com/open-telemetry/opentelemetry-js/tree/main/experimental/packages/exporter-logs-otlp-grpc,"as detected from PackageJson property ""homepage""",https://github.com/open-telemetry/opentelemetry-js/issues,"as detected from PackageJson property ""bugs.url""",https://registry.npmjs.org/@opentelemetry/exporter-logs-otlp-grpc/-/exporter-logs-otlp-grpc-0.222.0.tgz,"as detected from npm-ls property ""resolved""",,,,active,Active in npm registry,2026-08-31T16:48:28.694Z
library,@opentelemetry/otlp-exporter-base@0.222.0,Apache-2.0,@opentelemetry,OpenTelemetry Authors,otlp-exporter-base,0.222.0,pkg:npm/%40opentelemetry/otlp-exporter-base@0.222.0?vcs_url=git%2Bhttps%3A%2F%2Fgithub.com%2Fopen-telemetry%2Fopentelemetry-js.git,node_modules/@opentelemetry/otlp-exporter-base,OpenTelemetry OTLP Exporter base (for internal use only),git+https://github.com/open-telemetry/opentelemetry-js.git,"as detected from PackageJson property ""repository.url""",https://github.com/open-telemetry/opentelemetry-js/tree/main/experimental/packages/otlp-exporter-base,"as detected from PackageJson property ""homepage""",https://github.com/open-telemetry/opentelemetry-js/issues,"as detected from PackageJson property ""bugs.url""",,,,,,active,Active in npm registry,2026-08-31T16:43:43.485Z
library,@opentelemetry/otlp-grpc-exporter-base@0.222.0,Apache-2.0,@opentelemetry,OpenTelemetry Authors,otlp-grpc-exporter-base,0.222.0,pkg:npm/%40opentelemetry/otlp-grpc-exporter-base@0.222.0?vcs_url=git%2Bhttps%3A%2F%2Fgithub.com%2Fopen-telemetry%2Fopentelemetry-js.git,node_modules/@opentelemetry/otlp-grpc-exporter-base,OpenTelemetry OTLP-gRPC Exporter base (for internal use only),git+https://github.com/open-telemetry/opentelemetry-js.git,"as detected from PackageJson property ""repository.url""",https://github.com/open-telemetry/opentelemetry-js/tree/main/experimental/packages/otlp-grpc-exporter-base,"as detected from PackageJson property ""homepage""",https://github.com/open-telemetry/opentelemetry-js/issues,"as detected from PackageJson property ""bugs.url""",,,,,,active,Active in npm registry,2026-08-31T16:42:58.908Z
library,@opentelemetry/otlp-transformer@0.222.0,Apache-2.0,@opentelemetry,OpenTelemetry Authors,otlp-transformer,0.222.0,pkg:npm/%40opentelemetry/otlp-transformer@0.222.0,node_modules/@opentelemetry/otlp-transformer,Transform OpenTelemetry SDK data into OTLP,git+https://github.com/open-telemetry/opentelemetry-js.git,"as detected from PackageJson property ""repository.url""",https://github.com/open-telemetry/opentelemetry-js/tree/main/experimental/packages/otlp-transformer,"as detected from PackageJson property ""homepage""",https://github.com/open-telemetry/opentelemetry-js/issues,"as detected from PackageJson property ""bugs.url""",https://registry.npmjs.org/@opentelemetry/otlp-transformer/-/otlp-transformer-0.222.0.tgz,"as detected from npm-ls property ""resolved""",,,,active,Active in npm registry,2026-08-31T16:44:10.347Z
library,@opentelemetry/sdk-logs@0.222.0,Apache-2.0,@opentelemetry,OpenTelemetry Authors,sdk-logs,0.222.0,pkg:npm/%40opentelemetry/sdk-logs@0.222.0?vcs_url=git%2Bhttps%3A%2F%2Fgithub.com%2Fopen-telemetry%2Fopentelemetry-js.git,node_modules/@opentelemetry/sdk-logs,OpenTelemetry logs SDK,git+https://github.com/open-telemetry/opentelemetry-js.git,"as detected from PackageJson property ""repository.url""",https://github.com/open-telemetry/opentelemetry-js/tree/main/experimental/packages/sdk-logs,"as detected from PackageJson property ""homepage""",https://github.com/open-telemetry/opentelemetry-js/issues,"as detected from PackageJson property ""bugs.url""",,,,,,active,Active in npm registry,2026-08-31T16:42:52.888Z
library,@opentelemetry/sdk-metrics@2.11.0,Apache-2.0,@opentelemetry,OpenTelemetry Authors,sdk-metrics,2.11.0,pkg:npm/%40opentelemetry/sdk-metrics@2.11.0?vcs_url=git%2Bhttps%3A%2F%2Fgithub.com%2Fopen-telemetry%2Fopentelemetry-js.git,node_modules/@opentelemetry/sdk-metrics,OpenTelemetry metrics SDK,git+https://github.com/open-telemetry/opentelemetry-js.git,"as detected from PackageJson property ""repository.url""",https://github.com/open-telemetry/opentelemetry-js/tree/main/packages/sdk-metrics,"as detected from PackageJson property ""homepage""",https://github.com/open-telemetry/opentelemetry-js/issues,"as detected from PackageJson property ""bugs.url""",,,,,,active,Active in npm registry,2026-08-31T16:41:30.622Z
library,@opentelemetry/sdk-trace@2.11.0,Apache-2.0,@opentelemetry,OpenTelemetry Authors,sdk-trace,2.11.0,pkg:npm/%40opentelemetry/sdk-trace@2.11.0?vcs_url=git%2Bhttps%3A%2F%2Fgithub.com%2Fopen-telemetry%2Fopentelemetry-js.git,node_modules/@opentelemetry/sdk-trace,OpenTelemetry Tracing,git+https://github.com/open-telemetry/opentelemetry-js.git,"as detected from PackageJson property ""repository.url""",https://github.com/open-telemetry/opentelemetry-js/tree/main/packages/sdk-trace,"as detected from PackageJson property ""homepage""",https://github.com/open-telemetry/opentelemetry-js/issues,"as detected from PackageJson property ""bugs.url""",,,,,,active,Active in npm registry,2026-08-31T16:43:58.544Z
library,@opentelemetry/exporter-logs-otlp-http@0.222.0,Apache-2.0,@opentelemetry,OpenTelemetry Authors,exporter-logs-otlp-http,0.222.0,pkg:npm/%40opentelemetry/exporter-logs-otlp-http@0.222.0,node_modules/@opentelemetry/exporter-logs-otlp-http,OpenTelemetry Collector Logs Exporter allows user to send collected logs to the OpenTelemetry Collector,git+https://github.com/open-telemetry/opentelemetry-js.git,"as detected from PackageJson property ""repository.url""",https://github.com/open-telemetry/opentelemetry-js/tree/main/experimental/packages/exporter-logs-otlp-http,"as detected from PackageJson property ""homepage""",https://github.com/open-telemetry/opentelemetry-js/issues,"as detected from PackageJson property ""bugs.url""",https://registry.npmjs.org/@opentelemetry/exporter-logs-otlp-http/-/exporter-logs-otlp-http-0.222.0.tgz,"as detected from npm-ls property ""resolved""",,,,active,Active in npm registry,2026-08-31T16:46:54.822Z
library,@opentelemetry/exporter-logs-otlp-proto@0.222.0,Apache-2.0,@opentelemetry,OpenTelemetry Authors,exporter-logs-otlp-proto,0.222.0,pkg:npm/%40opentelemetry/exporter-logs-otlp-proto@0.222.0,node_modules/@opentelemetry/exporter-logs-otlp-proto,An OTLP exporter to send logs using protobuf over HTTP,git+https://github.com/open-telemetry/opentelemetry-js.git,"as detected from PackageJson property ""repository.url""",https://github.com/open-telemetry/opentelemetry-js/tree/main/experimental/packages/exporter-logs-otlp-proto,"as detected from PackageJson property ""homepage""",https://github.com/open-telemetry/opentelemetry-js/issues,"as detected from PackageJson property ""bugs.url""",https://registry.npmjs.org/@opentelemetry/exporter-logs-otlp-proto/-/exporter-logs-otlp-proto-0.222.0.tgz,"as detected from npm-ls property ""resolved""",,,,active,Active in npm registry,2026-08-31T16:43:27.615Z
library,@opentelemetry/exporter-metrics-otlp-grpc@0.222.0,Apache-2.0,@opentelemetry,OpenTelemetry Authors,exporter-metrics-otlp-grpc,0.222.0,pkg:npm/%40opentelemetry/exporter-metrics-otlp-grpc@0.222.0,node_modules/@opentelemetry/exporter-metrics-otlp-grpc,OpenTelemetry Collector Metrics Exporter allows user to send collected metrics to the OpenTelemetry Collector,git+https://github.com/open-telemetry/opentelemetry-js.git,"as detected from PackageJson property ""repository.url""",https://github.com/open-telemetry/opentelemetry-js/tree/main/experimental/packages/opentelemetry-exporter-metrics-otlp-grpc,"as detected from PackageJson property ""homepage""",https://github.com/open-telemetry/opentelemetry-js/issues,"as detected from PackageJson property ""bugs.url""",https://registry.npmjs.org/@opentelemetry/exporter-metrics-otlp-grpc/-/exporter-metrics-otlp-grpc-0.222.0.tgz,"as detected from npm-ls property ""resolved""",,,,active,Active in npm registry,2026-08-31T16:43:39.599Z
library,@opentelemetry/exporter-metrics-otlp-http@0.222.0,Apache-2.0,@opentelemetry,OpenTelemetry Authors,exporter-metrics-otlp-http,0.222.0,pkg:npm/%40opentelemetry/exporter-metrics-otlp-http@0.222.0?vcs_url=git%2Bhttps%3A%2F%2Fgithub.com%2Fopen-telemetry%2Fopentelemetry-js.git,node_modules/@opentelemetry/exporter-metrics-otlp-http,OpenTelemetry Collector Metrics Exporter allows user to send collected metrics to the OpenTelemetry Collector,git+https://github.com/open-telemetry/opentelemetry-js.git,"as detected from PackageJson property ""repository.url""",https://github.com/open-telemetry/opentelemetry-js/tree/main/experimental/packages/opentelemetry-exporter-metrics-otlp-http,"as detected from PackageJson property ""homepage""",https://github.com/open-telemetry/opentelemetry-js/issues,"as detected from PackageJson property ""bugs.url""",,,,,,active,Active in npm registry,2026-08-31T16:43:37.065Z
library,@opentelemetry/exporter-metrics-otlp-proto@0.222.0,Apache-2.0,@opentelemetry,OpenTelemetry Authors,exporter-metrics-otlp-proto,0.222.0,pkg:npm/%40opentelemetry/exporter-metrics-otlp-proto@0.222.0,node_modules/@opentelemetry/exporter-metrics-otlp-proto,OpenTelemetry Collector Metrics Exporter allows user to send collected metrics to the OpenTelemetry Collector using protobuf over HTTP,git+https://github.com/open-telemetry/opentelemetry-js.git,"as detected from PackageJson property ""repository.url""",https://github.com/open-telemetry/opentelemetry-js/tree/main/experimental/packages/opentelemetry-exporter-metrics-otlp-proto,"as detected from PackageJson property ""homepage""",https://github.com/open-telemetry/opentelemetry-js/issues,"as detected from PackageJson property ""bugs.url""",https://registry.npmjs.org/@opentelemetry/exporter-metrics-otlp-proto/-/exporter-metrics-otlp-proto-0.222.0.tgz,"as detected from npm-ls property ""resolved""",,,,active,Active in npm registry,2026-08-31T16:43:51.205Z
library,@opentelemetry/exporter-prometheus@0.222.0,Apache-2.0,@opentelemetry,OpenTelemetry Authors,exporter-prometheus,0.222.0,pkg:npm/%40opentelemetry/exporter-prometheus@0.222.0,node_modules/@opentelemetry/exporter-prometheus,OpenTelemetry Exporter Prometheus provides a metrics endpoint for Prometheus,git+https://github.com/open-telemetry/opentelemetry-js.git,"as detected from PackageJson property ""repository.url""",https://github.com/open-telemetry/opentelemetry-js/tree/main/experimental/packages/opentelemetry-exporter-prometheus,"as detected from PackageJson property ""homepage""",https://github.com/open-telemetry/opentelemetry-js/issues,"as detected from PackageJson property ""bugs.url""",https://registry.npmjs.org/@opentelemetry/exporter-prometheus/-/exporter-prometheus-0.222.0.tgz,"as detected from npm-ls property ""resolved""",,,,active,Active in npm registry,2026-08-31T16:44:48.914Z
library,@opentelemetry/exporter-trace-otlp-grpc@0.222.0,Apache-2.0,@opentelemetry,OpenTelemetry Authors,exporter-trace-otlp-grpc,0.222.0,pkg:npm/%40opentelemetry/exporter-trace-otlp-grpc@0.222.0,node_modules/@opentelemetry/exporter-trace-otlp-grpc,OpenTelemetry Collector Exporter allows user to send collected traces to the OpenTelemetry Collector,git+https://github.com/open-telemetry/opentelemetry-js.git,"as detected from PackageJson property ""repository.url""",https://github.com/open-telemetry/opentelemetry-js/tree/main/experimental/packages/exporter-trace-otlp-grpc,"as detected from PackageJson property ""homepage""",https://github.com/open-telemetry/opentelemetry-js/issues,"as detected from PackageJson property ""bugs.url""",https://registry.npmjs.org/@opentelemetry/exporter-trace-otlp-grpc/-/exporter-trace-otlp-grpc-0.222.0.tgz,"as detected from npm-ls property ""resolved""",,,,active,Active in npm registry,2026-08-31T16:46:29.885Z
library,@opentelemetry/exporter-trace-otlp-http@0.222.0,Apache-2.0,@opentelemetry,OpenTelemetry Authors,exporter-trace-otlp-http,0.222.0,pkg:npm/%40opentelemetry/exporter-trace-otlp-http@0.222.0,node_modules/@opentelemetry/exporter-trace-otlp-http,OpenTelemetry Collector Trace Exporter allows user to send collected traces to the OpenTelemetry Collector,git+https://github.com/open-telemetry/opentelemetry-js.git,"as detected from PackageJson property ""repository.url""",https://github.com/open-telemetry/opentelemetry-js/tree/main/experimental/packages/exporter-trace-otlp-http,"as detected from PackageJson property ""homepage""",https://github.com/open-telemetry/opentelemetry-js/issues,"as detected from PackageJson property ""bugs.url""",https://registry.npmjs.org/@opentelemetry/exporter-trace-otlp-http/-/exporter-trace-otlp-http-0.222.0.tgz,"as detected from npm-ls property ""resolved""",,,,active,Active in npm registry,2026-08-31T16:44:01.732Z
library,@opentelemetry/exporter-trace-otlp-proto@0.222.0,Apache-2.0,@opentelemetry,OpenTelemetry Authors,exporter-trace-otlp-proto,0.222.0,pkg:npm/%40opentelemetry/exporter-trace-otlp-proto@0.222.0,node_modules/@opentelemetry/exporter-trace-otlp-proto,OpenTelemetry Collector Exporter allows user to send collected traces to the OpenTelemetry Collector using protobuf over HTTP,git+https://github.com/open-telemetry/opentelemetry-js.git,"as detected from PackageJson property ""repository.url""",https://github.com/open-telemetry/opentelemetry-js/tree/main/experimental/packages/exporter-trace-otlp-proto,"as detected from PackageJson property ""homepage""",https://github.com/open-telemetry/opentelemetry-js/issues,"as detected from PackageJson property ""bugs.url""",https://registry.npmjs.org/@opentelemetry/exporter-trace-otlp-proto/-/exporter-trace-otlp-proto-0.222.0.tgz,"as detected from npm-ls property ""resolved""",,,,active,Active in npm registry,2026-08-31T16:42:52.077Z
library,@opentelemetry/exporter-zipkin@2.11.0,Apache-2.0,@opentelemetry,OpenTelemetry Authors,exporter-zipkin,2.11.0,pkg:npm/%40opentelemetry/exporter-zipkin@2.11.0,node_modules/@opentelemetry/exporter-zipkin,OpenTelemetry Zipkin Exporter allows the user to send collected traces to Zipkin.,git+https://github.com/open-telemetry/opentelemetry-js.git,"as detected from PackageJson property ""repository.url""",https://github.com/open-telemetry/opentelemetry-js/tree/main/packages/opentelemetry-exporter-zipkin,"as detected from PackageJson property ""homepage""",https://github.com/open-telemetry/opentelemetry-js/issues,"as detected from PackageJson property ""bugs.url""",https://registry.npmjs.org/@opentelemetry/exporter-zipkin/-/exporter-zipkin-2.11.0.tgz,"as detected from npm-ls property ""resolved""",,,,active,Active in npm registry,2026-08-31T16:44:34.215Z
library,@opentelemetry/propagator-b3@2.11.0,Apache-2.0,@opentelemetry,OpenTelemetry Authors,propagator-b3,2.11.0,pkg:npm/%40opentelemetry/propagator-b3@2.11.0,node_modules/@opentelemetry/propagator-b3,OpenTelemetry B3 propagator provides context propagation for systems that are using the B3 header format,git+https://github.com/open-telemetry/opentelemetry-js.git,"as detected from PackageJson property ""repository.url""",https://github.com/open-telemetry/opentelemetry-js/tree/main/packages/opentelemetry-propagator-b3,"as detected from PackageJson property ""homepage""",https://github.com/open-telemetry/opentelemetry-js/issues,"as detected from PackageJson property ""bugs.url""",https://registry.npmjs.org/@opentelemetry/propagator-b3/-/propagator-b3-2.11.0.tgz,"as detected from npm-ls property ""resolved""",,,,active,Active in npm registry,2026-08-31T16:43:28.743Z
library,@opentelemetry/propagator-jaeger@2.11.0,Apache-2.0,@opentelemetry,OpenTelemetry Authors,propagator-jaeger,2.11.0,pkg:npm/%40opentelemetry/propagator-jaeger@2.11.0,node_modules/@opentelemetry/propagator-jaeger,OpenTelemetry Jaeger propagator provides HTTP header propagation for systems that are using Jaeger HTTP header format.,git+https://github.com/open-telemetry/opentelemetry-js.git,"as detected from PackageJson property ""repository.url""",https://github.com/open-telemetry/opentelemetry-js/tree/main/packages/opentelemetry-propagator-jaeger,"as detected from PackageJson property ""homepage""",https://github.com/open-telemetry/opentelemetry-js/issues,"as detected from PackageJson property ""bugs.url""",https://registry.npmjs.org/@opentelemetry/propagator-jaeger/-/propagator-jaeger-2.11.0.tgz,"as detected from npm-ls property ""resolved""",,,,active,Active in npm registry,2026-08-31T16:41:38.327Z
library,@opentelemetry/sdk-trace-base@2.11.0,Apache-2.0,@opentelemetry,OpenTelemetry Authors,sdk-trace-base,2.11.0,pkg:npm/%40opentelemetry/sdk-trace-base@2.11.0,node_modules/@opentelemetry/sdk-trace-base,OpenTelemetry Tracing,git+https://github.com/open-telemetry/opentelemetry-js.git,"as detected from PackageJson property ""repository.url""",https://github.com/open-telemetry/opentelemetry-js/tree/main/packages/opentelemetry-sdk-trace-base,"as detected from PackageJson property ""homepage""",https://github.com/open-telemetry/opentelemetry-js/issues,"as detected from PackageJson property ""bugs.url""",https://registry.npmjs.org/@opentelemetry/sdk-trace-base/-/sdk-trace-base-2.11.0.tgz,"as detected from npm-ls property ""resolved""",,,,active,Active in npm registry,2026-08-31T16:42:42.940Z
library,@opentelemetry/sdk-trace-node@2.11.0,Apache-2.0,@opentelemetry,OpenTelemetry Authors,sdk-trace-node,2.11.0,pkg:npm/%40opentelemetry/sdk-trace-node@2.11.0,node_modules/@opentelemetry/sdk-trace-node,OpenTelemetry Node SDK provides automatic telemetry (tracing~ metrics~ etc) for Node.js applications,git+https://github.com/open-telemetry/opentelemetry-js.git,"as detected from PackageJson property ""repository.url""",https://github.com/open-telemetry/opentelemetry-js/tree/main/packages/opentelemetry-sdk-trace-node,"as detected from PackageJson property ""homepage""",https://github.com/open-telemetry/opentelemetry-js/issues,"as detected from PackageJson property ""bugs.url""",https://registry.npmjs.org/@opentelemetry/sdk-trace-node/-/sdk-trace-node-2.11.0.tgz,"as detected from npm-ls property ""resolved""",,,,active,Active in npm registry,2026-08-31T16:42:33.901Z
library,@types/bun@1.4.2,MIT,@types,,bun,1.4.2,pkg:npm/%40types/bun@1.4.2#types/bun,node_modules/@types/bun,TypeScript definitions for bun,git+https://github.com/DefinitelyTyped/DefinitelyTyped.git#types/bun,"as detected from PackageJson property ""repository.url"" and ""repository.directory""",https://github.com/DefinitelyTyped/DefinitelyTyped/tree/master/types/bun,"as detected from PackageJson property ""homepage""",https://github.com/DefinitelyTyped/DefinitelyTyped/issues,"as detected from PackageJson property ""bugs.url""",https://registry.npmjs.org/@types/bun/-/bun-1.4.2.tgz,"as detected from npm-ls property ""resolved""",,,,active,Active in npm registry,2026-09-08T01:43:21.080Z
library,bun-types@1.4.2,MIT,,,bun-types,1.4.2,pkg:npm/bun-types@1.4.2#packages/bun-types,node_modules/bun-types,Type definitions and documentation for Bun~ an incredibly fast JavaScript runtime,git+https://github.com/oven-sh/bun.git#packages/bun-types,"as detected from PackageJson property ""repository.url"" and ""repository.directory""",https://bun.com,"as detected from PackageJson property ""homepage""",https://github.com/oven-sh/bun/issues,"as detected from PackageJson property ""bugs.url""",https://registry.npmjs.org/bun-types/-/bun-types-1.4.2.tgz,"as detected from npm-ls property ""resolved""",,,,active,Active in npm registry,2026-09-16T14:18:05.732Z
library,@types/mock-knex@0.4.8,MIT,@types,,mock-knex,0.4.8,pkg:npm/%40types/mock-knex@0.4.8#types/mock-knex,node_modules/@types/mock-knex,TypeScript definitions for mock-knex,git+https://github.com/DefinitelyTyped/DefinitelyTyped.git#types/mock-knex,"as detected from PackageJson property ""repository.url"" and ""repository.directory""",https://github.com/DefinitelyTyped/DefinitelyTyped/tree/master/types/mock-knex,"as detected from PackageJson property ""homepage""",https://github.com/DefinitelyTyped/DefinitelyTyped/issues,"as detected from PackageJson property ""bugs.url""",https://registry.npmjs.org/@types/mock-knex/-/mock-knex-0.4.8.tgz,"as detected from npm-ls property ""resolved""",,,,active,Active in npm registry,2025-08-03T07:18:58.871Z
library,undici-types@8.9.0,MIT,,,undici-types,8.9.0,pkg:npm/undici-types@8.9.0,node_modules/undici-types,A stand-alone types package for Undici,git+https://github.com/nodejs/undici.git,"as detected from PackageJson property ""repository.url""",https://undici.nodejs.org,"as detected from PackageJson property ""homepage""",https://github.com/nodejs/undici/issues,"as detected from PackageJson property ""bugs.url""",https://registry.npmjs.org/undici-types/-/undici-types-8.9.0.tgz,"as detected from npm-ls property ""resolved""",,,,active,Active in npm registry,2026-09-04T14:27:04.889Z
library,@types/rc@1.2.4,MIT,@types,,rc,1.2.4,pkg:npm/%40types/rc@1.2.4#types/rc,node_modules/@types/rc,TypeScript definitions for rc,git+https://github.com/DefinitelyTyped/DefinitelyTyped.git#types/rc,"as detected from PackageJson property ""repository.url"" and ""repository.directory""",https://github.com/DefinitelyTyped/DefinitelyTyped/tree/master/types/rc,"as detected from PackageJson property ""homepage""",https://github.com/DefinitelyTyped/DefinitelyTyped/issues,"as detected from PackageJson property ""bugs.url""",https://registry.npmjs.org/@types/rc/-/rc-1.2.4.tgz,"as detected from npm-ls property ""resolved""",,,,active,Active in npm registry,2025-08-03T07:33:24.006Z
library,@types/minimist@1.2.5,MIT,@types,,minimist,1.2.5,pkg:npm/%40types/minimist@1.2.5#types/minimist,node_modules/@types/minimist,TypeScript definitions for minimist,git+https://github.com/DefinitelyTyped/DefinitelyTyped.git#types/minimist,"as detected from PackageJson property ""repository.url"" and ""repository.directory""",https://github.com/DefinitelyTyped/DefinitelyTyped/tree/master/types/minimist,"as detected from PackageJson property ""homepage""",https://github.com/DefinitelyTyped/DefinitelyTyped/issues,"as detected from PackageJson property ""bugs.url""",https://registry.npmjs.org/@types/minimist/-/minimist-1.2.5.tgz,"as detected from npm-ls property ""resolved""",,,,active,Active in npm registry,2025-08-03T07:18:38.345Z
library,@typescript-eslint/eslint-plugin@8.70.0,MIT,@typescript-eslint,,eslint-plugin,8.70.0,pkg:npm/%40typescript-eslint/eslint-plugin@8.70.0#packages/eslint-plugin,node_modules/@typescript-eslint/eslint-plugin,TypeScript plugin for ESLint,git+https://github.com/typescript-eslint/typescript-eslint.git#packages/eslint-plugin,"as detected from PackageJson property ""repository.url"" and ""repository.directory""",https://typescript-eslint.io/packages/eslint-plugin,"as detected from PackageJson property ""homepage""",https://github.com/typescript-eslint/typescript-eslint/issues,"as detected from PackageJson property ""bugs.url""",https://registry.npmjs.org/@typescript-eslint/eslint-plugin/-/eslint-plugin-8.70.0.tgz,"as detected from npm-ls property ""resolved""",,,,active,Active in npm registry,2026-09-15T18:45:08.411Z
library,@eslint-community/regexpp@4.12.2,MIT,@eslint-community,Toru Nagashima,regexpp,4.12.2,pkg:npm/%40eslint-community/regexpp@4.12.2,node_modules/@eslint-community/regexpp,Regular expression parser for ECMAScript.,git+https://github.com/eslint-community/regexpp.git,"as detected from PackageJson property ""repository.url""",https://github.com/eslint-community/regexpp#readme,"as detected from PackageJson property ""homepage""",https://github.com/eslint-community/regexpp/issues,"as detected from PackageJson property ""bugs.url""",https://registry.npmjs.org/@eslint-community/regexpp/-/regexpp-4.12.2.tgz,"as detected from npm-ls property ""resolved""",,,,active,Active in npm registry,2025-10-22T11:56:01.280Z
library,@typescript-eslint/parser@8.70.0,MIT,@typescript-eslint,,parser,8.70.0,pkg:npm/%40typescript-eslint/parser@8.70.0?vcs_url=git%2Bhttps%3A%2F%2Fgithub.com%2Ftypescript-eslint%2Ftypescript-eslint.git#packages/parser,node_modules/@typescript-eslint/parser,An ESLint custom parser which leverages TypeScript ESTree,git+https://github.com/typescript-eslint/typescript-eslint.git#packages/parser,"as detected from PackageJson property ""repository.url"" and ""repository.directory""",https://typescript-eslint.io/packages/parser,"as detected from PackageJson property ""homepage""",https://github.com/typescript-eslint/typescript-eslint/issues,"as detected from PackageJson property ""bugs.url""",,,,,,active,Active in npm registry,2026-09-15T18:42:18.284Z
library,@typescript-eslint/scope-manager@8.70.0,MIT,@typescript-eslint,,scope-manager,8.70.0,pkg:npm/%40typescript-eslint/scope-manager@8.70.0#packages/scope-manager,node_modules/@typescript-eslint/scope-manager,TypeScript scope analyser for ESLint,git+https://github.com/typescript-eslint/typescript-eslint.git#packages/scope-manager,"as detected from PackageJson property ""repository.url"" and ""repository.directory""",https://typescript-eslint.io/packages/scope-manager,"as detected from PackageJson property ""homepage""",https://github.com/typescript-eslint/typescript-eslint/issues,"as detected from PackageJson property ""bugs.url""",https://registry.npmjs.org/@typescript-eslint/scope-manager/-/scope-manager-8.70.0.tgz,"as detected from npm-ls property ""resolved""",,,,active,Active in npm registry,2026-09-15T18:45:43.250Z
library,@typescript-eslint/types@8.70.0,MIT,@typescript-eslint,,types,8.70.0,pkg:npm/%40typescript-eslint/types@8.70.0?vcs_url=git%2Bhttps%3A%2F%2Fgithub.com%2Ftypescript-eslint%2Ftypescript-eslint.git#packages/types,node_modules/@typescript-eslint/types,Types for the TypeScript-ESTree AST spec,git+https://github.com/typescript-eslint/typescript-eslint.git#packages/types,"as detected from PackageJson property ""repository.url"" and ""repository.directory""",https://typescript-eslint.io,"as detected from PackageJson property ""homepage""",https://github.com/typescript-eslint/typescript-eslint/issues,"as detected from PackageJson property ""bugs.url""",,,,,,active,Active in npm registry,2026-09-15T18:42:54.167Z
library,@typescript-eslint/visitor-keys@8.70.0,MIT,@typescript-eslint,,visitor-keys,8.70.0,pkg:npm/%40typescript-eslint/visitor-keys@8.70.0?vcs_url=git%2Bhttps%3A%2F%2Fgithub.com%2Ftypescript-eslint%2Ftypescript-eslint.git#packages/visitor-keys,node_modules/@typescript-eslint/visitor-keys,Visitor keys used to help traverse the TypeScript-ESTree AST,git+https://github.com/typescript-eslint/typescript-eslint.git#packages/visitor-keys,"as detected from PackageJson property ""repository.url"" and ""repository.directory""",https://typescript-eslint.io,"as detected from PackageJson property ""homepage""",https://github.com/typescript-eslint/typescript-eslint/issues,"as detected from PackageJson property ""bugs.url""",,,,,,active,Active in npm registry,2026-09-15T18:41:38.404Z
library,@typescript-eslint/visitor-keys@8.70.0|eslint-visitor-keys@5.0.1,Apache-2.0,,Toru Nagashima,eslint-visitor-keys,5.0.1,pkg:npm/eslint-visitor-keys@5.0.1#packages/eslint-visitor-keys,node_modules/@typescript-eslint/visitor-keys/node_modules/eslint-visitor-keys,Constants and utilities about visitor keys to traverse AST.,git+https://github.com/eslint/js.git#packages/eslint-visitor-keys,"as detected from PackageJson property ""repository.url"" and ""repository.directory""",https://github.com/eslint/js/blob/main/packages/eslint-visitor-keys/README.md,"as detected from PackageJson property ""homepage""",https://github.com/eslint/js/issues,"as detected from PackageJson property ""bugs.url""",https://registry.npmjs.org/eslint-visitor-keys/-/eslint-visitor-keys-5.0.1.tgz,"as detected from npm-ls property ""resolved""",,,,active,Active in npm registry,2026-02-20T14:40:48.205Z
library,@typescript-eslint/type-utils@8.70.0,MIT,@typescript-eslint,,type-utils,8.70.0,pkg:npm/%40typescript-eslint/type-utils@8.70.0#packages/type-utils,node_modules/@typescript-eslint/type-utils,Type utilities for working with TypeScript + ESLint together,git+https://github.com/typescript-eslint/typescript-eslint.git#packages/type-utils,"as detected from PackageJson property ""repository.url"" and ""repository.directory""",https://typescript-eslint.io,"as detected from PackageJson property ""homepage""",https://github.com/typescript-eslint/typescript-eslint/issues,"as detected from PackageJson property ""bugs.url""",https://registry.npmjs.org/@typescript-eslint/type-utils/-/type-utils-8.70.0.tgz,"as detected from npm-ls property ""resolved""",,,,active,Active in npm registry,2026-09-15T18:43:55.582Z
library,@typescript-eslint/typescript-estree@8.70.0,MIT,@typescript-eslint,,typescript-estree,8.70.0,pkg:npm/%40typescript-eslint/typescript-estree@8.70.0?vcs_url=git%2Bhttps%3A%2F%2Fgithub.com%2Ftypescript-eslint%2Ftypescript-eslint.git#packages/typescript-estree,node_modules/@typescript-eslint/typescript-estree,A parser that converts TypeScript source code into an ESTree compatible form,git+https://github.com/typescript-eslint/typescript-eslint.git#packages/typescript-estree,"as detected from PackageJson property ""repository.url"" and ""repository.directory""",https://typescript-eslint.io/packages/typescript-estree,"as detected from PackageJson property ""homepage""",https://github.com/typescript-eslint/typescript-eslint/issues,"as detected from PackageJson property ""bugs.url""",,,,,,active,Active in npm registry,2026-09-15T18:42:05.219Z
library,@typescript-eslint/typescript-estree@8.70.0|minimatch@10.2.6,BlueOak-1.0.0,,Isaac Z. Schlueter,minimatch,10.2.6,pkg:npm/minimatch@10.2.6,node_modules/@typescript-eslint/typescript-estree/node_modules/minimatch,a glob matcher in javascript,git+ssh://git@github.com/isaacs/minimatch.git,"as detected from PackageJson property ""repository.url""",https://github.com/isaacs/minimatch#readme,"as detected from PackageJson property ""homepage""",https://github.com/isaacs/minimatch/issues,"as detected from PackageJson property ""bugs.url""",https://registry.npmjs.org/minimatch/-/minimatch-10.2.6.tgz,"as detected from npm-ls property ""resolved""",,,i@izs.me,active,Active in npm registry,2026-07-27T19:00:09.643Z
library,@typescript-eslint/utils@8.70.0,MIT,@typescript-eslint,,utils,8.70.0,pkg:npm/%40typescript-eslint/utils@8.70.0?vcs_url=git%2Bhttps%3A%2F%2Fgithub.com%2Ftypescript-eslint%2Ftypescript-eslint.git#packages/utils,node_modules/@typescript-eslint/utils,Utilities for working with TypeScript + ESLint together,git+https://github.com/typescript-eslint/typescript-eslint.git#packages/utils,"as detected from PackageJson property ""repository.url"" and ""repository.directory""",https://typescript-eslint.io/packages/utils,"as detected from PackageJson property ""homepage""",https://github.com/typescript-eslint/typescript-eslint/issues,"as detected from PackageJson property ""bugs.url""",,,,,,active,Active in npm registry,2026-09-15T18:42:16.536Z
library,eslint@8.57.1,MIT,,Nicholas C. Zakas,eslint,8.57.1,pkg:npm/eslint@8.57.1?vcs_url=git%2Bhttps%3A%2F%2Fgithub.com%2Feslint%2Feslint.git,node_modules/eslint,An AST-based pattern checker for JavaScript.,git+https://github.com/eslint/eslint.git,"as detected from PackageJson property ""repository.url""",https://eslint.org,"as detected from PackageJson property ""homepage""",https://github.com/eslint/eslint/issues/,"as detected from PackageJson property ""bugs.url""",,,,,nicholas+npm@nczconsulting.com,deprecated,This version is no longer supported. Please see https://eslint.org/version-support for other options.,2026-09-04T14:34:21.974Z
library,eslint@8.57.1|@eslint/eslintrc@2.1.4,MIT,@eslint,Nicholas C. Zakas,eslintrc,2.1.4,pkg:npm/%40eslint/eslintrc@2.1.4,node_modules/eslint/node_modules/@eslint/eslintrc,The legacy ESLintRC config file format for ESLint,git+https://github.com/eslint/eslintrc.git,"as detected from PackageJson property ""repository.url""",https://github.com/eslint/eslintrc#readme,"as detected from PackageJson property ""homepage""",https://github.com/eslint/eslintrc/issues,"as detected from PackageJson property ""bugs.url""",https://registry.npmjs.org/@eslint/eslintrc/-/eslintrc-2.1.4.tgz,"as detected from npm-ls property ""resolved""",,,,active,Active in npm registry,2026-09-01T13:42:47.557Z
library,eslint@8.57.1|ajv@6.14.0,MIT,,Evgeny Poberezkin,ajv,6.14.0,pkg:npm/ajv@6.14.0?vcs_url=git%2Bhttps%3A%2F%2Fgithub.com%2Fajv-validator%2Fajv.git,node_modules/eslint/node_modules/ajv,Another JSON Schema Validator,git+https://github.com/ajv-validator/ajv.git,"as detected from PackageJson property ""repository.url""",https://github.com/ajv-validator/ajv,"as detected from PackageJson property ""homepage""",https://github.com/ajv-validator/ajv/issues,"as detected from PackageJson property ""bugs.url""",,,,,,active,Active in npm registry,2026-04-24T15:22:16.643Z
library,eslint@8.57.1|ignore@5.3.2,MIT,,kael,ignore,5.3.2,pkg:npm/ignore@5.3.2?vcs_url=git%2Bssh%3A%2F%2Fgit%40github.com%2Fkaelzhang%2Fnode-ignore.git,node_modules/eslint/node_modules/ignore,Ignore is a manager and filter for .gitignore rules~ the one used by eslint~ gitbook and many others.,git+ssh://git@github.com/kaelzhang/node-ignore.git,"as detected from PackageJson property ""repository.url""",https://github.com/kaelzhang/node-ignore#readme,"as detected from PackageJson property ""homepage""",https://github.com/kaelzhang/node-ignore/issues,"as detected from PackageJson property ""bugs.url""",,,,,,active,Active in npm registry,2026-09-08T13:06:01.510Z
library,eslint@8.57.1|minimatch@3.1.5,ISC,,Isaac Z. Schlueter,minimatch,3.1.5,pkg:npm/minimatch@3.1.5?vcs_url=git%3A%2F%2Fgithub.com%2Fisaacs%2Fminimatch.git,node_modules/eslint/node_modules/minimatch,a glob matcher in javascript,git://github.com/isaacs/minimatch.git,"as detected from PackageJson property ""repository.url""",https://github.com/isaacs/minimatch#readme,"as detected from PackageJson property ""homepage""",https://github.com/isaacs/minimatch/issues,"as detected from PackageJson property ""bugs.url""",,,,,i@izs.me,active,Active in npm registry,2026-07-27T19:00:09.643Z
library,eslint@8.57.1|json-schema-traverse@0.4.1,MIT,,Evgeny Poberezkin,json-schema-traverse,0.4.1,pkg:npm/json-schema-traverse@0.4.1,node_modules/eslint/node_modules/json-schema-traverse,Traverse JSON Schema passing each schema object to callback,git+https://github.com/epoberezkin/json-schema-traverse.git,"as detected from PackageJson property ""repository.url""",https://github.com/epoberezkin/json-schema-traverse#readme,"as detected from PackageJson property ""homepage""",https://github.com/epoberezkin/json-schema-traverse/issues,"as detected from PackageJson property ""bugs.url""",https://registry.npmjs.org/json-schema-traverse/-/json-schema-traverse-0.4.1.tgz,"as detected from npm-ls property ""resolved""",,,,active,Active in npm registry,2023-06-22T16:32:38.879Z
library,ts-api-utils@2.5.0,MIT,,JoshuaKGoldberg,ts-api-utils,2.5.0,pkg:npm/ts-api-utils@2.5.0?vcs_url=git%2Bhttps%3A%2F%2Fgithub.com%2FJoshuaKGoldberg%2Fts-api-utils.git,node_modules/ts-api-utils,Utility functions for working with TypeScript's API. Successor to the wonderful tsutils. 🛠️️,git+https://github.com/JoshuaKGoldberg/ts-api-utils.git,"as detected from PackageJson property ""repository.url""",https://github.com/JoshuaKGoldberg/ts-api-utils#readme,"as detected from PackageJson property ""homepage""",https://github.com/JoshuaKGoldberg/ts-api-utils/issues,"as detected from PackageJson property ""bugs.url""",,,,,npm@joshuakgoldberg.com,active,Active in npm registry,2026-03-21T21:36:28.793Z
library,@eslint-community/eslint-utils@4.10.1,MIT,@eslint-community,Toru Nagashima,eslint-utils,4.10.1,pkg:npm/%40eslint-community/eslint-utils@4.10.1,node_modules/@eslint-community/eslint-utils,Utilities for ESLint plugins.,git+https://github.com/eslint-community/eslint-utils.git,"as detected from PackageJson property ""repository.url""",https://github.com/eslint-community/eslint-utils#readme,"as detected from PackageJson property ""homepage""",https://github.com/eslint-community/eslint-utils/issues,"as detected from PackageJson property ""bugs.url""",https://registry.npmjs.org/@eslint-community/eslint-utils/-/eslint-utils-4.10.1.tgz,"as detected from npm-ls property ""resolved""",,,,active,Active in npm registry,2026-07-22T19:30:18.416Z
library,eslint-visitor-keys@3.4.3,Apache-2.0,,Toru Nagashima,eslint-visitor-keys,3.4.3,pkg:npm/eslint-visitor-keys@3.4.3?vcs_url=git%2Bhttps%3A%2F%2Fgithub.com%2Feslint%2Feslint-visitor-keys.git,node_modules/eslint-visitor-keys,Constants and utilities about visitor keys to traverse AST.,git+https://github.com/eslint/eslint-visitor-keys.git,"as detected from PackageJson property ""repository.url""",https://github.com/eslint/eslint-visitor-keys#readme,"as detected from PackageJson property ""homepage""",https://github.com/eslint/eslint-visitor-keys/issues,"as detected from PackageJson property ""bugs.url""",,,,,,active,Active in npm registry,2026-02-20T14:40:48.205Z
library,espree@9.6.1,BSD-2-Clause,,Nicholas C. Zakas,espree,9.6.1,pkg:npm/espree@9.6.1?vcs_url=git%2Bhttps%3A%2F%2Fgithub.com%2Feslint%2Fespree.git,node_modules/espree,An Esprima-compatible JavaScript parser built on Acorn,git+https://github.com/eslint/espree.git,"as detected from PackageJson property ""repository.url""",https://github.com/eslint/espree,"as detected from PackageJson property ""homepage""",https://github.com/eslint/espree/issues,"as detected from PackageJson property ""bugs.url""",,,,,nicholas+npm@nczconsulting.com,active,Active in npm registry,2026-03-06T22:32:41.283Z
library,globals@13.24.0,MIT,,Sindre Sorhus,globals,13.24.0,pkg:npm/globals@13.24.0?vcs_url=git%2Bhttps%3A%2F%2Fgithub.com%2Fsindresorhus%2Fglobals.git,node_modules/globals,Global identifiers from different JavaScript environments,git+https://github.com/sindresorhus/globals.git,"as detected from PackageJson property ""repository.url""",https://github.com/sindresorhus/globals#readme,"as detected from PackageJson property ""homepage""",https://github.com/sindresorhus/globals/issues,"as detected from PackageJson property ""bugs.url""",,,,,sindresorhus@gmail.com,active,Active in npm registry,2026-09-01T11:00:43.694Z
library,globals@13.24.0|type-fest@0.20.2,,,Sindre Sorhus,type-fest,0.20.2,pkg:npm/type-fest@0.20.2,node_modules/globals/node_modules/type-fest,A collection of essential TypeScript types,git+https://github.com/sindresorhus/type-fest.git,"as detected from PackageJson property ""repository.url""",https://github.com/sindresorhus/type-fest#readme,"as detected from PackageJson property ""homepage""",https://github.com/sindresorhus/type-fest/issues,"as detected from PackageJson property ""bugs.url""",https://registry.npmjs.org/type-fest/-/type-fest-0.20.2.tgz,"as detected from npm-ls property ""resolved""",,,sindresorhus@gmail.com,active,Active in npm registry,2026-08-30T23:58:44.826Z
library,import-fresh@3.3.1,MIT,,Sindre Sorhus,import-fresh,3.3.1,pkg:npm/import-fresh@3.3.1,node_modules/import-fresh,Import a module while bypassing the cache,git+https://github.com/sindresorhus/import-fresh.git,"as detected from PackageJson property ""repository.url""",https://github.com/sindresorhus/import-fresh#readme,"as detected from PackageJson property ""homepage""",https://github.com/sindresorhus/import-fresh/issues,"as detected from PackageJson property ""bugs.url""",https://registry.npmjs.org/import-fresh/-/import-fresh-3.3.1.tgz,"as detected from npm-ls property ""resolved""",,,sindresorhus@gmail.com,active,Active in npm registry,2026-02-25T08:03:41.078Z
library,import-fresh@3.3.1|parent-module@1.0.1,MIT,,Sindre Sorhus,parent-module,1.0.1,pkg:npm/parent-module@1.0.1,node_modules/import-fresh/node_modules/parent-module,Get the path of the parent module,git+https://github.com/sindresorhus/parent-module.git,"as detected from PackageJson property ""repository.url""",https://github.com/sindresorhus/parent-module#readme,"as detected from PackageJson property ""homepage""",https://github.com/sindresorhus/parent-module/issues,"as detected from PackageJson property ""bugs.url""",https://registry.npmjs.org/parent-module/-/parent-module-1.0.1.tgz,"as detected from npm-ls property ""resolved""",,,sindresorhus@gmail.com,active,Active in npm registry,2025-09-15T07:20:45.510Z
library,import-fresh@3.3.1|resolve-from@4.0.0,MIT,,Sindre Sorhus,resolve-from,4.0.0,pkg:npm/resolve-from@4.0.0,node_modules/import-fresh/node_modules/resolve-from,Resolve the path of a module like `require.resolve()` but from a given path,git+https://github.com/sindresorhus/resolve-from.git,"as detected from PackageJson property ""repository.url""",https://github.com/sindresorhus/resolve-from#readme,"as detected from PackageJson property ""homepage""",https://github.com/sindresorhus/resolve-from/issues,"as detected from PackageJson property ""bugs.url""",https://registry.npmjs.org/resolve-from/-/resolve-from-4.0.0.tgz,"as detected from npm-ls property ""resolved""",,,sindresorhus@gmail.com,active,Active in npm registry,2023-06-22T16:33:46.245Z
library,callsites@3.1.0,MIT,,Sindre Sorhus,callsites,3.1.0,pkg:npm/callsites@3.1.0?vcs_url=git%2Bhttps%3A%2F%2Fgithub.com%2Fsindresorhus%2Fcallsites.git,node_modules/callsites,Get callsites from the V8 stack trace API,git+https://github.com/sindresorhus/callsites.git,"as detected from PackageJson property ""repository.url""",https://github.com/sindresorhus/callsites#readme,"as detected from PackageJson property ""homepage""",https://github.com/sindresorhus/callsites/issues,"as detected from PackageJson property ""bugs.url""",,,,,sindresorhus@gmail.com,active,Active in npm registry,2024-06-29T13:46:24.735Z
library,strip-json-comments@3.1.1,MIT,,Sindre Sorhus,strip-json-comments,3.1.1,pkg:npm/strip-json-comments@3.1.1?vcs_url=git%2Bhttps%3A%2F%2Fgithub.com%2Fsindresorhus%2Fstrip-json-comments.git,node_modules/strip-json-comments,Strip comments from JSON. Lets you use comments in your JSON files!,git+https://github.com/sindresorhus/strip-json-comments.git,"as detected from PackageJson property ""repository.url""",https://github.com/sindresorhus/strip-json-comments#readme,"as detected from PackageJson property ""homepage""",https://github.com/sindresorhus/strip-json-comments/issues,"as detected from PackageJson property ""bugs.url""",,,,,sindresorhus@gmail.com,active,Active in npm registry,2025-08-08T14:14:05.184Z
library,@eslint/js@8.57.1,MIT,@eslint,,js,8.57.1,pkg:npm/%40eslint/js@8.57.1#packages/js,node_modules/@eslint/js,ESLint JavaScript language implementation,git+https://github.com/eslint/eslint.git#packages/js,"as detected from PackageJson property ""repository.url"" and ""repository.directory""",https://eslint.org,"as detected from PackageJson property ""homepage""",https://github.com/eslint/eslint/issues/,"as detected from PackageJson property ""bugs.url""",https://registry.npmjs.org/@eslint/js/-/js-8.57.1.tgz,"as detected from npm-ls property ""resolved""",,,,active,Active in npm registry,2026-07-10T20:16:17.404Z
library,@humanwhocodes/config-array@0.13.0,Apache-2.0,@humanwhocodes,Nicholas C. Zakas,config-array,0.13.0,pkg:npm/%40humanwhocodes/config-array@0.13.0,node_modules/@humanwhocodes/config-array,Glob-based configuration matching.,git+https://github.com/humanwhocodes/config-array.git,"as detected from PackageJson property ""repository.url""",https://github.com/humanwhocodes/config-array#readme,"as detected from PackageJson property ""homepage""",https://github.com/humanwhocodes/config-array/issues,"as detected from PackageJson property ""bugs.url""",https://registry.npmjs.org/@humanwhocodes/config-array/-/config-array-0.13.0.tgz,"as detected from npm-ls property ""resolved""",,,,deprecated,Use @eslint/config-array instead,2024-06-10T15:25:09.486Z
library,@humanwhocodes/config-array@0.13.0|minimatch@3.1.5,ISC,,Isaac Z. Schlueter,minimatch,3.1.5,pkg:npm/minimatch@3.1.5,node_modules/@humanwhocodes/config-array/node_modules/minimatch,a glob matcher in javascript,git://github.com/isaacs/minimatch.git,"as detected from PackageJson property ""repository.url""",https://github.com/isaacs/minimatch#readme,"as detected from PackageJson property ""homepage""",https://github.com/isaacs/minimatch/issues,"as detected from PackageJson property ""bugs.url""",https://registry.npmjs.org/minimatch/-/minimatch-3.1.5.tgz,"as detected from npm-ls property ""resolved""",,,i@izs.me,active,Active in npm registry,2026-07-27T19:00:09.643Z
library,@humanwhocodes/object-schema@2.0.3,BSD-3-Clause,@humanwhocodes,Nicholas C. Zakas,object-schema,2.0.3,pkg:npm/%40humanwhocodes/object-schema@2.0.3,node_modules/@humanwhocodes/object-schema,An object schema merger/validator,git+https://github.com/humanwhocodes/object-schema.git,"as detected from PackageJson property ""repository.url""",https://github.com/humanwhocodes/object-schema#readme,"as detected from PackageJson property ""homepage""",https://github.com/humanwhocodes/object-schema/issues,"as detected from PackageJson property ""bugs.url""",https://registry.npmjs.org/@humanwhocodes/object-schema/-/object-schema-2.0.3.tgz,"as detected from npm-ls property ""resolved""",,,,deprecated,Use @eslint/object-schema instead,2024-06-10T15:25:59.086Z
library,@humanwhocodes/module-importer@1.0.1,Apache-2.0,@humanwhocodes,Nicholas C. Zaks,module-importer,1.0.1,pkg:npm/%40humanwhocodes/module-importer@1.0.1,node_modules/@humanwhocodes/module-importer,Universal module importer for Node.js,git+https://github.com/humanwhocodes/module-importer.git,"as detected from PackageJson property ""repository.url""",https://github.com/humanwhocodes/module-importer#readme,"as detected from PackageJson property ""homepage""",https://github.com/humanwhocodes/module-importer/issues,"as detected from PackageJson property ""bugs.url""",https://registry.npmjs.org/@humanwhocodes/module-importer/-/module-importer-1.0.1.tgz,"as detected from npm-ls property ""resolved""",,,,active,Active in npm registry,2023-06-22T16:31:11.465Z
library,@nodelib/fs.walk@1.2.8,MIT,@nodelib,,fs.walk,1.2.8,pkg:npm/%40nodelib/fs.walk@1.2.8#master,node_modules/@nodelib/fs.walk,A library for efficiently walking a directory recursively,git+https://github.com/nodelib/nodelib.git#master,"as detected from PackageJson property ""repository.url""",https://github.com/nodelib/nodelib/tree/master#readme,"as detected from PackageJson property ""homepage""",https://github.com/nodelib/nodelib/issues,"as detected from PackageJson property ""bugs.url""",https://registry.npmjs.org/@nodelib/fs.walk/-/fs.walk-1.2.8.tgz,"as detected from npm-ls property ""resolved""",,,,active,Active in npm registry,2024-12-01T21:08:36.715Z
library,@nodelib/fs.scandir@2.1.5,MIT,@nodelib,,fs.scandir,2.1.5,pkg:npm/%40nodelib/fs.scandir@2.1.5#master,node_modules/@nodelib/fs.scandir,List files and directories inside the specified directory,git+https://github.com/nodelib/nodelib.git#master,"as detected from PackageJson property ""repository.url""",https://github.com/nodelib/nodelib/tree/master#readme,"as detected from PackageJson property ""homepage""",https://github.com/nodelib/nodelib/issues,"as detected from PackageJson property ""bugs.url""",https://registry.npmjs.org/@nodelib/fs.scandir/-/fs.scandir-2.1.5.tgz,"as detected from npm-ls property ""resolved""",,,,active,Active in npm registry,2024-12-01T21:08:35.008Z
library,@nodelib/fs.stat@2.0.5,MIT,@nodelib,,fs.stat,2.0.5,pkg:npm/%40nodelib/fs.stat@2.0.5?vcs_url=git%2Bhttps%3A%2F%2Fgithub.com%2Fnodelib%2Fnodelib.git#master,node_modules/@nodelib/fs.stat,Get the status of a file with some features,git+https://github.com/nodelib/nodelib.git#master,"as detected from PackageJson property ""repository.url""",https://github.com/nodelib/nodelib/tree/master#readme,"as detected from PackageJson property ""homepage""",https://github.com/nodelib/nodelib/issues,"as detected from PackageJson property ""bugs.url""",,,,,,active,Active in npm registry,2024-12-01T13:14:10.798Z
library,run-parallel@1.2.0,MIT,,Feross Aboukhadijeh,run-parallel,1.2.0,pkg:npm/run-parallel@1.2.0,node_modules/run-parallel,Run an array of functions in parallel,git://github.com/feross/run-parallel.git,"as detected from PackageJson property ""repository.url""",https://github.com/feross/run-parallel,"as detected from PackageJson property ""homepage""",https://github.com/feross/run-parallel/issues,"as detected from PackageJson property ""bugs.url""",https://registry.npmjs.org/run-parallel/-/run-parallel-1.2.0.tgz,"as detected from npm-ls property ""resolved""",,,feross@feross.org,active,Active in npm registry,2025-01-02T08:58:07.736Z
library,queue-microtask@1.2.3,MIT,,Feross Aboukhadijeh,queue-microtask,1.2.3,pkg:npm/queue-microtask@1.2.3,node_modules/queue-microtask,fast~ tiny `queueMicrotask` shim for modern engines,git://github.com/feross/queue-microtask.git,"as detected from PackageJson property ""repository.url""",https://github.com/feross/queue-microtask,"as detected from PackageJson property ""homepage""",https://github.com/feross/queue-microtask/issues,"as detected from PackageJson property ""bugs.url""",https://registry.npmjs.org/queue-microtask/-/queue-microtask-1.2.3.tgz,"as detected from npm-ls property ""resolved""",,,feross@feross.org,active,Active in npm registry,2023-06-22T16:33:42.516Z
library,fastq@1.20.3,ISC,,Matteo Collina,fastq,1.20.3,pkg:npm/fastq@1.20.3,node_modules/fastq,Fast~ in memory work queue,git+https://github.com/mcollina/fastq.git,"as detected from PackageJson property ""repository.url""",https://github.com/mcollina/fastq#readme,"as detected from PackageJson property ""homepage""",https://github.com/mcollina/fastq/issues,"as detected from PackageJson property ""bugs.url""",https://registry.npmjs.org/fastq/-/fastq-1.20.3.tgz,"as detected from npm-ls property ""resolved""",,,hello@matteocollina.com,active,Active in npm registry,2026-08-29T06:32:01.014Z
library,reusify@1.1.0,MIT,,Matteo Collina,reusify,1.1.0,pkg:npm/reusify@1.1.0,node_modules/reusify,Reuse objects and functions with style,git+https://github.com/mcollina/reusify.git,"as detected from PackageJson property ""repository.url""",https://github.com/mcollina/reusify#readme,"as detected from PackageJson property ""homepage""",https://github.com/mcollina/reusify/issues,"as detected from PackageJson property ""bugs.url""",https://registry.npmjs.org/reusify/-/reusify-1.1.0.tgz,"as detected from npm-ls property ""resolved""",,,hello@matteocollina.com,active,Active in npm registry,2025-02-25T16:00:50.115Z
library,@ungap/structured-clone@1.4.0,ISC,@ungap,Andrea Giammarchi,structured-clone,1.4.0,pkg:npm/%40ungap/structured-clone@1.4.0,node_modules/@ungap/structured-clone,A structuredClone polyfill,git+https://github.com/ungap/structured-clone.git,"as detected from PackageJson property ""repository.url""",https://github.com/ungap/structured-clone#readme,"as detected from PackageJson property ""homepage""",https://github.com/ungap/structured-clone/issues,"as detected from PackageJson property ""bugs.url""",https://registry.npmjs.org/@ungap/structured-clone/-/structured-clone-1.4.0.tgz,"as detected from npm-ls property ""resolved""",,,,active,Active in npm registry,2026-08-27T08:46:13.050Z
library,fast-json-stable-stringify@2.1.0,MIT,,James Halliday,fast-json-stable-stringify,2.1.0,pkg:npm/fast-json-stable-stringify@2.1.0,node_modules/fast-json-stable-stringify,deterministic `JSON.stringify()` - a faster version of substack's json-stable-strigify without jsonify,git://github.com/epoberezkin/fast-json-stable-stringify.git,"as detected from PackageJson property ""repository.url""",https://github.com/epoberezkin/fast-json-stable-stringify,"as detected from PackageJson property ""homepage""",https://github.com/epoberezkin/fast-json-stable-stringify/issues,"as detected from PackageJson property ""bugs.url""",https://registry.npmjs.org/fast-json-stable-stringify/-/fast-json-stable-stringify-2.1.0.tgz,"as detected from npm-ls property ""resolved""",,,mail@substack.net,active,Active in npm registry,2023-06-22T16:31:53.694Z
library,chalk@4.1.2,MIT,,,chalk,4.1.2,pkg:npm/chalk@4.1.2?vcs_url=git%2Bhttps%3A%2F%2Fgithub.com%2Fchalk%2Fchalk.git,node_modules/chalk,Terminal string styling done right,git+https://github.com/chalk/chalk.git,"as detected from PackageJson property ""repository.url""",https://github.com/chalk/chalk#readme,"as detected from PackageJson property ""homepage""",https://github.com/chalk/chalk/issues,"as detected from PackageJson property ""bugs.url""",,,,,,active,Active in npm registry,2026-07-26T14:51:07.471Z
library,cross-spawn@7.0.6,MIT,,André Cruz,cross-spawn,7.0.6,pkg:npm/cross-spawn@7.0.6?vcs_url=git%2Bssh%3A%2F%2Fgit%40github.com%2Fmoxystudio%2Fnode-cross-spawn.git,node_modules/cross-spawn,Cross platform child_process#spawn and child_process#spawnSync,git+ssh://git@github.com/moxystudio/node-cross-spawn.git,"as detected from PackageJson property ""repository.url""",https://github.com/moxystudio/node-cross-spawn,"as detected from PackageJson property ""homepage""",https://github.com/moxystudio/node-cross-spawn/issues,"as detected from PackageJson property ""bugs.url""",,,,,andre@moxy.studio,active,Active in npm registry,2024-11-18T14:21:35.065Z
library,doctrine@3.0.0,Apache-2.0,,,doctrine,3.0.0,pkg:npm/doctrine@3.0.0,node_modules/doctrine,JSDoc parser,git+https://github.com/eslint/doctrine.git,"as detected from PackageJson property ""repository.url""",https://github.com/eslint/doctrine,"as detected from PackageJson property ""homepage""",https://github.com/eslint/doctrine/issues,"as detected from PackageJson property ""bugs.url""",https://registry.npmjs.org/doctrine/-/doctrine-3.0.0.tgz,"as detected from npm-ls property ""resolved""",,,,active,Active in npm registry,2023-06-22T16:31:41.771Z
library,esutils@2.0.3,BSD-2-Clause,,,esutils,2.0.3,pkg:npm/esutils@2.0.3?vcs_url=git%2Bssh%3A%2F%2Fgit%40github.com%2Festools%2Fesutils.git,node_modules/esutils,utility box for ECMAScript language tools,git+ssh://git@github.com/estools/esutils.git,"as detected from PackageJson property ""repository.url""",https://github.com/estools/esutils,"as detected from PackageJson property ""homepage""",https://github.com/estools/esutils/issues,"as detected from PackageJson property ""bugs.url""",,,,,,active,Active in npm registry,2023-05-10T18:27:50.347Z
library,escape-string-regexp@4.0.0,MIT,,Sindre Sorhus,escape-string-regexp,4.0.0,pkg:npm/escape-string-regexp@4.0.0?vcs_url=git%2Bhttps%3A%2F%2Fgithub.com%2Fsindresorhus%2Fescape-string-regexp.git,node_modules/escape-string-regexp,Escape RegExp special characters,git+https://github.com/sindresorhus/escape-string-regexp.git,"as detected from PackageJson property ""repository.url""",https://github.com/sindresorhus/escape-string-regexp#readme,"as detected from PackageJson property ""homepage""",https://github.com/sindresorhus/escape-string-regexp/issues,"as detected from PackageJson property ""bugs.url""",,,,,sindresorhus@gmail.com,active,Active in npm registry,2023-04-25T16:42:41.472Z
library,eslint-scope@7.2.2,BSD-2-Clause,,,eslint-scope,7.2.2,pkg:npm/eslint-scope@7.2.2,node_modules/eslint-scope,ECMAScript scope analyzer for ESLint,git+https://github.com/eslint/eslint-scope.git,"as detected from PackageJson property ""repository.url""",http://github.com/eslint/eslint-scope,"as detected from PackageJson property ""homepage""",https://github.com/eslint/eslint-scope/issues,"as detected from PackageJson property ""bugs.url""",https://registry.npmjs.org/eslint-scope/-/eslint-scope-7.2.2.tgz,"as detected from npm-ls property ""resolved""",,,,active,Active in npm registry,2026-03-06T22:32:50.285Z
library,esrecurse@4.3.0,BSD-2-Clause,,,esrecurse,4.3.0,pkg:npm/esrecurse@4.3.0,node_modules/esrecurse,ECMAScript AST recursive visitor,git+https://github.com/estools/esrecurse.git,"as detected from PackageJson property ""repository.url""",https://github.com/estools/esrecurse,"as detected from PackageJson property ""homepage""",https://github.com/estools/esrecurse/issues,"as detected from PackageJson property ""bugs.url""",https://registry.npmjs.org/esrecurse/-/esrecurse-4.3.0.tgz,"as detected from npm-ls property ""resolved""",,,,active,Active in npm registry,2023-06-22T16:31:47.428Z
library,estraverse@5.3.0,BSD-2-Clause,,,estraverse,5.3.0,pkg:npm/estraverse@5.3.0?vcs_url=git%2Bssh%3A%2F%2Fgit%40github.com%2Festools%2Festraverse.git,node_modules/estraverse,ECMAScript JS AST traversal functions,git+ssh://git@github.com/estools/estraverse.git,"as detected from PackageJson property ""repository.url""",https://github.com/estools/estraverse,"as detected from PackageJson property ""homepage""",https://github.com/estools/estraverse/issues,"as detected from PackageJson property ""bugs.url""",,,,,,active,Active in npm registry,2023-06-22T16:31:49.531Z
library,acorn-jsx@5.3.2,MIT,,,acorn-jsx,5.3.2,pkg:npm/acorn-jsx@5.3.2,node_modules/acorn-jsx,Modern~ fast React.js JSX parser,git+https://github.com/acornjs/acorn-jsx.git,"as detected from PackageJson property ""repository.url""",https://github.com/acornjs/acorn-jsx,"as detected from PackageJson property ""homepage""",https://github.com/acornjs/acorn-jsx/issues,"as detected from PackageJson property ""bugs.url""",https://registry.npmjs.org/acorn-jsx/-/acorn-jsx-5.3.2.tgz,"as detected from npm-ls property ""resolved""",,,,active,Active in npm registry,2023-06-22T16:31:22.849Z
library,acorn@8.18.0,MIT,,,acorn,8.18.0,pkg:npm/acorn@8.18.0?vcs_url=git%2Bhttps%3A%2F%2Fgithub.com%2Facornjs%2Facorn.git,node_modules/acorn,ECMAScript parser,git+https://github.com/acornjs/acorn.git,"as detected from PackageJson property ""repository.url""",https://github.com/acornjs/acorn,"as detected from PackageJson property ""homepage""",https://github.com/acornjs/acorn/issues,"as detected from PackageJson property ""bugs.url""",,,,,,active,Active in npm registry,2026-07-28T06:47:49.439Z
library,esquery@1.7.0,BSD-3-Clause,,Joel Feenstra,esquery,1.7.0,pkg:npm/esquery@1.7.0,node_modules/esquery,A query library for ECMAScript AST using a CSS selector like query language.,git+https://github.com/estools/esquery.git,"as detected from PackageJson property ""repository.url""",https://github.com/estools/esquery/,"as detected from PackageJson property ""homepage""",https://github.com/estools/esquery/issues,"as detected from PackageJson property ""bugs.url""",https://registry.npmjs.org/esquery/-/esquery-1.7.0.tgz,"as detected from npm-ls property ""resolved""",,,jrfeenst+esquery@gmail.com,active,Active in npm registry,2025-12-31T15:44:57.906Z
library,file-entry-cache@6.0.1,MIT,,Roy Riojas,file-entry-cache,6.0.1,pkg:npm/file-entry-cache@6.0.1,node_modules/file-entry-cache,Super simple cache for file metadata~ useful for process that work o a given series of files and that only need to repeat the job on the changed ones since the previous run of the process,git+https://github.com/royriojas/file-entry-cache.git,"as detected from PackageJson property ""repository.url""",https://github.com/royriojas/file-entry-cache#readme,"as detected from PackageJson property ""homepage""",https://github.com/royriojas/file-entry-cache/issues,"as detected from PackageJson property ""bugs.url""",https://registry.npmjs.org/file-entry-cache/-/file-entry-cache-6.0.1.tgz,"as detected from npm-ls property ""resolved""",,,,active,Active in npm registry,2026-08-04T11:52:08.999Z
library,flat-cache@3.2.0,MIT,,Jared Wray,flat-cache,3.2.0,pkg:npm/flat-cache@3.2.0,node_modules/flat-cache,A stupidly simple key/value storage using files to persist some data,git+https://github.com/jaredwray/flat-cache.git,"as detected from PackageJson property ""repository.url""",https://github.com/jaredwray/flat-cache#readme,"as detected from PackageJson property ""homepage""",https://github.com/jaredwray/flat-cache/issues,"as detected from PackageJson property ""bugs.url""",https://registry.npmjs.org/flat-cache/-/flat-cache-3.2.0.tgz,"as detected from npm-ls property ""resolved""",,,,active,Active in npm registry,2026-08-04T10:42:48.359Z
library,flat-cache@3.2.0|rimraf@3.0.2,ISC,,Isaac Z. Schlueter,rimraf,3.0.2,pkg:npm/rimraf@3.0.2,node_modules/flat-cache/node_modules/rimraf,A deep deletion module for node (like `rm -rf`),git://github.com/isaacs/rimraf.git,"as detected from PackageJson property ""repository.url""",https://github.com/isaacs/rimraf#readme,"as detected from PackageJson property ""homepage""",https://github.com/isaacs/rimraf/issues,"as detected from PackageJson property ""bugs.url""",https://registry.npmjs.org/rimraf/-/rimraf-3.0.2.tgz,"as detected from npm-ls property ""resolved""",,,i@izs.me,deprecated,Rimraf versions prior to v4 are no longer supported,2026-04-03T13:52:28.331Z
library,flat-cache@3.2.0|glob@7.2.3,ISC,,Isaac Z. Schlueter,glob,7.2.3,pkg:npm/glob@7.2.3,node_modules/flat-cache/node_modules/glob,a little globber,git://github.com/isaacs/node-glob.git,"as detected from PackageJson property ""repository.url""",https://github.com/isaacs/node-glob#readme,"as detected from PackageJson property ""homepage""",https://github.com/isaacs/node-glob/issues,"as detected from PackageJson property ""bugs.url""",https://registry.npmjs.org/glob/-/glob-7.2.3.tgz,"as detected from npm-ls property ""resolved""",,,i@izs.me,deprecated,"Old versions of glob are not supported, and contain widely publicized security vulnerabilities, which have been fixed in the current version. Please update. Support for old versions may be purchased (at exorbitant rates) by contacting i@izs.me",2026-02-19T17:26:33.383Z
library,flat-cache@3.2.0|minimatch@3.1.5,ISC,,Isaac Z. Schlueter,minimatch,3.1.5,pkg:npm/minimatch@3.1.5,node_modules/flat-cache/node_modules/minimatch,a glob matcher in javascript,git://github.com/isaacs/minimatch.git,"as detected from PackageJson property ""repository.url""",https://github.com/isaacs/minimatch#readme,"as detected from PackageJson property ""homepage""",https://github.com/isaacs/minimatch/issues,"as detected from PackageJson property ""bugs.url""",https://registry.npmjs.org/minimatch/-/minimatch-3.1.5.tgz,"as detected from npm-ls property ""resolved""",,,i@izs.me,active,Active in npm registry,2026-07-27T19:00:09.643Z
library,flatted@3.4.4,ISC,,Andrea Giammarchi,flatted,3.4.4,pkg:npm/flatted@3.4.4,node_modules/flatted,A super light and fast circular JSON parser.,git+https://github.com/WebReflection/flatted.git,"as detected from PackageJson property ""repository.url""",https://github.com/WebReflection/flatted#readme,"as detected from PackageJson property ""homepage""",https://github.com/WebReflection/flatted/issues,"as detected from PackageJson property ""bugs.url""",https://registry.npmjs.org/flatted/-/flatted-3.4.4.tgz,"as detected from npm-ls property ""resolved""",,,,active,Active in npm registry,2026-07-30T09:53:10.314Z
library,keyv@4.5.4,MIT,,Jared Wray,keyv,4.5.4,pkg:npm/keyv@4.5.4,node_modules/keyv,Simple key-value storage with support for multiple backends,git+https://github.com/jaredwray/keyv.git,"as detected from PackageJson property ""repository.url""",https://github.com/jaredwray/keyv,"as detected from PackageJson property ""homepage""",https://github.com/jaredwray/keyv/issues,"as detected from PackageJson property ""bugs.url""",https://registry.npmjs.org/keyv/-/keyv-4.5.4.tgz,"as detected from npm-ls property ""resolved""",,,me@jaredwray.com,active,Active in npm registry,2026-08-04T11:18:50.693Z
library,json-buffer@3.0.1,MIT,,Dominic Tarr,json-buffer,3.0.1,pkg:npm/json-buffer@3.0.1,node_modules/json-buffer,JSON parse & stringify that supports binary via bops & base64,git://github.com/dominictarr/json-buffer.git,"as detected from PackageJson property ""repository.url""",https://github.com/dominictarr/json-buffer,"as detected from PackageJson property ""homepage""",https://github.com/dominictarr/json-buffer/issues,"as detected from PackageJson property ""bugs.url""",https://registry.npmjs.org/json-buffer/-/json-buffer-3.0.1.tgz,"as detected from npm-ls property ""resolved""",,,dominic.tarr@gmail.com,active,Active in npm registry,2022-06-19T06:12:08.317Z
library,fs.realpath@1.0.0,ISC,,Isaac Z. Schlueter,fs.realpath,1.0.0,pkg:npm/fs.realpath@1.0.0?vcs_url=git%2Bhttps%3A%2F%2Fgithub.com%2Fisaacs%2Ffs.realpath.git,node_modules/fs.realpath,Use node's fs.realpath~ but fall back to the JS implementation if the native one fails,git+https://github.com/isaacs/fs.realpath.git,"as detected from PackageJson property ""repository.url""",https://github.com/isaacs/fs.realpath#readme,"as detected from PackageJson property ""homepage""",https://github.com/isaacs/fs.realpath/issues,"as detected from PackageJson property ""bugs.url""",,,,,i@izs.me,active,Active in npm registry,2023-06-22T16:32:05.628Z
library,inflight@1.0.6,ISC,,Isaac Z. Schlueter,inflight,1.0.6,pkg:npm/inflight@1.0.6?vcs_url=git%2Bhttps%3A%2F%2Fgithub.com%2Fnpm%2Finflight.git,node_modules/inflight,Add callbacks to requests in flight to avoid async duplication,git+https://github.com/npm/inflight.git,"as detected from PackageJson property ""repository.url""",https://github.com/isaacs/inflight,"as detected from PackageJson property ""homepage""",https://github.com/isaacs/inflight/issues,"as detected from PackageJson property ""bugs.url""",,,,,i@izs.me,deprecated,"This module is not supported, and leaks memory. Do not use it. Check out lru-cache if you want a good and tested way to coalesce async requests by a key value, which is much more comprehensive and powerful.",2024-05-23T03:14:32.244Z
library,path-is-absolute@1.0.1,MIT,,Sindre Sorhus,path-is-absolute,1.0.1,pkg:npm/path-is-absolute@1.0.1?vcs_url=git%2Bhttps%3A%2F%2Fgithub.com%2Fsindresorhus%2Fpath-is-absolute.git,node_modules/path-is-absolute,Node.js 0.12 path.isAbsolute() ponyfill,git+https://github.com/sindresorhus/path-is-absolute.git,"as detected from PackageJson property ""repository.url""",https://github.com/sindresorhus/path-is-absolute#readme,"as detected from PackageJson property ""homepage""",https://github.com/sindresorhus/path-is-absolute/issues,"as detected from PackageJson property ""bugs.url""",,,,,sindresorhus@gmail.com,active,Active in npm registry,2023-07-21T15:52:30.855Z
library,find-up@5.0.0,MIT,,Sindre Sorhus,find-up,5.0.0,pkg:npm/find-up@5.0.0?vcs_url=git%2Bhttps%3A%2F%2Fgithub.com%2Fsindresorhus%2Ffind-up.git,node_modules/find-up,Find a file or directory by walking up parent directories,git+https://github.com/sindresorhus/find-up.git,"as detected from PackageJson property ""repository.url""",https://github.com/sindresorhus/find-up#readme,"as detected from PackageJson property ""homepage""",https://github.com/sindresorhus/find-up/issues,"as detected from PackageJson property ""bugs.url""",,,,,sindresorhus@gmail.com,active,Active in npm registry,2025-09-16T01:13:57.276Z
library,glob-parent@6.0.2,ISC,,Gulp Team,glob-parent,6.0.2,pkg:npm/glob-parent@6.0.2?vcs_url=git%2Bhttps%3A%2F%2Fgithub.com%2Fgulpjs%2Fglob-parent.git,node_modules/glob-parent,Extract the non-magic parent path from a glob string.,git+https://github.com/gulpjs/glob-parent.git,"as detected from PackageJson property ""repository.url""",https://github.com/gulpjs/glob-parent#readme,"as detected from PackageJson property ""homepage""",https://github.com/gulpjs/glob-parent/issues,"as detected from PackageJson property ""bugs.url""",,,,,team@gulpjs.com,active,Active in npm registry,2023-06-22T16:32:08.502Z
library,graphemer@1.4.0,MIT,,Matt Davies,graphemer,1.4.0,pkg:npm/graphemer@1.4.0,node_modules/graphemer,A JavaScript library that breaks strings into their individual user-perceived characters (including emojis!),git+https://github.com/flmnt/graphemer.git,"as detected from PackageJson property ""repository.url""",https://github.com/flmnt/graphemer,"as detected from PackageJson property ""homepage""",https://github.com/flmnt/graphemer/issues,"as detected from PackageJson property ""bugs.url""",https://registry.npmjs.org/graphemer/-/graphemer-1.4.0.tgz,"as detected from npm-ls property ""resolved""",,,matt@filament.so,active,Active in npm registry,2023-06-22T16:32:15.232Z
library,imurmurhash@0.1.4,MIT,,Jens Taylor,imurmurhash,0.1.4,pkg:npm/imurmurhash@0.1.4,node_modules/imurmurhash,An incremental implementation of MurmurHash3,git+https://github.com/jensyt/imurmurhash-js.git,"as detected from PackageJson property ""repository.url""",https://github.com/jensyt/imurmurhash-js,"as detected from PackageJson property ""homepage""",https://github.com/jensyt/imurmurhash-js/issues,"as detected from PackageJson property ""bugs.url""",https://registry.npmjs.org/imurmurhash/-/imurmurhash-0.1.4.tgz,"as detected from npm-ls property ""resolved""",,,jensyt@gmail.com,active,Active in npm registry,2023-06-22T16:32:20.870Z
library,is-glob@4.0.3,MIT,,Jon Schlinkert,is-glob,4.0.3,pkg:npm/is-glob@4.0.3,node_modules/is-glob,Returns `true` if the given string looks like a glob pattern or an extglob pattern. This makes it easy to create code that only uses external modules like node-glob when necessary~ resulting in much faster code execution and initialization time~ and a better user experience.,git+https://github.com/micromatch/is-glob.git,"as detected from PackageJson property ""repository.url""",https://github.com/micromatch/is-glob,"as detected from PackageJson property ""homepage""",https://github.com/micromatch/is-glob/issues,"as detected from PackageJson property ""bugs.url""",https://registry.npmjs.org/is-glob/-/is-glob-4.0.3.tgz,"as detected from npm-ls property ""resolved""",,,,active,Active in npm registry,2023-06-22T16:32:26.552Z
library,is-extglob@2.1.1,MIT,,Jon Schlinkert,is-extglob,2.1.1,pkg:npm/is-extglob@2.1.1,node_modules/is-extglob,Returns true if a string has an extglob.,git+https://github.com/jonschlinkert/is-extglob.git,"as detected from PackageJson property ""repository.url""",https://github.com/jonschlinkert/is-extglob,"as detected from PackageJson property ""homepage""",https://github.com/jonschlinkert/is-extglob/issues,"as detected from PackageJson property ""bugs.url""",https://registry.npmjs.org/is-extglob/-/is-extglob-2.1.1.tgz,"as detected from npm-ls property ""resolved""",,,,active,Active in npm registry,2023-06-22T16:32:24.580Z
library,is-path-inside@3.0.3,MIT,,Sindre Sorhus,is-path-inside,3.0.3,pkg:npm/is-path-inside@3.0.3,node_modules/is-path-inside,Check if a path is inside another path,git+https://github.com/sindresorhus/is-path-inside.git,"as detected from PackageJson property ""repository.url""",https://github.com/sindresorhus/is-path-inside#readme,"as detected from PackageJson property ""homepage""",https://github.com/sindresorhus/is-path-inside/issues,"as detected from PackageJson property ""bugs.url""",https://registry.npmjs.org/is-path-inside/-/is-path-inside-3.0.3.tgz,"as detected from npm-ls property ""resolved""",,,sindresorhus@gmail.com,active,Active in npm registry,2023-06-22T16:32:33.280Z
library,json-stable-stringify-without-jsonify@1.0.1,MIT,,James Halliday,json-stable-stringify-without-jsonify,1.0.1,pkg:npm/json-stable-stringify-without-jsonify@1.0.1,node_modules/json-stable-stringify-without-jsonify,deterministic JSON.stringify() with custom sorting to get deterministic hashes from stringified results~ with no public domain dependencies,git://github.com/samn/json-stable-stringify.git,"as detected from PackageJson property ""repository.url""",https://github.com/samn/json-stable-stringify,"as detected from PackageJson property ""homepage""",https://github.com/samn/json-stable-stringify/issues,"as detected from PackageJson property ""bugs.url""",https://registry.npmjs.org/json-stable-stringify-without-jsonify/-/json-stable-stringify-without-jsonify-1.0.1.tgz,"as detected from npm-ls property ""resolved""",,,mail@substack.net,active,Active in npm registry,2023-06-22T16:32:42.071Z
library,levn@0.4.1,MIT,,George Zahariev,levn,0.4.1,pkg:npm/levn@0.4.1,node_modules/levn,Light ECMAScript (JavaScript) Value Notation - human written~ concise~ typed~ flexible,git://github.com/gkz/levn.git,"as detected from PackageJson property ""repository.url""",https://github.com/gkz/levn,"as detected from PackageJson property ""homepage""",https://github.com/gkz/levn/issues,"as detected from PackageJson property ""bugs.url""",https://registry.npmjs.org/levn/-/levn-0.4.1.tgz,"as detected from npm-ls property ""resolved""",,,z@georgezahariev.com,active,Active in npm registry,2023-06-22T16:32:51.151Z
library,prelude-ls@1.2.1,MIT,,George Zahariev,prelude-ls,1.2.1,pkg:npm/prelude-ls@1.2.1,node_modules/prelude-ls,prelude.ls is a functionally oriented utility library. It is powerful and flexible. Almost all of its functions are curried. It is written in~ and is the recommended base library for~ LiveScript.,git://github.com/gkz/prelude-ls.git,"as detected from PackageJson property ""repository.url""",http://preludels.com,"as detected from PackageJson property ""homepage""",https://github.com/gkz/prelude-ls/issues,"as detected from PackageJson property ""bugs.url""",https://registry.npmjs.org/prelude-ls/-/prelude-ls-1.2.1.tgz,"as detected from npm-ls property ""resolved""",,,z@georgezahariev.com,active,Active in npm registry,2023-06-22T16:33:37.138Z
library,type-check@0.4.0,MIT,,George Zahariev,type-check,0.4.0,pkg:npm/type-check@0.4.0,node_modules/type-check,type-check allows you to check the types of JavaScript values at runtime with a Haskell like type syntax.,git://github.com/gkz/type-check.git,"as detected from PackageJson property ""repository.url""",https://github.com/gkz/type-check,"as detected from PackageJson property ""homepage""",https://github.com/gkz/type-check/issues,"as detected from PackageJson property ""bugs.url""",https://registry.npmjs.org/type-check/-/type-check-0.4.0.tgz,"as detected from npm-ls property ""resolved""",,,z@georgezahariev.com,active,Active in npm registry,2023-06-22T16:33:59.902Z
library,natural-compare@1.4.0,MIT,,Lauri Rooden,natural-compare,1.4.0,pkg:npm/natural-compare@1.4.0?vcs_url=git%3A%2F%2Fgithub.com%2Flitejs%2Fnatural-compare-lite.git,node_modules/natural-compare,Compare strings containing a mix of letters and numbers in the way a human being would in sort order.,git://github.com/litejs/natural-compare-lite.git,"as detected from PackageJson property ""repository.url""",https://github.com/litejs/natural-compare-lite#readme,"as detected from PackageJson property ""homepage""",https://github.com/litejs/natural-compare-lite/issues,"as detected from PackageJson property ""bugs.url""",,,,,,active,Active in npm registry,2023-06-22T16:33:03.092Z
library,optionator@0.9.4,MIT,,George Zahariev,optionator,0.9.4,pkg:npm/optionator@0.9.4,node_modules/optionator,option parsing and help generation,git://github.com/gkz/optionator.git,"as detected from PackageJson property ""repository.url""",https://github.com/gkz/optionator,"as detected from PackageJson property ""homepage""",https://github.com/gkz/optionator/issues,"as detected from PackageJson property ""bugs.url""",https://registry.npmjs.org/optionator/-/optionator-0.9.4.tgz,"as detected from npm-ls property ""resolved""",,,z@georgezahariev.com,active,Active in npm registry,2024-04-26T22:17:51.588Z
library,deep-is@0.1.4,MIT,,Thorsten Lorenz,deep-is,0.1.4,pkg:npm/deep-is@0.1.4,node_modules/deep-is,node's assert.deepEqual algorithm except for NaN being equal to NaN,git+ssh://git@github.com/thlorenz/deep-is.git,"as detected from PackageJson property ""repository.url""",https://github.com/thlorenz/deep-is#readme,"as detected from PackageJson property ""homepage""",https://github.com/thlorenz/deep-is/issues,"as detected from PackageJson property ""bugs.url""",https://registry.npmjs.org/deep-is/-/deep-is-0.1.4.tgz,"as detected from npm-ls property ""resolved""",,,thlorenz@gmx.de,active,Active in npm registry,2023-06-22T16:31:40.169Z
library,fast-levenshtein@2.0.6,MIT,,Ramesh Nair,fast-levenshtein,2.0.6,pkg:npm/fast-levenshtein@2.0.6,node_modules/fast-levenshtein,Efficient implementation of Levenshtein algorithm  with locale-specific collator support.,git+https://github.com/hiddentao/fast-levenshtein.git,"as detected from PackageJson property ""repository.url""",https://github.com/hiddentao/fast-levenshtein#readme,"as detected from PackageJson property ""homepage""",https://github.com/hiddentao/fast-levenshtein/issues,"as detected from PackageJson property ""bugs.url""",https://registry.npmjs.org/fast-levenshtein/-/fast-levenshtein-2.0.6.tgz,"as detected from npm-ls property ""resolved""",,,ram@hiddentao.com,active,Active in npm registry,2024-11-04T19:13:47.279Z
library,word-wrap@1.2.5,MIT,,Jon Schlinkert,word-wrap,1.2.5,pkg:npm/word-wrap@1.2.5,node_modules/word-wrap,Wrap words to a specified length.,git+https://github.com/jonschlinkert/word-wrap.git,"as detected from PackageJson property ""repository.url""",https://github.com/jonschlinkert/word-wrap,"as detected from PackageJson property ""homepage""",https://github.com/jonschlinkert/word-wrap/issues,"as detected from PackageJson property ""bugs.url""",https://registry.npmjs.org/word-wrap/-/word-wrap-1.2.5.tgz,"as detected from npm-ls property ""resolved""",,,,active,Active in npm registry,2023-07-22T14:37:38.953Z
library,text-table@0.2.0,MIT,,James Halliday,text-table,0.2.0,pkg:npm/text-table@0.2.0,node_modules/text-table,borderless text tables with alignment,git://github.com/substack/text-table.git,"as detected from PackageJson property ""repository.url""",https://github.com/substack/text-table,"as detected from PackageJson property ""homepage""",https://github.com/substack/text-table/issues,"as detected from PackageJson property ""bugs.url""",https://registry.npmjs.org/text-table/-/text-table-0.2.0.tgz,"as detected from npm-ls property ""resolved""",,,mail@substack.net,active,Active in npm registry,2023-03-08T01:53:50.566Z
library,ignore@7.0.9,MIT,,kael,ignore,7.0.9,pkg:npm/ignore@7.0.9,node_modules/ignore,Ignore is a manager and filter for .gitignore rules~ the one used by eslint~ gitbook and many others.,git+https://github.com/kaelzhang/node-ignore.git,"as detected from PackageJson property ""repository.url""",https://github.com/kaelzhang/node-ignore#readme,"as detected from PackageJson property ""homepage""",https://github.com/kaelzhang/node-ignore/issues,"as detected from PackageJson property ""bugs.url""",https://registry.npmjs.org/ignore/-/ignore-7.0.9.tgz,"as detected from npm-ls property ""resolved""",,,,active,Active in npm registry,2026-09-08T13:06:01.510Z
library,@typescript-eslint/project-service@8.70.0,MIT,@typescript-eslint,,project-service,8.70.0,pkg:npm/%40typescript-eslint/project-service@8.70.0#packages/project-service,node_modules/@typescript-eslint/project-service,Standalone TypeScript project service wrapper for linting.,git+https://github.com/typescript-eslint/typescript-eslint.git#packages/project-service,"as detected from PackageJson property ""repository.url"" and ""repository.directory""",https://typescript-eslint.io,"as detected from PackageJson property ""homepage""",https://github.com/typescript-eslint/typescript-eslint/issues,"as detected from PackageJson property ""bugs.url""",https://registry.npmjs.org/@typescript-eslint/project-service/-/project-service-8.70.0.tgz,"as detected from npm-ls property ""resolved""",,,,active,Active in npm registry,2026-09-15T18:42:28.378Z
library,@typescript-eslint/tsconfig-utils@8.70.0,MIT,@typescript-eslint,,tsconfig-utils,8.70.0,pkg:npm/%40typescript-eslint/tsconfig-utils@8.70.0?vcs_url=git%2Bhttps%3A%2F%2Fgithub.com%2Ftypescript-eslint%2Ftypescript-eslint.git#packages/tsconfig-utils,node_modules/@typescript-eslint/tsconfig-utils,Utilities for collecting TSConfigs for linting scenarios.,git+https://github.com/typescript-eslint/typescript-eslint.git#packages/tsconfig-utils,"as detected from PackageJson property ""repository.url"" and ""repository.directory""",https://typescript-eslint.io,"as detected from PackageJson property ""homepage""",https://github.com/typescript-eslint/typescript-eslint/issues,"as detected from PackageJson property ""bugs.url""",,,,,,active,Active in npm registry,2026-09-15T18:41:52.038Z
library,tinyglobby@0.2.17,MIT,,Superchupu,tinyglobby,0.2.17,pkg:npm/tinyglobby@0.2.17,node_modules/tinyglobby,A fast and minimal alternative to globby and fast-glob,git+https://github.com/SuperchupuDev/tinyglobby.git,"as detected from PackageJson property ""repository.url""",https://superchupu.dev/tinyglobby,"as detected from PackageJson property ""homepage""",https://github.com/SuperchupuDev/tinyglobby/issues,"as detected from PackageJson property ""bugs.url""",https://registry.npmjs.org/tinyglobby/-/tinyglobby-0.2.17.tgz,"as detected from npm-ls property ""resolved""",,,,active,Active in npm registry,2026-05-30T19:57:22.038Z
library,tinyglobby@0.2.17|fdir@6.5.0,MIT,,thecodrr,fdir,6.5.0,pkg:npm/fdir@6.5.0,node_modules/tinyglobby/node_modules/fdir,The fastest directory crawler & globbing alternative to glob~ fast-glob~ & tiny-glob. Crawls 1m files in < 1s,git+https://github.com/thecodrr/fdir.git,"as detected from PackageJson property ""repository.url""",https://github.com/thecodrr/fdir#readme,"as detected from PackageJson property ""homepage""",https://github.com/thecodrr/fdir/issues,"as detected from PackageJson property ""bugs.url""",https://registry.npmjs.org/fdir/-/fdir-6.5.0.tgz,"as detected from npm-ls property ""resolved""",,,thecodrr@protonmail.com,active,Active in npm registry,2025-08-14T16:56:04.110Z
library,tinyglobby@0.2.17|picomatch@4.0.7,MIT,,Jon Schlinkert,picomatch,4.0.7,pkg:npm/picomatch@4.0.7?vcs_url=git%2Bhttps%3A%2F%2Fgithub.com%2Fmicromatch%2Fpicomatch.git,node_modules/tinyglobby/node_modules/picomatch,Blazing fast and accurate glob matcher written in JavaScript~ with no dependencies and full support for standard and extended Bash glob features~ including braces~ extglobs~ POSIX brackets~ and regular expressions.,git+https://github.com/micromatch/picomatch.git,"as detected from PackageJson property ""repository.url""",https://github.com/micromatch/picomatch,"as detected from PackageJson property ""homepage""",https://github.com/micromatch/picomatch/issues,"as detected from PackageJson property ""bugs.url""",,,,,,active,Active in npm registry,2026-08-24T14:36:23.879Z
library,retry@0.13.1,MIT,,Tim Koschützki,retry,0.13.1,pkg:npm/retry@0.13.1,node_modules/retry,Abstraction for exponential and custom retry strategies for failed operations.,git://github.com/tim-kos/node-retry.git,"as detected from PackageJson property ""repository.url""",https://github.com/tim-kos/node-retry,"as detected from PackageJson property ""homepage""",https://github.com/tim-kos/node-retry/issues,"as detected from PackageJson property ""bugs.url""",https://registry.npmjs.org/retry/-/retry-0.13.1.tgz,"as detected from npm-ls property ""resolved""",,,tim@debuggable.com,active,Active in npm registry,2022-06-26T12:20:05.335Z
library,audit-ci@7.1.0,Apache-2.0,,,audit-ci,7.1.0,pkg:npm/audit-ci@7.1.0,node_modules/audit-ci,Audits NPM~ Yarn~ and PNPM projects in CI environments,git+ssh://git@github.com/IBM/audit-ci.git,"as detected from PackageJson property ""repository.url""",https://github.com/IBM/audit-ci,"as detected from PackageJson property ""homepage""",https://github.com/IBM/audit-ci/issues,"as detected from PackageJson property ""bugs.url""",https://registry.npmjs.org/audit-ci/-/audit-ci-7.1.0.tgz,"as detected from npm-ls property ""resolved""",,,,active,Active in npm registry,2024-07-03T18:02:15.522Z
library,path-key@3.1.1,MIT,,Sindre Sorhus,path-key,3.1.1,pkg:npm/path-key@3.1.1,node_modules/path-key,Get the PATH environment variable key cross-platform,git+https://github.com/sindresorhus/path-key.git,"as detected from PackageJson property ""repository.url""",https://github.com/sindresorhus/path-key#readme,"as detected from PackageJson property ""homepage""",https://github.com/sindresorhus/path-key/issues,"as detected from PackageJson property ""bugs.url""",https://registry.npmjs.org/path-key/-/path-key-3.1.1.tgz,"as detected from npm-ls property ""resolved""",,,sindresorhus@gmail.com,active,Active in npm registry,2023-06-17T00:09:27.470Z
library,shebang-command@2.0.0,MIT,,Kevin Mårtensson,shebang-command,2.0.0,pkg:npm/shebang-command@2.0.0,node_modules/shebang-command,Get the command from a shebang,git+https://github.com/kevva/shebang-command.git,"as detected from PackageJson property ""repository.url""",https://github.com/kevva/shebang-command#readme,"as detected from PackageJson property ""homepage""",https://github.com/kevva/shebang-command/issues,"as detected from PackageJson property ""bugs.url""",https://registry.npmjs.org/shebang-command/-/shebang-command-2.0.0.tgz,"as detected from npm-ls property ""resolved""",,,kevinmartensson@gmail.com,active,Active in npm registry,2023-06-22T16:33:55.946Z
library,shebang-regex@3.0.0,MIT,,Sindre Sorhus,shebang-regex,3.0.0,pkg:npm/shebang-regex@3.0.0,node_modules/shebang-regex,Regular expression for matching a shebang line,git+https://github.com/sindresorhus/shebang-regex.git,"as detected from PackageJson property ""repository.url""",https://github.com/sindresorhus/shebang-regex#readme,"as detected from PackageJson property ""homepage""",https://github.com/sindresorhus/shebang-regex/issues,"as detected from PackageJson property ""bugs.url""",https://registry.npmjs.org/shebang-regex/-/shebang-regex-3.0.0.tgz,"as detected from npm-ls property ""resolved""",,,sindresorhus@gmail.com,active,Active in npm registry,2023-06-16T22:40:59.596Z
library,which@2.0.2,ISC,,Isaac Z. Schlueter,which,2.0.2,pkg:npm/which@2.0.2,node_modules/which,Like which(1) unix command. Find the first instance of an executable in the PATH.,git://github.com/isaacs/node-which.git,"as detected from PackageJson property ""repository.url""",https://github.com/isaacs/node-which#readme,"as detected from PackageJson property ""homepage""",https://github.com/isaacs/node-which/issues,"as detected from PackageJson property ""bugs.url""",https://registry.npmjs.org/which/-/which-2.0.2.tgz,"as detected from npm-ls property ""resolved""",,,i@izs.me,active,Active in npm registry,2026-09-09T20:11:31.134Z
library,isexe@2.0.0,ISC,,Isaac Z. Schlueter,isexe,2.0.0,pkg:npm/isexe@2.0.0,node_modules/isexe,Minimal module to check if a file is executable.,git+https://github.com/isaacs/isexe.git,"as detected from PackageJson property ""repository.url""",https://github.com/isaacs/isexe#readme,"as detected from PackageJson property ""homepage""",https://github.com/isaacs/isexe/issues,"as detected from PackageJson property ""bugs.url""",https://registry.npmjs.org/isexe/-/isexe-2.0.0.tgz,"as detected from npm-ls property ""resolved""",,,i@izs.me,active,Active in npm registry,2026-02-09T16:28:03.058Z
library,event-stream@4.0.1,MIT,,Dominic Tarr,event-stream,4.0.1,pkg:npm/event-stream@4.0.1,node_modules/event-stream,construct pipes of streams of events,git://github.com/dominictarr/event-stream.git,"as detected from PackageJson property ""repository.url""",http://github.com/dominictarr/event-stream,"as detected from PackageJson property ""homepage""",https://github.com/dominictarr/event-stream/issues,"as detected from PackageJson property ""bugs.url""",https://registry.npmjs.org/event-stream/-/event-stream-4.0.1.tgz,"as detected from npm-ls property ""resolved""",,,dominic.tarr@gmail.com,active,Active in npm registry,2022-11-08T10:38:35.230Z
library,duplexer@0.1.2,MIT,,Raynos,duplexer,0.1.2,pkg:npm/duplexer@0.1.2?vcs_url=git%3A%2F%2Fgithub.com%2FRaynos%2Fduplexer.git,node_modules/duplexer,Creates a duplex stream,git://github.com/Raynos/duplexer.git,"as detected from PackageJson property ""repository.url""",https://github.com/Raynos/duplexer,"as detected from PackageJson property ""homepage""",https://github.com/Raynos/duplexer/issues,"as detected from PackageJson property ""bugs.url""",,,,,raynos2@gmail.com,active,Active in npm registry,2022-11-08T10:38:42.147Z
library,from@0.1.7,MIT,,Dominic Tarr,from,0.1.7,pkg:npm/from@0.1.7,node_modules/from,Easy way to make a Readable Stream,git://github.com/dominictarr/from.git,"as detected from PackageJson property ""repository.url""",https://github.com/dominictarr/from#readme,"as detected from PackageJson property ""homepage""",https://github.com/dominictarr/from/issues,"as detected from PackageJson property ""bugs.url""",https://registry.npmjs.org/from/-/from-0.1.7.tgz,"as detected from npm-ls property ""resolved""",,,dominic.tarr@gmail.com,active,Active in npm registry,2022-06-18T03:43:06.496Z
library,map-stream@0.0.7,MIT,,Dominic Tarr,map-stream,0.0.7,pkg:npm/map-stream@0.0.7,node_modules/map-stream,construct pipes of streams of events,git://github.com/dominictarr/map-stream.git,"as detected from PackageJson property ""repository.url""",http://github.com/dominictarr/map-stream,"as detected from PackageJson property ""homepage""",https://github.com/dominictarr/map-stream/issues,"as detected from PackageJson property ""bugs.url""",https://registry.npmjs.org/map-stream/-/map-stream-0.0.7.tgz,"as detected from npm-ls property ""resolved""",,,dominic.tarr@gmail.com,active,Active in npm registry,2022-06-19T15:52:46.194Z
library,pause-stream@0.0.11,,,Dominic Tarr,pause-stream,0.0.11,pkg:npm/pause-stream@0.0.11,node_modules/pause-stream,a ThroughStream that strictly buffers all readable events when paused.,git://github.com/dominictarr/pause-stream.git,"as detected from PackageJson property ""repository.url""",https://github.com/dominictarr/pause-stream#readme,"as detected from PackageJson property ""homepage""",https://github.com/dominictarr/pause-stream/issues,"as detected from PackageJson property ""bugs.url""",https://registry.npmjs.org/pause-stream/-/pause-stream-0.0.11.tgz,"as detected from npm-ls property ""resolved""",,,dominic.tarr@gmail.com,active,Active in npm registry,2022-11-08T10:38:57.078Z
library,through@2.3.8,MIT,,Dominic Tarr,through,2.3.8,pkg:npm/through@2.3.8?vcs_url=git%2Bhttps%3A%2F%2Fgithub.com%2Fdominictarr%2Fthrough.git,node_modules/through,simplified stream construction,git+https://github.com/dominictarr/through.git,"as detected from PackageJson property ""repository.url""",https://github.com/dominictarr/through,"as detected from PackageJson property ""homepage""",https://github.com/dominictarr/through/issues,"as detected from PackageJson property ""bugs.url""",,,,,dominic.tarr@gmail.com,active,Active in npm registry,2024-12-13T19:06:24.059Z
library,split@1.0.1,MIT,,Dominic Tarr,split,1.0.1,pkg:npm/split@1.0.1,node_modules/split,split a Text Stream into a Line Stream,git://github.com/dominictarr/split.git,"as detected from PackageJson property ""repository.url""",http://github.com/dominictarr/split,"as detected from PackageJson property ""homepage""",https://github.com/dominictarr/split/issues,"as detected from PackageJson property ""bugs.url""",https://registry.npmjs.org/split/-/split-1.0.1.tgz,"as detected from npm-ls property ""resolved""",,,dominic.tarr@gmail.com,active,Active in npm registry,2026-09-07T20:44:12.115Z
library,stream-combiner@0.2.2,MIT,,'Dominic Tarr',stream-combiner,0.2.2,pkg:npm/stream-combiner@0.2.2,node_modules/stream-combiner,,git://github.com/dominictarr/stream-combiner.git,"as detected from PackageJson property ""repository.url""",https://github.com/dominictarr/stream-combiner,"as detected from PackageJson property ""homepage""",https://github.com/dominictarr/stream-combiner/issues,"as detected from PackageJson property ""bugs.url""",https://registry.npmjs.org/stream-combiner/-/stream-combiner-0.2.2.tgz,"as detected from npm-ls property ""resolved""",,,dominic.tarr@gmail.com,active,Active in npm registry,2022-11-08T10:38:50.859Z
library,jju@1.4.0,MIT,,Alex Kocharin,jju,1.4.0,pkg:npm/jju@1.4.0,node_modules/jju,a set of utilities to work with JSON / JSON5 documents,git://github.com/rlidwka/jju.git,"as detected from PackageJson property ""repository.url""",http://rlidwka.github.io/jju/,"as detected from PackageJson property ""homepage""",https://github.com/rlidwka/jju/issues,"as detected from PackageJson property ""bugs.url""",https://registry.npmjs.org/jju/-/jju-1.4.0.tgz,"as detected from npm-ls property ""resolved""",,,alex@kocharin.ru,active,Active in npm registry,2022-06-19T04:31:42.957Z
library,jsonstream-next@3.0.0,,,Dominic Tarr,jsonstream-next,3.0.0,pkg:npm/jsonstream-next@3.0.0,node_modules/jsonstream-next,rawStream.pipe(JSONStream.parse()).pipe(streamOfObjects),git://github.com/contra/JSONStream.git,"as detected from PackageJson property ""repository.url""",http://github.com/contra/JSONStream,"as detected from PackageJson property ""homepage""",https://github.com/contra/JSONStream/issues,"as detected from PackageJson property ""bugs.url""",https://registry.npmjs.org/jsonstream-next/-/jsonstream-next-3.0.0.tgz,"as detected from npm-ls property ""resolved""",,,dominic.tarr@gmail.com,active,Active in npm registry,2022-05-06T23:17:59.102Z
library,jsonparse@1.3.1,MIT,,Tim Caswell,jsonparse,1.3.1,pkg:npm/jsonparse@1.3.1,node_modules/jsonparse,This is a pure-js JSON streaming parser for node.js,git+ssh://git@github.com/creationix/jsonparse.git,"as detected from PackageJson property ""repository.url""",https://github.com/creationix/jsonparse#readme,"as detected from PackageJson property ""homepage""",http://github.com/creationix/jsonparse/issues,"as detected from PackageJson property ""bugs.url""",https://registry.npmjs.org/jsonparse/-/jsonparse-1.3.1.tgz,"as detected from npm-ls property ""resolved""",,,tim@creationix.com,active,Active in npm registry,2022-11-08T10:39:34.610Z
library,through2@4.0.2,MIT,,Rod Vagg,through2,4.0.2,pkg:npm/through2@4.0.2,node_modules/through2,A tiny wrapper around Node.js streams.Transform (Streams2/3) to avoid explicit subclassing noise,git+https://github.com/rvagg/through2.git,"as detected from PackageJson property ""repository.url""",https://github.com/rvagg/through2#readme,"as detected from PackageJson property ""homepage""",https://github.com/rvagg/through2/issues,"as detected from PackageJson property ""bugs.url""",https://registry.npmjs.org/through2/-/through2-4.0.2.tgz,"as detected from npm-ls property ""resolved""",,,r@va.gg,active,Active in npm registry,2026-07-30T05:27:52.569Z
library,through2@4.0.2|readable-stream@3.6.2,MIT,,,readable-stream,3.6.2,pkg:npm/readable-stream@3.6.2,node_modules/through2/node_modules/readable-stream,Streams3~ a user-land copy of the stream library from Node.js,git://github.com/nodejs/readable-stream.git,"as detected from PackageJson property ""repository.url""",https://github.com/nodejs/readable-stream#readme,"as detected from PackageJson property ""homepage""",https://github.com/nodejs/readable-stream/issues,"as detected from PackageJson property ""bugs.url""",https://registry.npmjs.org/readable-stream/-/readable-stream-3.6.2.tgz,"as detected from npm-ls property ""resolved""",,,,active,Active in npm registry,2025-01-07T09:15:39.036Z
library,readline-transform@1.0.0,MIT,,Toshimitsu Takahashi,readline-transform,1.0.0,pkg:npm/readline-transform@1.0.0,node_modules/readline-transform,Transform stream to read line-by-line and write a string,git+https://github.com/tilfin/readline-transform.git,"as detected from PackageJson property ""repository.url""",https://github.com/tilfin/readline-transform#readme,"as detected from PackageJson property ""homepage""",https://github.com/tilfin/readline-transform/issues,"as detected from PackageJson property ""bugs.url""",https://registry.npmjs.org/readline-transform/-/readline-transform-1.0.0.tgz,"as detected from npm-ls property ""resolved""",,,,active,Active in npm registry,2025-02-07T14:16:37.173Z
library,cliui@8.0.1,ISC,,Ben Coe,cliui,8.0.1,pkg:npm/cliui@8.0.1,node_modules/cliui,easily create complex multi-column command-line-interfaces,git+https://github.com/yargs/cliui.git,"as detected from PackageJson property ""repository.url""",https://github.com/yargs/cliui#readme,"as detected from PackageJson property ""homepage""",https://github.com/yargs/cliui/issues,"as detected from PackageJson property ""bugs.url""",https://registry.npmjs.org/cliui/-/cliui-8.0.1.tgz,"as detected from npm-ls property ""resolved""",,,ben@npmjs.com,active,Active in npm registry,2025-03-17T02:36:25.675Z
library,BomRef.c0vj4l7tuj.dvaikt0tc18,MIT,,Sindre Sorhus,wrap-ansi,7.0.0,pkg:npm/wrap-ansi@7.0.0,node_modules/wrap-ansi,Wordwrap a string with ANSI escape codes,git+https://github.com/chalk/wrap-ansi.git,"as detected from PackageJson property ""repository.url""",https://github.com/chalk/wrap-ansi#readme,"as detected from PackageJson property ""homepage""",https://github.com/chalk/wrap-ansi/issues,"as detected from PackageJson property ""bugs.url""",https://registry.npmjs.org/wrap-ansi/-/wrap-ansi-7.0.0.tgz,"as detected from npm-ls property ""resolved""",,,,,,
library,escalade@3.2.0,MIT,,Luke Edwards,escalade,3.2.0,pkg:npm/escalade@3.2.0?vcs_url=git%2Bhttps%3A%2F%2Fgithub.com%2Flukeed%2Fescalade.git,node_modules/escalade,A tiny (183B to 210B) and fast utility to ascend parent directories,git+https://github.com/lukeed/escalade.git,"as detected from PackageJson property ""repository.url""",https://github.com/lukeed/escalade#readme,"as detected from PackageJson property ""homepage""",https://github.com/lukeed/escalade/issues,"as detected from PackageJson property ""bugs.url""",,,,,luke.edwards05@gmail.com,active,Active in npm registry,2024-08-29T22:59:36.901Z
library,get-caller-file@2.0.5,ISC,,Stefan Penner,get-caller-file,2.0.5,pkg:npm/get-caller-file@2.0.5,node_modules/get-caller-file,,git+https://github.com/stefanpenner/get-caller-file.git,"as detected from PackageJson property ""repository.url""",https://github.com/stefanpenner/get-caller-file#readme,"as detected from PackageJson property ""homepage""",https://github.com/stefanpenner/get-caller-file/issues,"as detected from PackageJson property ""bugs.url""",https://registry.npmjs.org/get-caller-file/-/get-caller-file-2.0.5.tgz,"as detected from npm-ls property ""resolved""",,,,active,Active in npm registry,2023-09-10T02:37:49.754Z
library,require-directory@2.1.1,MIT,,Troy Goode,require-directory,2.1.1,pkg:npm/require-directory@2.1.1,node_modules/require-directory,Recursively iterates over specified directory~ require()'ing each file~ and returning a nested hash structure containing those modules.,git://github.com/troygoode/node-require-directory.git,"as detected from PackageJson property ""repository.url""",https://github.com/troygoode/node-require-directory/,"as detected from PackageJson property ""homepage""",http://github.com/troygoode/node-require-directory/issues/,"as detected from PackageJson property ""bugs.url""",https://registry.npmjs.org/require-directory/-/require-directory-2.1.1.tgz,"as detected from npm-ls property ""resolved""",,,troygoode@gmail.com,active,Active in npm registry,2022-06-26T11:36:41.323Z
library,y18n@5.0.8,ISC,,Ben Coe,y18n,5.0.8,pkg:npm/y18n@5.0.8,node_modules/y18n,the bare-bones internationalization library used by yargs,git+https://github.com/yargs/y18n.git,"as detected from PackageJson property ""repository.url""",https://github.com/yargs/y18n,"as detected from PackageJson property ""homepage""",https://github.com/yargs/y18n/issues,"as detected from PackageJson property ""bugs.url""",https://registry.npmjs.org/y18n/-/y18n-5.0.8.tgz,"as detected from npm-ls property ""resolved""",,,bencoe@gmail.com,active,Active in npm registry,2026-08-20T21:29:24.864Z
library,blipp@4.0.2,,,Daniel Bretoi,blipp,4.0.2,pkg:npm/blipp@4.0.2,node_modules/blipp,blipp is a simple hapi plugin to display the routes table at startup,git+https://github.com/danielb2/blipp.git,"as detected from PackageJson property ""repository.url""",https://github.com/danielb2/blipp#readme,"as detected from PackageJson property ""homepage""",https://github.com/danielb2/blipp/issues,"as detected from PackageJson property ""bugs.url""",https://registry.npmjs.org/blipp/-/blipp-4.0.2.tgz,"as detected from npm-ls property ""resolved""",,,,active,Active in npm registry,2022-06-13T04:47:40.703Z
library,blipp@4.0.2|@hapi/hoek@9.3.0,BSD-3-Clause,@hapi,,hoek,9.3.0,pkg:npm/%40hapi/hoek@9.3.0,node_modules/blipp/node_modules/@hapi/hoek,General purpose node utilities,git://github.com/hapijs/hoek.git,"as detected from PackageJson property ""repository.url""",https://github.com/hapijs/hoek#readme,"as detected from PackageJson property ""homepage""",https://github.com/hapijs/hoek/issues,"as detected from PackageJson property ""bugs.url""",https://registry.npmjs.org/@hapi/hoek/-/hoek-9.3.0.tgz,"as detected from npm-ls property ""resolved""",,,,active,Active in npm registry,2026-07-31T15:25:44.042Z
library,blipp@4.0.2|joi@17.13.4,BSD-3-Clause,,,joi,17.13.4,pkg:npm/joi@17.13.4,node_modules/blipp/node_modules/joi,Object schema validation,git://github.com/hapijs/joi.git,"as detected from PackageJson property ""repository.url""",https://github.com/hapijs/joi#readme,"as detected from PackageJson property ""homepage""",https://github.com/hapijs/joi/issues,"as detected from PackageJson property ""bugs.url""",https://registry.npmjs.org/joi/-/joi-17.13.4.tgz,"as detected from npm-ls property ""resolved""",,,,active,Active in npm registry,2026-09-11T13:31:54.697Z
library,blipp@4.0.2|@hapi/topo@5.1.0,BSD-3-Clause,@hapi,,topo,5.1.0,pkg:npm/%40hapi/topo@5.1.0,node_modules/blipp/node_modules/@hapi/topo,Topological sorting with grouping support,git://github.com/hapijs/topo.git,"as detected from PackageJson property ""repository.url""",https://github.com/hapijs/topo#readme,"as detected from PackageJson property ""homepage""",https://github.com/hapijs/topo/issues,"as detected from PackageJson property ""bugs.url""",https://registry.npmjs.org/@hapi/topo/-/topo-5.1.0.tgz,"as detected from npm-ls property ""resolved""",,,,active,Active in npm registry,2026-08-02T11:03:07.451Z
library,color-convert@2.0.1,MIT,,Heather Arthur,color-convert,2.0.1,pkg:npm/color-convert@2.0.1,node_modules/color-convert,Plain color conversion functions,git+https://github.com/Qix-/color-convert.git,"as detected from PackageJson property ""repository.url""",https://github.com/Qix-/color-convert#readme,"as detected from PackageJson property ""homepage""",https://github.com/Qix-/color-convert/issues,"as detected from PackageJson property ""bugs.url""",https://registry.npmjs.org/color-convert/-/color-convert-2.0.1.tgz,"as detected from npm-ls property ""resolved""",,,fayearthur@gmail.com,active,Active in npm registry,2025-11-14T18:29:11.782Z
library,color-name@1.1.4,MIT,,DY,color-name,1.1.4,pkg:npm/color-name@1.1.4,node_modules/color-name,A list of color names and its values,git+ssh://git@github.com/colorjs/color-name.git,"as detected from PackageJson property ""repository.url""",https://github.com/colorjs/color-name,"as detected from PackageJson property ""homepage""",https://github.com/colorjs/color-name/issues,"as detected from PackageJson property ""bugs.url""",https://registry.npmjs.org/color-name/-/color-name-1.1.4.tgz,"as detected from npm-ls property ""resolved""",,,dfcreative@gmail.com,active,Active in npm registry,2026-07-22T15:38:35.650Z
library,supports-color@7.2.0,MIT,,Sindre Sorhus,supports-color,7.2.0,pkg:npm/supports-color@7.2.0,node_modules/supports-color,Detect whether a terminal supports color,git+https://github.com/chalk/supports-color.git,"as detected from PackageJson property ""repository.url""",https://github.com/chalk/supports-color#readme,"as detected from PackageJson property ""homepage""",https://github.com/chalk/supports-color/issues,"as detected from PackageJson property ""bugs.url""",https://registry.npmjs.org/supports-color/-/supports-color-7.2.0.tgz,"as detected from npm-ls property ""resolved""",,,sindresorhus@gmail.com,active,Active in npm registry,2026-07-26T15:13:36.955Z
library,has-flag@4.0.0,MIT,,Sindre Sorhus,has-flag,4.0.0,pkg:npm/has-flag@4.0.0,node_modules/has-flag,Check if argv has a specific flag,git+https://github.com/sindresorhus/has-flag.git,"as detected from PackageJson property ""repository.url""",https://github.com/sindresorhus/has-flag#readme,"as detected from PackageJson property ""homepage""",https://github.com/sindresorhus/has-flag/issues,"as detected from PackageJson property ""bugs.url""",https://registry.npmjs.org/has-flag/-/has-flag-4.0.0.tgz,"as detected from npm-ls property ""resolved""",,,sindresorhus@gmail.com,active,Active in npm registry,2023-04-17T23:19:31.649Z
library,easy-table@1.2.0,MIT,,Eldar Gabdullin,easy-table,1.2.0,pkg:npm/easy-table@1.2.0,node_modules/easy-table,Nice text table for the CLI,git+https://github.com/eldargab/easy-table.git,"as detected from PackageJson property ""repository.url""",https://github.com/eldargab/easy-table#readme,"as detected from PackageJson property ""homepage""",https://github.com/eldargab/easy-table/issues,"as detected from PackageJson property ""bugs.url""",https://registry.npmjs.org/easy-table/-/easy-table-1.2.0.tgz,"as detected from npm-ls property ""resolved""",,,eldargab@gmail.com,active,Active in npm registry,2022-06-16T03:54:28.216Z
library,wcwidth@1.0.1,MIT,,Tim Oxley,wcwidth,1.0.1,pkg:npm/wcwidth@1.0.1,node_modules/wcwidth,Port of C's wcwidth() and wcswidth(),git+https://github.com/timoxley/wcwidth.git,"as detected from PackageJson property ""repository.url""",https://github.com/timoxley/wcwidth#readme,"as detected from PackageJson property ""homepage""",https://github.com/timoxley/wcwidth/issues,"as detected from PackageJson property ""bugs.url""",https://registry.npmjs.org/wcwidth/-/wcwidth-1.0.1.tgz,"as detected from npm-ls property ""resolved""",,,,active,Active in npm registry,2022-06-28T22:23:42.749Z
library,defaults@1.0.4,MIT,,Elijah Insua,defaults,1.0.4,pkg:npm/defaults@1.0.4,node_modules/defaults,merge single level defaults over a config object,git://github.com/sindresorhus/node-defaults.git,"as detected from PackageJson property ""repository.url""",https://github.com/sindresorhus/node-defaults#readme,"as detected from PackageJson property ""homepage""",https://github.com/sindresorhus/node-defaults/issues,"as detected from PackageJson property ""bugs.url""",https://registry.npmjs.org/defaults/-/defaults-1.0.4.tgz,"as detected from npm-ls property ""resolved""",,,tmpvar@gmail.com,active,Active in npm registry,2023-10-18T10:12:24.273Z
library,defaults@1.0.4|clone@1.0.4,MIT,,Paul Vorbach,clone,1.0.4,pkg:npm/clone@1.0.4,node_modules/defaults/node_modules/clone,deep cloning of objects and arrays,git://github.com/pvorb/node-clone.git,"as detected from PackageJson property ""repository.url""",https://github.com/pvorb/node-clone#readme,"as detected from PackageJson property ""homepage""",https://github.com/pvorb/node-clone/issues,"as detected from PackageJson property ""bugs.url""",https://registry.npmjs.org/clone/-/clone-1.0.4.tgz,"as detected from npm-ls property ""resolved""",,,paul@vorba.ch,active,Active in npm registry,2023-07-12T19:09:25.110Z
library,commander@15.0.0,MIT,,TJ Holowaychuk,commander,15.0.0,pkg:npm/commander@15.0.0,node_modules/commander,the complete solution for node.js command-line programs,git+https://github.com/tj/commander.js.git,"as detected from PackageJson property ""repository.url""",https://github.com/tj/commander.js#readme,"as detected from PackageJson property ""homepage""",https://github.com/tj/commander.js/issues,"as detected from PackageJson property ""bugs.url""",https://registry.npmjs.org/commander/-/commander-15.0.0.tgz,"as detected from npm-ls property ""resolved""",,,tj@vision-media.ca,active,Active in npm registry,2026-09-02T19:31:26.165Z
library,cron@4.4.0,MIT,,Brandon der Blätter,cron,4.4.0,pkg:npm/cron@4.4.0,node_modules/cron,Cron jobs for your node,git+https://github.com/kelektiv/node-cron.git,"as detected from PackageJson property ""repository.url""",https://github.com/kelektiv/node-cron#readme,"as detected from PackageJson property ""homepage""",https://github.com/kelektiv/node-cron/issues,"as detected from PackageJson property ""bugs.url""",https://registry.npmjs.org/cron/-/cron-4.4.0.tgz,"as detected from npm-ls property ""resolved""",,,https://intcreator.com/,active,Active in npm registry,2026-08-28T17:59:01.014Z
library,@types/luxon@3.7.5,MIT,@types,,luxon,3.7.5,pkg:npm/%40types/luxon@3.7.5#types/luxon,node_modules/@types/luxon,TypeScript definitions for luxon,git+https://github.com/DefinitelyTyped/DefinitelyTyped.git#types/luxon,"as detected from PackageJson property ""repository.url"" and ""repository.directory""",https://github.com/DefinitelyTyped/DefinitelyTyped/tree/master/types/luxon,"as detected from PackageJson property ""homepage""",https://github.com/DefinitelyTyped/DefinitelyTyped/issues,"as detected from PackageJson property ""bugs.url""",https://registry.npmjs.org/@types/luxon/-/luxon-3.7.5.tgz,"as detected from npm-ls property ""resolved""",,,,active,Active in npm registry,2026-08-21T19:39:35.275Z
library,luxon@3.7.2,MIT,,Isaac Cambron,luxon,3.7.2,pkg:npm/luxon@3.7.2,node_modules/luxon,Immutable date wrapper,git+https://github.com/moment/luxon.git,"as detected from PackageJson property ""repository.url""",https://github.com/moment/luxon#readme,"as detected from PackageJson property ""homepage""",https://github.com/moment/luxon/issues,"as detected from PackageJson property ""bugs.url""",https://registry.npmjs.org/luxon/-/luxon-3.7.2.tgz,"as detected from npm-ls property ""resolved""",,,,active,Active in npm registry,2025-09-05T10:14:55.998Z
library,decimal.js@10.6.0,MIT,,Michael Mclaughlin,decimal.js,10.6.0,pkg:npm/decimal.js@10.6.0,node_modules/decimal.js,An arbitrary-precision Decimal type for JavaScript.,git+https://github.com/MikeMcl/decimal.js.git,"as detected from PackageJson property ""repository.url""",https://github.com/MikeMcl/decimal.js#readme,"as detected from PackageJson property ""homepage""",https://github.com/MikeMcl/decimal.js/issues,"as detected from PackageJson property ""bugs.url""",https://registry.npmjs.org/decimal.js/-/decimal.js-10.6.0.tgz,"as detected from npm-ls property ""resolved""",,,M8ch88l@gmail.com,active,Active in npm registry,2025-07-06T22:50:39.000Z
library,docdash@2.0.2,Apache-2.0,,Clement Moron,docdash,2.0.2,pkg:npm/docdash@2.0.2,node_modules/docdash,A clean~ responsive documentation template theme for JSDoc 3 inspired by lodash and minami,git+https://github.com/clenemt/docdash.git,"as detected from PackageJson property ""repository.url""",https://github.com/clenemt/docdash#readme,"as detected from PackageJson property ""homepage""",https://github.com/clenemt/docdash/issues,"as detected from PackageJson property ""bugs.url""",https://registry.npmjs.org/docdash/-/docdash-2.0.2.tgz,"as detected from npm-ls property ""resolved""",,,clement.moron@gmail.com,active,Active in npm registry,2023-08-30T13:22:56.283Z
library,@jsdoc/salty@0.2.12,Apache-2.0,@jsdoc,Jeff Williams,salty,0.2.12,pkg:npm/%40jsdoc/salty@0.2.12,node_modules/@jsdoc/salty,A drop-in replacement for (some of) TaffyDB.,git+https://github.com/jsdoc/jsdoc.git,"as detected from PackageJson property ""repository.url""",https://jsdoc.app/,"as detected from PackageJson property ""homepage""",https://github.com/jsdoc/jsdoc/issues,"as detected from PackageJson property ""bugs.url""",https://registry.npmjs.org/@jsdoc/salty/-/salty-0.2.12.tgz,"as detected from npm-ls property ""resolved""",,,jeffrey.l.williams@gmail.com,active,Active in npm registry,2026-04-04T17:29:03.009Z
library,ed25519@0.0.5,BSD-2-Clause,,Dave Akers,ed25519,0.0.5,pkg:npm/ed25519@0.0.5,node_modules/ed25519,An Ed25519 elliptic-curve cryptography implementation for Node.js,git+https://github.com/dazoe/ed25519.git,"as detected from PackageJson property ""repository.url""",https://github.com/dazoe/ed25519#readme,"as detected from PackageJson property ""homepage""",https://github.com/dazoe/ed25519/issues,"as detected from PackageJson property ""bugs.url""",https://registry.npmjs.org/ed25519/-/ed25519-0.0.5.tgz,"as detected from npm-ls property ""resolved""",,,,active,Active in npm registry,2025-10-16T12:50:43.072Z
library,bindings@1.5.0,MIT,,Nathan Rajlich,bindings,1.5.0,pkg:npm/bindings@1.5.0,node_modules/bindings,Helper module for loading your native module's .node file,git://github.com/TooTallNate/node-bindings.git,"as detected from PackageJson property ""repository.url""",https://github.com/TooTallNate/node-bindings,"as detected from PackageJson property ""homepage""",https://github.com/TooTallNate/node-bindings/issues,"as detected from PackageJson property ""bugs.url""",https://registry.npmjs.org/bindings/-/bindings-1.5.0.tgz,"as detected from npm-ls property ""resolved""",,,nathan@tootallnate.net,active,Active in npm registry,2023-07-10T23:17:17.195Z
library,file-uri-to-path@1.0.0,MIT,,Nathan Rajlich,file-uri-to-path,1.0.0,pkg:npm/file-uri-to-path@1.0.0,node_modules/file-uri-to-path,Convert a file: URI to a file path,git://github.com/TooTallNate/file-uri-to-path.git,"as detected from PackageJson property ""repository.url""",https://github.com/TooTallNate/file-uri-to-path,"as detected from PackageJson property ""homepage""",https://github.com/TooTallNate/file-uri-to-path/issues,"as detected from PackageJson property ""bugs.url""",https://registry.npmjs.org/file-uri-to-path/-/file-uri-to-path-1.0.0.tgz,"as detected from npm-ls property ""resolved""",,,nathan@tootallnate.net,active,Active in npm registry,2023-07-10T23:17:21.711Z
library,nan@2.29.0,MIT,,,nan,2.29.0,pkg:npm/nan@2.29.0,node_modules/nan,Native Abstractions for Node.js: C++ header for Node 0.8 -> 26 compatibility,git://github.com/nodejs/nan.git,"as detected from PackageJson property ""repository.url""",https://github.com/nodejs/nan#readme,"as detected from PackageJson property ""homepage""",https://github.com/nodejs/nan/issues,"as detected from PackageJson property ""bugs.url""",https://registry.npmjs.org/nan/-/nan-2.29.0.tgz,"as detected from npm-ls property ""resolved""",,,,active,Active in npm registry,2026-09-14T09:58:31.069Z
library,get-port@7.2.0,MIT,,Sindre Sorhus,get-port,7.2.0,pkg:npm/get-port@7.2.0,node_modules/get-port,Get an available port,git+https://github.com/sindresorhus/get-port.git,"as detected from PackageJson property ""repository.url""",https://github.com/sindresorhus/get-port#readme,"as detected from PackageJson property ""homepage""",https://github.com/sindresorhus/get-port/issues,"as detected from PackageJson property ""bugs.url""",https://registry.npmjs.org/get-port/-/get-port-7.2.0.tgz,"as detected from npm-ls property ""resolved""",,,sindresorhus@gmail.com,active,Active in npm registry,2026-03-22T05:52:49.194Z
library,hapi-auth-bearer-token@8.0.0,MIT,,John Brett,hapi-auth-bearer-token,8.0.0,pkg:npm/hapi-auth-bearer-token@8.0.0,node_modules/hapi-auth-bearer-token,Simple Bearer authentication scheme plugin for hapi~ accepts token by Header~ Cookie or Query parameter.,git://github.com/johnbrett/hapi-auth-bearer-token.git,"as detected from PackageJson property ""repository.url""",https://github.com/johnbrett/hapi-auth-bearer-token,"as detected from PackageJson property ""homepage""",https://github.com/johnbrett/hapi-auth-bearer-token/issues,"as detected from PackageJson property ""bugs.url""",https://registry.npmjs.org/hapi-auth-bearer-token/-/hapi-auth-bearer-token-8.0.0.tgz,"as detected from npm-ls property ""resolved""",,,johnbrett7@gmail.com,active,Active in npm registry,2022-06-18T19:00:50.318Z
library,hapi-auth-bearer-token@8.0.0|@hapi/hoek@9.3.0,BSD-3-Clause,@hapi,,hoek,9.3.0,pkg:npm/%40hapi/hoek@9.3.0,node_modules/hapi-auth-bearer-token/node_modules/@hapi/hoek,General purpose node utilities,git://github.com/hapijs/hoek.git,"as detected from PackageJson property ""repository.url""",https://github.com/hapijs/hoek#readme,"as detected from PackageJson property ""homepage""",https://github.com/hapijs/hoek/issues,"as detected from PackageJson property ""bugs.url""",https://registry.npmjs.org/@hapi/hoek/-/hoek-9.3.0.tgz,"as detected from npm-ls property ""resolved""",,,,active,Active in npm registry,2026-07-31T15:25:44.042Z
library,hapi-swagger@17.3.2,MIT,,Glenn Jones,hapi-swagger,17.3.2,pkg:npm/hapi-swagger@17.3.2,node_modules/hapi-swagger,A swagger documentation UI generator plugin for hapi,git://github.com/hapi-swagger/hapi-swagger.git,"as detected from PackageJson property ""repository.url""",https://github.com/hapi-swagger/hapi-swagger#readme,"as detected from PackageJson property ""homepage""",https://github.com/hapi-swagger/hapi-swagger/issues,"as detected from PackageJson property ""bugs.url""",https://registry.npmjs.org/hapi-swagger/-/hapi-swagger-17.3.2.tgz,"as detected from npm-ls property ""resolved""",,,,active,Active in npm registry,2024-12-10T03:09:21.112Z
library,hapi-swagger@17.3.2|@apidevtools/json-schema-ref-parser@11.9.3,MIT,@apidevtools,James Messinger,json-schema-ref-parser,11.9.3,pkg:npm/%40apidevtools/json-schema-ref-parser@11.9.3,node_modules/hapi-swagger/node_modules/@apidevtools/json-schema-ref-parser,Parse~ Resolve~ and Dereference JSON Schema $ref pointers,git+https://github.com/APIDevTools/json-schema-ref-parser.git,"as detected from PackageJson property ""repository.url""",https://apitools.dev/json-schema-ref-parser/,"as detected from PackageJson property ""homepage""",https://github.com/APIDevTools/json-schema-ref-parser/issues,"as detected from PackageJson property ""bugs.url""",https://registry.npmjs.org/@apidevtools/json-schema-ref-parser/-/json-schema-ref-parser-11.9.3.tgz,"as detected from npm-ls property ""resolved""",,,,active,Active in npm registry,2026-09-06T02:39:03.172Z
library,handlebars@4.7.9,MIT,,Yehuda Katz,handlebars,4.7.9,pkg:npm/handlebars@4.7.9,node_modules/handlebars,Handlebars provides the power necessary to let you build semantic templates effectively with no frustration,git+https://github.com/handlebars-lang/handlebars.js.git,"as detected from PackageJson property ""repository.url""",https://handlebarsjs.com/,"as detected from PackageJson property ""homepage""",https://github.com/handlebars-lang/handlebars.js/issues,"as detected from PackageJson property ""bugs.url""",https://registry.npmjs.org/handlebars/-/handlebars-4.7.9.tgz,"as detected from npm-ls property ""resolved""",,,,active,Active in npm registry,2026-03-26T20:46:39.378Z
library,minimist@1.2.8,MIT,,James Halliday,minimist,1.2.8,pkg:npm/minimist@1.2.8?vcs_url=git%3A%2F%2Fgithub.com%2Fminimistjs%2Fminimist.git,node_modules/minimist,parse argument options,git://github.com/minimistjs/minimist.git,"as detected from PackageJson property ""repository.url""",https://github.com/minimistjs/minimist,"as detected from PackageJson property ""homepage""",https://github.com/minimistjs/minimist/issues,"as detected from PackageJson property ""bugs.url""",,,,,mail@substack.net,active,Active in npm registry,2026-03-06T07:15:54.567Z
library,neo-async@2.6.2,MIT,,,neo-async,2.6.2,pkg:npm/neo-async@2.6.2,node_modules/neo-async,Neo-Async is a drop-in replacement for Async~ it almost fully covers its functionality and runs faster ,git+ssh://git@github.com/suguru03/neo-async.git,"as detected from PackageJson property ""repository.url""",https://github.com/suguru03/neo-async,"as detected from PackageJson property ""homepage""",https://github.com/suguru03/neo-async/issues,"as detected from PackageJson property ""bugs.url""",https://registry.npmjs.org/neo-async/-/neo-async-2.6.2.tgz,"as detected from npm-ls property ""resolved""",,,,active,Active in npm registry,2022-06-21T00:04:10.222Z
library,source-map@0.6.1,BSD-3-Clause,,Nick Fitzgerald,source-map,0.6.1,pkg:npm/source-map@0.6.1,node_modules/source-map,Generates and consumes source maps,git+ssh://git@github.com/mozilla/source-map.git,"as detected from PackageJson property ""repository.url""",https://github.com/mozilla/source-map,"as detected from PackageJson property ""homepage""",https://github.com/mozilla/source-map/issues,"as detected from PackageJson property ""bugs.url""",https://registry.npmjs.org/source-map/-/source-map-0.6.1.tgz,"as detected from npm-ls property ""resolved""",,,nfitzgerald@mozilla.com,active,Active in npm registry,2026-07-20T05:45:26.385Z
library,uglify-js@3.19.3,BSD-2-Clause,,Mihai Bazon,uglify-js,3.19.3,pkg:npm/uglify-js@3.19.3,node_modules/uglify-js,JavaScript parser~ mangler/compressor and beautifier toolkit,git+https://github.com/mishoo/UglifyJS.git,"as detected from PackageJson property ""repository.url""",https://github.com/mishoo/UglifyJS#readme,"as detected from PackageJson property ""homepage""",https://github.com/mishoo/UglifyJS/issues,"as detected from PackageJson property ""bugs.url""",https://registry.npmjs.org/uglify-js/-/uglify-js-3.19.3.tgz,"as detected from npm-ls property ""resolved""",,,mihai.bazon@gmail.com,active,Active in npm registry,2026-05-26T18:21:37.036Z
library,wordwrap@1.0.0,MIT,,James Halliday,wordwrap,1.0.0,pkg:npm/wordwrap@1.0.0,node_modules/wordwrap,Wrap those words. Show them at what columns to start and stop.,git://github.com/substack/node-wordwrap.git,"as detected from PackageJson property ""repository.url""",https://github.com/substack/node-wordwrap#readme,"as detected from PackageJson property ""homepage""",https://github.com/substack/node-wordwrap/issues,"as detected from PackageJson property ""bugs.url""",https://registry.npmjs.org/wordwrap/-/wordwrap-1.0.0.tgz,"as detected from npm-ls property ""resolved""",,,mail@substack.net,active,Active in npm registry,2023-07-10T23:18:54.232Z
library,http-status@1.8.1,BSD-3-Clause,,David Worms,http-status,1.8.1,pkg:npm/http-status@1.8.1,node_modules/http-status,Interact with HTTP status code,git+https://github.com/adaltas/node-http-status.git,"as detected from PackageJson property ""repository.url""",https://github.com/adaltas/node-http-status,"as detected from PackageJson property ""homepage""",http://github.com/adaltas/node-http-status/issues,"as detected from PackageJson property ""bugs.url""",https://registry.npmjs.org/http-status/-/http-status-1.8.1.tgz,"as detected from npm-ls property ""resolved""",,,david@adaltas.com,active,Active in npm registry,2025-01-10T00:55:24.873Z
library,lodash.get@4.4.2,MIT,,John-David Dalton,lodash.get,4.4.2,pkg:npm/lodash.get@4.4.2,node_modules/lodash.get,The lodash method `_.get` exported as a module.,git+https://github.com/lodash/lodash.git,"as detected from PackageJson property ""repository.url""",https://lodash.com/,"as detected from PackageJson property ""homepage""",https://github.com/lodash/lodash/issues,"as detected from PackageJson property ""bugs.url""",https://registry.npmjs.org/lodash.get/-/lodash.get-4.4.2.tgz,"as detected from npm-ls property ""resolved""",,,john.david.dalton@gmail.com,deprecated,This package is deprecated. Use the optional chaining (?.) operator instead.,2025-01-23T20:12:59.749Z
library,lodash.isequal@4.5.0,MIT,,John-David Dalton,lodash.isequal,4.5.0,pkg:npm/lodash.isequal@4.5.0,node_modules/lodash.isequal,The Lodash method `_.isEqual` exported as a module.,git+https://github.com/lodash/lodash.git,"as detected from PackageJson property ""repository.url""",https://lodash.com/,"as detected from PackageJson property ""homepage""",https://github.com/lodash/lodash/issues,"as detected from PackageJson property ""bugs.url""",https://registry.npmjs.org/lodash.isequal/-/lodash.isequal-4.5.0.tgz,"as detected from npm-ls property ""resolved""",,,john.david.dalton@gmail.com,deprecated,This package is deprecated. Use require('node:util').isDeepStrictEqual instead.,2025-01-23T20:09:41.699Z
library,validator@13.15.22,MIT,,Chris O'Hara,validator,13.15.22,pkg:npm/validator@13.15.22,node_modules/validator,String validation and sanitization,git+https://github.com/validatorjs/validator.js.git,"as detected from PackageJson property ""repository.url""",https://github.com/validatorjs/validator.js,"as detected from PackageJson property ""homepage""",https://github.com/validatorjs/validator.js/issues,"as detected from PackageJson property ""bugs.url""",https://registry.npmjs.org/validator/-/validator-13.15.22.tgz,"as detected from npm-ls property ""resolved""",,,cohara87@gmail.com,active,Active in npm registry,2026-04-02T19:45:30.952Z
library,swagger-ui-dist@5.32.15,Apache-2.0,,,swagger-ui-dist,5.32.15,pkg:npm/swagger-ui-dist@5.32.15,node_modules/swagger-ui-dist,,git+ssh://git@github.com/swagger-api/swagger-ui.git,"as detected from PackageJson property ""repository.url""",https://github.com/swagger-api/swagger-ui#readme,"as detected from PackageJson property ""homepage""",https://github.com/swagger-api/swagger-ui/issues,"as detected from PackageJson property ""bugs.url""",https://registry.npmjs.org/swagger-ui-dist/-/swagger-ui-dist-5.32.15.tgz,"as detected from npm-ls property ""resolved""",,,,active,Active in npm registry,2026-09-16T09:23:43.780Z
library,@scarf/scarf@1.4.0,Apache-2.0,@scarf,Scarf Systems,scarf,1.4.0,pkg:npm/%40scarf/scarf@1.4.0,node_modules/@scarf/scarf,Scarf is like Google Analytics for your npm packages. Gain insights into how your packages are installed and used~ and by which companies.,git+https://github.com/scarf-sh/scarf-js.git,"as detected from PackageJson property ""repository.url""",https://github.com/scarf-sh/scarf-js,"as detected from PackageJson property ""homepage""",https://github.com/scarf-sh/scarf-js/issues,"as detected from PackageJson property ""bugs.url""",https://registry.npmjs.org/@scarf/scarf/-/scarf-1.4.0.tgz,"as detected from npm-ls property ""resolved""",,,,active,Active in npm registry,2024-12-22T16:38:55.918Z
library,ilp-packet@2.2.0,Apache-2.0,,Interledger Team,ilp-packet,2.2.0,pkg:npm/ilp-packet@2.2.0,node_modules/ilp-packet,Module for parsing and serializing ILP packets,git+https://github.com/interledgerjs/ilp-packet.git,"as detected from PackageJson property ""repository.url""",https://github.com/interledgerjs/ilp-packet#readme,"as detected from PackageJson property ""homepage""",https://github.com/interledgerjs/ilp-packet/issues,"as detected from PackageJson property ""bugs.url""",https://registry.npmjs.org/ilp-packet/-/ilp-packet-2.2.0.tgz,"as detected from npm-ls property ""resolved""",,,info@interledger.org,active,Active in npm registry,2022-09-28T14:44:19.371Z
library,ilp-packet@2.2.0|bignumber.js@5.0.0,MIT,,Michael Mclaughlin,bignumber.js,5.0.0,pkg:npm/bignumber.js@5.0.0,node_modules/ilp-packet/node_modules/bignumber.js,A library for arbitrary-precision decimal and non-decimal arithmetic,git+https://github.com/MikeMcl/bignumber.js.git,"as detected from PackageJson property ""repository.url""",https://github.com/MikeMcl/bignumber.js#readme,"as detected from PackageJson property ""homepage""",https://github.com/MikeMcl/bignumber.js/issues,"as detected from PackageJson property ""bugs.url""",https://registry.npmjs.org/bignumber.js/-/bignumber.js-5.0.0.tgz,"as detected from npm-ls property ""resolved""",,,M8ch88l@gmail.com,active,Active in npm registry,2026-07-05T15:16:46.110Z
library,ilp-packet@2.2.0|long@3.2.0,Apache-2.0,,Daniel Wirtz,long,3.2.0,pkg:npm/long@3.2.0,node_modules/ilp-packet/node_modules/long,A Long class for representing a 64-bit two's-complement integer value.,git+https://github.com/dcodeIO/long.js.git,"as detected from PackageJson property ""repository.url""",https://github.com/dcodeIO/long.js#readme,"as detected from PackageJson property ""homepage""",https://github.com/dcodeIO/long.js/issues,"as detected from PackageJson property ""bugs.url""",https://registry.npmjs.org/long/-/long-3.2.0.tgz,"as detected from npm-ls property ""resolved""",,,dcode@dcode.io,active,Active in npm registry,2025-04-17T17:32:06.239Z
library,@hapi/tlds@1.1.7,BSD-3-Clause,@hapi,,tlds,1.1.7,pkg:npm/%40hapi/tlds@1.1.7,node_modules/@hapi/tlds,TLDS list for domain validation,git://github.com/hapijs/tlds.git,"as detected from PackageJson property ""repository.url""",https://github.com/hapijs/tlds#readme,"as detected from PackageJson property ""homepage""",https://github.com/hapijs/tlds/issues,"as detected from PackageJson property ""bugs.url""",https://registry.npmjs.org/@hapi/tlds/-/tlds-1.1.7.tgz,"as detected from npm-ls property ""resolved""",,,,active,Active in npm registry,2026-09-16T09:37:43.787Z
library,jsdoc@4.0.5,Apache-2.0,,Michael Mathews,jsdoc,4.0.5,pkg:npm/jsdoc@4.0.5,node_modules/jsdoc,An API documentation generator for JavaScript.,git+https://github.com/jsdoc/jsdoc.git,"as detected from PackageJson property ""repository.url""",https://github.com/jsdoc/jsdoc#readme,"as detected from PackageJson property ""homepage""",https://github.com/jsdoc/jsdoc/issues,"as detected from PackageJson property ""bugs.url""",https://registry.npmjs.org/jsdoc/-/jsdoc-4.0.5.tgz,"as detected from npm-ls property ""resolved""",,,micmath@gmail.com,active,Active in npm registry,2025-10-08T02:59:14.856Z
library,jsdoc@4.0.5|escape-string-regexp@2.0.0,MIT,,Sindre Sorhus,escape-string-regexp,2.0.0,pkg:npm/escape-string-regexp@2.0.0,node_modules/jsdoc/node_modules/escape-string-regexp,Escape RegExp special characters,git+https://github.com/sindresorhus/escape-string-regexp.git,"as detected from PackageJson property ""repository.url""",https://github.com/sindresorhus/escape-string-regexp#readme,"as detected from PackageJson property ""homepage""",https://github.com/sindresorhus/escape-string-regexp/issues,"as detected from PackageJson property ""bugs.url""",https://registry.npmjs.org/escape-string-regexp/-/escape-string-regexp-2.0.0.tgz,"as detected from npm-ls property ""resolved""",,,sindresorhus@gmail.com,active,Active in npm registry,2023-04-25T16:42:41.472Z
library,@babel/parser@7.29.8,MIT,@babel,The Babel Team,parser,7.29.8,pkg:npm/%40babel/parser@7.29.8#packages/babel-parser,node_modules/@babel/parser,A JavaScript parser,git+https://github.com/babel/babel.git#packages/babel-parser,"as detected from PackageJson property ""repository.url"" and ""repository.directory""",https://babel.dev/docs/en/next/babel-parser,"as detected from PackageJson property ""homepage""",https://github.com/babel/babel/issues?utf8=%E2%9C%93&q=is%3Aissue+label%3A%22pkg%3A+parser+%28babylon%29%22+is%3Aopen,"as detected from PackageJson property ""bugs.url""",https://registry.npmjs.org/@babel/parser/-/parser-7.29.8.tgz,"as detected from npm-ls property ""resolved""",,,,active,Active in npm registry,2026-09-10T21:12:39.878Z
library,@babel/types@7.29.8,MIT,@babel,The Babel Team,types,7.29.8,pkg:npm/%40babel/types@7.29.8#packages/babel-types,node_modules/@babel/types,Babel Types is a Lodash-esque utility library for AST nodes,git+https://github.com/babel/babel.git#packages/babel-types,"as detected from PackageJson property ""repository.url"" and ""repository.directory""",https://babel.dev/docs/en/next/babel-types,"as detected from PackageJson property ""homepage""",https://github.com/babel/babel/issues?utf8=%E2%9C%93&q=is%3Aissue+label%3A%22pkg%3A%20types%22+is%3Aopen,"as detected from PackageJson property ""bugs.url""",https://registry.npmjs.org/@babel/types/-/types-7.29.8.tgz,"as detected from npm-ls property ""resolved""",,,,active,Active in npm registry,2026-09-10T21:12:34.492Z
library,@babel/helper-string-parser@7.29.7,MIT,@babel,The Babel Team,helper-string-parser,7.29.7,pkg:npm/%40babel/helper-string-parser@7.29.7#packages/babel-helper-string-parser,node_modules/@babel/helper-string-parser,A utility package to parse strings,git+https://github.com/babel/babel.git#packages/babel-helper-string-parser,"as detected from PackageJson property ""repository.url"" and ""repository.directory""",https://babel.dev/docs/en/next/babel-helper-string-parser,"as detected from PackageJson property ""homepage""",https://github.com/babel/babel/issues,"as detected from PackageJson property ""bugs.url""",https://registry.npmjs.org/@babel/helper-string-parser/-/helper-string-parser-7.29.7.tgz,"as detected from npm-ls property ""resolved""",,,,active,Active in npm registry,2026-06-16T13:58:47.588Z
library,@babel/helper-validator-identifier@7.29.7,MIT,@babel,The Babel Team,helper-validator-identifier,7.29.7,pkg:npm/%40babel/helper-validator-identifier@7.29.7#packages/babel-helper-validator-identifier,node_modules/@babel/helper-validator-identifier,Validate identifier/keywords name,git+https://github.com/babel/babel.git#packages/babel-helper-validator-identifier,"as detected from PackageJson property ""repository.url"" and ""repository.directory""",https://github.com/babel/babel#readme,"as detected from PackageJson property ""homepage""",https://github.com/babel/babel/issues,"as detected from PackageJson property ""bugs.url""",https://registry.npmjs.org/@babel/helper-validator-identifier/-/helper-validator-identifier-7.29.7.tgz,"as detected from npm-ls property ""resolved""",,,,active,Active in npm registry,2026-07-09T08:49:41.064Z
library,@types/markdown-it@14.2.0,MIT,@types,,markdown-it,14.2.0,pkg:npm/%40types/markdown-it@14.2.0#types/markdown-it,node_modules/@types/markdown-it,TypeScript definitions for markdown-it,git+https://github.com/DefinitelyTyped/DefinitelyTyped.git#types/markdown-it,"as detected from PackageJson property ""repository.url"" and ""repository.directory""",https://github.com/DefinitelyTyped/DefinitelyTyped/tree/master/types/markdown-it,"as detected from PackageJson property ""homepage""",https://github.com/DefinitelyTyped/DefinitelyTyped/issues,"as detected from PackageJson property ""bugs.url""",https://registry.npmjs.org/@types/markdown-it/-/markdown-it-14.2.0.tgz,"as detected from npm-ls property ""resolved""",,,,active,Active in npm registry,2026-08-17T23:40:17.693Z
library,@types/linkify-it@5.0.0,MIT,@types,,linkify-it,5.0.0,pkg:npm/%40types/linkify-it@5.0.0#types/linkify-it,node_modules/@types/linkify-it,TypeScript definitions for linkify-it,git+https://github.com/DefinitelyTyped/DefinitelyTyped.git#types/linkify-it,"as detected from PackageJson property ""repository.url"" and ""repository.directory""",https://github.com/DefinitelyTyped/DefinitelyTyped/tree/master/types/linkify-it,"as detected from PackageJson property ""homepage""",https://github.com/DefinitelyTyped/DefinitelyTyped/issues,"as detected from PackageJson property ""bugs.url""",https://registry.npmjs.org/@types/linkify-it/-/linkify-it-5.0.0.tgz,"as detected from npm-ls property ""resolved""",,,,active,Active in npm registry,2025-08-03T07:11:19.571Z
library,@types/mdurl@2.0.0,MIT,@types,,mdurl,2.0.0,pkg:npm/%40types/mdurl@2.0.0#types/mdurl,node_modules/@types/mdurl,TypeScript definitions for mdurl,git+https://github.com/DefinitelyTyped/DefinitelyTyped.git#types/mdurl,"as detected from PackageJson property ""repository.url"" and ""repository.directory""",https://github.com/DefinitelyTyped/DefinitelyTyped/tree/master/types/mdurl,"as detected from PackageJson property ""homepage""",https://github.com/DefinitelyTyped/DefinitelyTyped/issues,"as detected from PackageJson property ""bugs.url""",https://registry.npmjs.org/@types/mdurl/-/mdurl-2.0.0.tgz,"as detected from npm-ls property ""resolved""",,,,active,Active in npm registry,2025-08-03T07:17:26.450Z
library,bluebird@3.7.2,MIT,,Petka Antonov,bluebird,3.7.2,pkg:npm/bluebird@3.7.2,node_modules/bluebird,Full featured Promises/A+ implementation with exceptionally good performance,git://github.com/petkaantonov/bluebird.git,"as detected from PackageJson property ""repository.url""",https://github.com/petkaantonov/bluebird,"as detected from PackageJson property ""homepage""",http://github.com/petkaantonov/bluebird/issues,"as detected from PackageJson property ""bugs.url""",https://registry.npmjs.org/bluebird/-/bluebird-3.7.2.tgz,"as detected from npm-ls property ""resolved""",,,petka_antonov@hotmail.com,active,Active in npm registry,2026-06-29T08:59:56.953Z
library,catharsis@0.9.0,MIT,,Jeff Williams,catharsis,0.9.0,pkg:npm/catharsis@0.9.0,node_modules/catharsis,A JavaScript parser for Google Closure Compiler and JSDoc type expressions.,git+https://github.com/hegemonic/catharsis.git,"as detected from PackageJson property ""repository.url""",https://github.com/hegemonic/catharsis#readme,"as detected from PackageJson property ""homepage""",https://github.com/hegemonic/catharsis/issues,"as detected from PackageJson property ""bugs.url""",https://registry.npmjs.org/catharsis/-/catharsis-0.9.0.tgz,"as detected from npm-ls property ""resolved""",,,jeffrey.l.williams@gmail.com,active,Active in npm registry,2024-12-30T00:35:56.146Z
library,js2xmlparser@4.0.2,Apache-2.0,,Michael Kourlas,js2xmlparser,4.0.2,pkg:npm/js2xmlparser@4.0.2,node_modules/js2xmlparser,Parses JavaScript objects into XML,git://github.com/michaelkourlas/node-js2xmlparser.git,"as detected from PackageJson property ""repository.url""",https://github.com/michaelkourlas/node-js2xmlparser#readme,"as detected from PackageJson property ""homepage""",https://github.com/michaelkourlas/node-js2xmlparser/issues,"as detected from PackageJson property ""bugs.url""",https://registry.npmjs.org/js2xmlparser/-/js2xmlparser-4.0.2.tgz,"as detected from npm-ls property ""resolved""",,,michael@kourlas.com,active,Active in npm registry,2023-04-25T16:42:43.340Z
library,xmlcreate@2.0.4,Apache-2.0,,Michael Kourlas,xmlcreate,2.0.4,pkg:npm/xmlcreate@2.0.4,node_modules/xmlcreate,Simple XML builder for Node.js,git://github.com/michaelkourlas/node-xmlcreate.git,"as detected from PackageJson property ""repository.url""",https://github.com/michaelkourlas/node-xmlcreate#readme,"as detected from PackageJson property ""homepage""",https://github.com/michaelkourlas/node-xmlcreate/issues,"as detected from PackageJson property ""bugs.url""",https://registry.npmjs.org/xmlcreate/-/xmlcreate-2.0.4.tgz,"as detected from npm-ls property ""resolved""",,,michael@kourlas.com,active,Active in npm registry,2022-06-29T05:40:16.427Z
library,klaw@3.0.0,MIT,,JP Richardson,klaw,3.0.0,pkg:npm/klaw@3.0.0,node_modules/klaw,File system walker with Readable stream interface.,git+https://github.com/jprichardson/node-klaw.git,"as detected from PackageJson property ""repository.url""",https://github.com/jprichardson/node-klaw#readme,"as detected from PackageJson property ""homepage""",https://github.com/jprichardson/node-klaw/issues,"as detected from PackageJson property ""bugs.url""",https://registry.npmjs.org/klaw/-/klaw-3.0.0.tgz,"as detected from npm-ls property ""resolved""",,,,active,Active in npm registry,2022-12-30T19:18:57.845Z
library,graceful-fs@4.2.11,ISC,,,graceful-fs,4.2.11,pkg:npm/graceful-fs@4.2.11,node_modules/graceful-fs,A drop-in replacement for fs~ making various improvements.,git+https://github.com/isaacs/node-graceful-fs.git,"as detected from PackageJson property ""repository.url""",https://github.com/isaacs/node-graceful-fs#readme,"as detected from PackageJson property ""homepage""",https://github.com/isaacs/node-graceful-fs/issues,"as detected from PackageJson property ""bugs.url""",https://registry.npmjs.org/graceful-fs/-/graceful-fs-4.2.11.tgz,"as detected from npm-ls property ""resolved""",,,,active,Active in npm registry,2023-06-09T21:32:46.823Z
library,markdown-it-anchor@8.6.7,Unlicense,,,markdown-it-anchor,8.6.7,pkg:npm/markdown-it-anchor@8.6.7,node_modules/markdown-it-anchor,Header anchors for markdown-it.,git+https://github.com/valeriangalliat/markdown-it-anchor.git,"as detected from PackageJson property ""repository.url""",https://github.com/valeriangalliat/markdown-it-anchor#readme,"as detected from PackageJson property ""homepage""",https://github.com/valeriangalliat/markdown-it-anchor/issues,"as detected from PackageJson property ""bugs.url""",https://registry.npmjs.org/markdown-it-anchor/-/markdown-it-anchor-8.6.7.tgz,"as detected from npm-ls property ""resolved""",,,,active,Active in npm registry,2026-09-05T01:57:45.097Z
library,markdown-it@14.2.0,MIT,,,markdown-it,14.2.0,pkg:npm/markdown-it@14.2.0?vcs_url=git%2Bhttps%3A%2F%2Fgithub.com%2Fmarkdown-it%2Fmarkdown-it.git,node_modules/markdown-it,Markdown-it - modern pluggable markdown parser.,git+https://github.com/markdown-it/markdown-it.git,"as detected from PackageJson property ""repository.url""",https://github.com/markdown-it/markdown-it#readme,"as detected from PackageJson property ""homepage""",https://github.com/markdown-it/markdown-it/issues,"as detected from PackageJson property ""bugs.url""",,,,,,active,Active in npm registry,2026-09-12T05:30:00.400Z
library,entities@4.5.0,BSD-2-Clause,,Felix Boehm,entities,4.5.0,pkg:npm/entities@4.5.0,node_modules/entities,Encode & decode XML and HTML entities with ease & speed,git://github.com/fb55/entities.git,"as detected from PackageJson property ""repository.url""",https://github.com/fb55/entities#readme,"as detected from PackageJson property ""homepage""",https://github.com/fb55/entities/issues,"as detected from PackageJson property ""bugs.url""",https://registry.npmjs.org/entities/-/entities-4.5.0.tgz,"as detected from npm-ls property ""resolved""",,,me@feedic.com,active,Active in npm registry,2026-09-07T22:42:05.304Z
library,linkify-it@5.0.2,MIT,,,linkify-it,5.0.2,pkg:npm/linkify-it@5.0.2,node_modules/linkify-it,Links recognition library with FULL unicode support,git+https://github.com/markdown-it/linkify-it.git,"as detected from PackageJson property ""repository.url""",https://github.com/markdown-it/linkify-it#readme,"as detected from PackageJson property ""homepage""",https://github.com/markdown-it/linkify-it/issues,"as detected from PackageJson property ""bugs.url""",https://registry.npmjs.org/linkify-it/-/linkify-it-5.0.2.tgz,"as detected from npm-ls property ""resolved""",,,,active,Active in npm registry,2026-07-22T21:50:51.985Z
library,uc.micro@2.1.0,MIT,,,uc.micro,2.1.0,pkg:npm/uc.micro@2.1.0?vcs_url=git%2Bhttps%3A%2F%2Fgithub.com%2Fmarkdown-it%2Fuc.micro.git,node_modules/uc.micro,Micro subset of unicode data files for markdown-it projects.,git+https://github.com/markdown-it/uc.micro.git,"as detected from PackageJson property ""repository.url""",https://github.com/markdown-it/uc.micro#readme,"as detected from PackageJson property ""homepage""",https://github.com/markdown-it/uc.micro/issues,"as detected from PackageJson property ""bugs.url""",,,,,,active,Active in npm registry,2026-07-22T17:28:24.132Z
library,mdurl@2.1.0,MIT,,,mdurl,2.1.0,pkg:npm/mdurl@2.1.0,node_modules/mdurl,URL utilities for markdown-it,git+https://github.com/markdown-it/mdurl.git,"as detected from PackageJson property ""repository.url""",https://github.com/markdown-it/mdurl#readme,"as detected from PackageJson property ""homepage""",https://github.com/markdown-it/mdurl/issues,"as detected from PackageJson property ""bugs.url""",https://registry.npmjs.org/mdurl/-/mdurl-2.1.0.tgz,"as detected from npm-ls property ""resolved""",,,,active,Active in npm registry,2026-07-22T20:55:31.315Z
library,punycode.js@2.3.1,MIT,,Mathias Bynens,punycode.js,2.3.1,pkg:npm/punycode.js@2.3.1,node_modules/punycode.js,A robust Punycode converter that fully complies to RFC 3492 and RFC 5891~ and works on nearly all JavaScript platforms.,git+https://github.com/mathiasbynens/punycode.js.git,"as detected from PackageJson property ""repository.url""",https://mths.be/punycode,"as detected from PackageJson property ""homepage""",https://github.com/mathiasbynens/punycode.js/issues,"as detected from PackageJson property ""bugs.url""",https://registry.npmjs.org/punycode.js/-/punycode.js-2.3.1.tgz,"as detected from npm-ls property ""resolved""",,,,active,Active in npm registry,2023-10-30T18:28:36.668Z
library,marked@4.3.0,MIT,,Christopher Jeffrey,marked,4.3.0,pkg:npm/marked@4.3.0,node_modules/marked,A markdown parser built for speed,git://github.com/markedjs/marked.git,"as detected from PackageJson property ""repository.url""",https://marked.js.org,"as detected from PackageJson property ""homepage""",http://github.com/markedjs/marked/issues,"as detected from PackageJson property ""bugs.url""",https://registry.npmjs.org/marked/-/marked-4.3.0.tgz,"as detected from npm-ls property ""resolved""",,,,active,Active in npm registry,2026-09-12T21:44:17.198Z
library,mkdirp@1.0.4,MIT,,,mkdirp,1.0.4,pkg:npm/mkdirp@1.0.4,node_modules/mkdirp,Recursively mkdir~ like `mkdir -p`,git+https://github.com/isaacs/node-mkdirp.git,"as detected from PackageJson property ""repository.url""",https://github.com/isaacs/node-mkdirp#readme,"as detected from PackageJson property ""homepage""",https://github.com/isaacs/node-mkdirp/issues,"as detected from PackageJson property ""bugs.url""",https://registry.npmjs.org/mkdirp/-/mkdirp-1.0.4.tgz,"as detected from npm-ls property ""resolved""",,,,active,Active in npm registry,2026-07-17T17:10:12.862Z
library,requizzle@0.2.4,MIT,,Jeff Williams,requizzle,0.2.4,pkg:npm/requizzle@0.2.4,node_modules/requizzle,Swizzle a little something into your require() calls.,git://github.com/hegemonic/requizzle.git,"as detected from PackageJson property ""repository.url""",https://github.com/hegemonic/requizzle,"as detected from PackageJson property ""homepage""",https://github.com/hegemonic/requizzle/issues,"as detected from PackageJson property ""bugs.url""",https://registry.npmjs.org/requizzle/-/requizzle-0.2.4.tgz,"as detected from npm-ls property ""resolved""",,,jeffrey.l.williams@gmail.com,active,Active in npm registry,2022-11-26T00:44:43.931Z
library,underscore@1.13.8,MIT,,Jeremy Ashkenas,underscore,1.13.8,pkg:npm/underscore@1.13.8,node_modules/underscore,JavaScript's functional programming helper library.,git://github.com/jashkenas/underscore.git,"as detected from PackageJson property ""repository.url""",https://underscorejs.org,"as detected from PackageJson property ""homepage""",https://github.com/jashkenas/underscore/issues,"as detected from PackageJson property ""bugs.url""",https://registry.npmjs.org/underscore/-/underscore-1.13.8.tgz,"as detected from npm-ls property ""resolved""",,,jeremy@documentcloud.org,active,Active in npm registry,2026-02-19T11:42:51.515Z
library,jsonpath@1.3.0,MIT,,david@fmail.co.uk,jsonpath,1.3.0,pkg:npm/jsonpath@1.3.0,node_modules/jsonpath,Query JavaScript objects with JSONPath expressions. Robust / safe JSONPath engine for Node.js.,git+https://github.com/dchester/jsonpath.git,"as detected from PackageJson property ""repository.url""",https://github.com/dchester/jsonpath#readme,"as detected from PackageJson property ""homepage""",https://github.com/dchester/jsonpath/issues,"as detected from PackageJson property ""bugs.url""",https://registry.npmjs.org/jsonpath/-/jsonpath-1.3.0.tgz,"as detected from npm-ls property ""resolved""",,,,active,Active in npm registry,2026-03-05T14:11:58.997Z
library,esprima@1.2.5,,,Ariya Hidayat,esprima,1.2.5,pkg:npm/esprima@1.2.5,node_modules/esprima,ECMAScript parsing infrastructure for multipurpose analysis,git+ssh://git@github.com/ariya/esprima.git,"as detected from PackageJson property ""repository.url""",http://esprima.org,"as detected from PackageJson property ""homepage""",http://issues.esprima.org,"as detected from PackageJson property ""bugs.url""",https://registry.npmjs.org/esprima/-/esprima-1.2.5.tgz,"as detected from npm-ls property ""resolved""",,,ariya.hidayat@gmail.com,active,Active in npm registry,2023-04-30T00:33:23.236Z
library,static-eval@2.1.1,MIT,,James Halliday,static-eval,2.1.1,pkg:npm/static-eval@2.1.1,node_modules/static-eval,evaluate statically-analyzable expressions,git://github.com/browserify/static-eval.git,"as detected from PackageJson property ""repository.url""",https://github.com/browserify/static-eval,"as detected from PackageJson property ""homepage""",https://github.com/browserify/static-eval/issues,"as detected from PackageJson property ""bugs.url""",https://registry.npmjs.org/static-eval/-/static-eval-2.1.1.tgz,"as detected from npm-ls property ""resolved""",,,mail@substack.net,active,Active in npm registry,2024-01-01T17:27:33.347Z
library,escodegen@2.1.0,BSD-2-Clause,,,escodegen,2.1.0,pkg:npm/escodegen@2.1.0,node_modules/escodegen,ECMAScript code generator,git+ssh://git@github.com/estools/escodegen.git,"as detected from PackageJson property ""repository.url""",http://github.com/estools/escodegen,"as detected from PackageJson property ""homepage""",https://github.com/estools/escodegen/issues,"as detected from PackageJson property ""bugs.url""",https://registry.npmjs.org/escodegen/-/escodegen-2.1.0.tgz,"as detected from npm-ls property ""resolved""",,,,active,Active in npm registry,2023-06-29T20:18:37.472Z
library,escodegen@2.1.0|esprima@4.0.1,BSD-2-Clause,,Ariya Hidayat,esprima,4.0.1,pkg:npm/esprima@4.0.1,node_modules/escodegen/node_modules/esprima,ECMAScript parsing infrastructure for multipurpose analysis,git+https://github.com/jquery/esprima.git,"as detected from PackageJson property ""repository.url""",http://esprima.org,"as detected from PackageJson property ""homepage""",https://github.com/jquery/esprima/issues,"as detected from PackageJson property ""bugs.url""",https://registry.npmjs.org/esprima/-/esprima-4.0.1.tgz,"as detected from npm-ls property ""resolved""",,,ariya.hidayat@gmail.com,active,Active in npm registry,2023-04-30T00:33:23.236Z
library,esm@3.2.25,MIT,,John-David Dalton,esm,3.2.25,pkg:npm/esm@3.2.25,node_modules/esm,Tomorrow's ECMAScript modules today!,git+https://github.com/standard-things/esm.git,"as detected from PackageJson property ""repository.url""",https://github.com/standard-things/esm#readme,"as detected from PackageJson property ""homepage""",https://github.com/standard-things/esm/issues,"as detected from PackageJson property ""bugs.url""",https://registry.npmjs.org/esm/-/esm-3.2.25.tgz,"as detected from npm-ls property ""resolved""",,,john.david.dalton@gmail.com,active,Active in npm registry,2023-03-08T05:57:47.151Z
library,get-package-type@0.1.0,MIT,,Corey Farrell,get-package-type,0.1.0,pkg:npm/get-package-type@0.1.0,node_modules/get-package-type,Determine the `package.json#type` which applies to a location,git+https://github.com/cfware/get-package-type.git,"as detected from PackageJson property ""repository.url""",https://github.com/cfware/get-package-type#readme,"as detected from PackageJson property ""homepage""",https://github.com/cfware/get-package-type/issues,"as detected from PackageJson property ""bugs.url""",https://registry.npmjs.org/get-package-type/-/get-package-type-0.1.0.tgz,"as detected from npm-ls property ""resolved""",,,,active,Active in npm registry,2023-06-09T21:33:11.675Z
library,getopts@2.3.0,MIT,,Jorge Bucaran,getopts,2.3.0,pkg:npm/getopts@2.3.0,node_modules/getopts,Parse CLI arguments.,git+https://github.com/jorgebucaran/getopts.git,"as detected from PackageJson property ""repository.url""",https://github.com/jorgebucaran/getopts#readme,"as detected from PackageJson property ""homepage""",https://github.com/jorgebucaran/getopts/issues,"as detected from PackageJson property ""bugs.url""",https://registry.npmjs.org/getopts/-/getopts-2.3.0.tgz,"as detected from npm-ls property ""resolved""",,,,active,Active in npm registry,2022-05-03T15:33:22.934Z
library,interpret@2.2.0,MIT,,Gulp Team,interpret,2.2.0,pkg:npm/interpret@2.2.0,node_modules/interpret,A dictionary of file extensions and associated module loaders.,git+https://github.com/gulpjs/interpret.git,"as detected from PackageJson property ""repository.url""",https://github.com/gulpjs/interpret#readme,"as detected from PackageJson property ""homepage""",https://github.com/gulpjs/interpret/issues,"as detected from PackageJson property ""bugs.url""",https://registry.npmjs.org/interpret/-/interpret-2.2.0.tgz,"as detected from npm-ls property ""resolved""",,,team@gulpjs.com,active,Active in npm registry,2024-04-04T23:53:40.812Z
library,pg-connection-string@2.6.2,MIT,,Blaine Bublitz,pg-connection-string,2.6.2,pkg:npm/pg-connection-string@2.6.2#packages/pg-connection-string,node_modules/pg-connection-string,Functions for dealing with a PostgresSQL connection string,git://github.com/brianc/node-postgres.git#packages/pg-connection-string,"as detected from PackageJson property ""repository.url"" and ""repository.directory""",https://github.com/brianc/node-postgres/tree/master/packages/pg-connection-string,"as detected from PackageJson property ""homepage""",https://github.com/brianc/node-postgres/issues,"as detected from PackageJson property ""bugs.url""",https://registry.npmjs.org/pg-connection-string/-/pg-connection-string-2.6.2.tgz,"as detected from npm-ls property ""resolved""",,,blaine@iceddev.com,active,Active in npm registry,2026-06-19T00:53:53.855Z
library,rechoir@0.8.0,MIT,,Gulp Team,rechoir,0.8.0,pkg:npm/rechoir@0.8.0,node_modules/rechoir,Prepare a node environment to require files with different extensions.,git+https://github.com/gulpjs/rechoir.git,"as detected from PackageJson property ""repository.url""",https://github.com/gulpjs/rechoir#readme,"as detected from PackageJson property ""homepage""",https://github.com/gulpjs/rechoir/issues,"as detected from PackageJson property ""bugs.url""",https://registry.npmjs.org/rechoir/-/rechoir-0.8.0.tgz,"as detected from npm-ls property ""resolved""",,,team@gulpjs.com,active,Active in npm registry,2024-04-04T23:53:42.146Z
library,resolve@1.22.12,MIT,,James Halliday,resolve,1.22.12,pkg:npm/resolve@1.22.12?vcs_url=git%2Bssh%3A%2F%2Fgit%40github.com%2Fbrowserify%2Fresolve.git,node_modules/resolve,resolve like require.resolve() on behalf of files asynchronously and synchronously,git+ssh://git@github.com/browserify/resolve.git,"as detected from PackageJson property ""repository.url""",https://github.com/browserify/resolve#readme,"as detected from PackageJson property ""homepage""",https://github.com/browserify/resolve/issues,"as detected from PackageJson property ""bugs.url""",,,,,mail@substack.net,active,Active in npm registry,2026-05-15T20:12:07.875Z
library,resolve-from@5.0.0,MIT,,Sindre Sorhus,resolve-from,5.0.0,pkg:npm/resolve-from@5.0.0,node_modules/resolve-from,Resolve the path of a module like `require.resolve()` but from a given path,git+https://github.com/sindresorhus/resolve-from.git,"as detected from PackageJson property ""repository.url""",https://github.com/sindresorhus/resolve-from#readme,"as detected from PackageJson property ""homepage""",https://github.com/sindresorhus/resolve-from/issues,"as detected from PackageJson property ""bugs.url""",https://registry.npmjs.org/resolve-from/-/resolve-from-5.0.0.tgz,"as detected from npm-ls property ""resolved""",,,sindresorhus@gmail.com,active,Active in npm registry,2023-06-22T16:33:46.245Z
library,tarn@3.1.2,MIT,,Sami Koskimäki,tarn,3.1.2,pkg:npm/tarn@3.1.2,node_modules/tarn,Simple and robust resource pool for node.js,git://github.com/knex/tarn.js.git,"as detected from PackageJson property ""repository.url""",https://github.com/knex/tarn.js#readme,"as detected from PackageJson property ""homepage""",https://github.com/knex/tarn.js/issues,"as detected from PackageJson property ""bugs.url""",https://registry.npmjs.org/tarn/-/tarn-3.1.2.tgz,"as detected from npm-ls property ""resolved""",,,koskomi@gmail.com,active,Active in npm registry,2026-07-08T14:45:23.993Z
library,tildify@2.0.0,MIT,,Sindre Sorhus,tildify,2.0.0,pkg:npm/tildify@2.0.0,node_modules/tildify,Convert an absolute path to a tilde path: `/Users/sindresorhus/dev` → `~/dev`,git+https://github.com/sindresorhus/tildify.git,"as detected from PackageJson property ""repository.url""",https://github.com/sindresorhus/tildify#readme,"as detected from PackageJson property ""homepage""",https://github.com/sindresorhus/tildify/issues,"as detected from PackageJson property ""bugs.url""",https://registry.npmjs.org/tildify/-/tildify-2.0.0.tgz,"as detected from npm-ls property ""resolved""",,,sindresorhus@gmail.com,active,Active in npm registry,2022-06-27T06:38:38.927Z
library,mock-knex@0.4.13,MIT,,Jason Brumwell,mock-knex,0.4.13,pkg:npm/mock-knex@0.4.13,node_modules/mock-knex,a knex mock adapter for simulating a db during testing,git+https://github.com/colonyamerican/mock-knex.git,"as detected from PackageJson property ""repository.url""",https://github.com/colonyamerican/mock-knex,"as detected from PackageJson property ""homepage""",https://github.com/colonyamerican/mock-knex/issues,"as detected from PackageJson property ""bugs.url""",https://registry.npmjs.org/mock-knex/-/mock-knex-0.4.13.tgz,"as detected from npm-ls property ""resolved""",,,,active,Active in npm registry,2023-12-06T19:35:35.892Z
library,mock-knex@0.4.13|semver@5.7.2,ISC,,GitHub Inc.,semver,5.7.2,pkg:npm/semver@5.7.2,node_modules/mock-knex/node_modules/semver,The semantic version parser used by npm.,git+https://github.com/npm/node-semver.git,"as detected from PackageJson property ""repository.url""",https://github.com/npm/node-semver#readme,"as detected from PackageJson property ""homepage""",https://github.com/npm/node-semver/issues,"as detected from PackageJson property ""bugs.url""",https://registry.npmjs.org/semver/-/semver-5.7.2.tgz,"as detected from npm-ls property ""resolved""",,,,active,Active in npm registry,2026-09-09T20:11:27.644Z
library,mongo-uri-builder@4.0.0,MIT,,Luciano Mammino,mongo-uri-builder,4.0.0,pkg:npm/mongo-uri-builder@4.0.0,node_modules/mongo-uri-builder,A module to easily create mongodb connection strings using configuration objects,git+https://github.com/lmammino/mongo-uri-builder.git,"as detected from PackageJson property ""repository.url""",https://github.com/lmammino/mongo-uri-builder#readme,"as detected from PackageJson property ""homepage""",https://github.com/lmammino/mongo-uri-builder/issues,"as detected from PackageJson property ""bugs.url""",https://registry.npmjs.org/mongo-uri-builder/-/mongo-uri-builder-4.0.0.tgz,"as detected from npm-ls property ""resolved""",,,,active,Active in npm registry,2022-06-20T06:10:19.261Z
library,readable-stream@2.3.7,MIT,,,readable-stream,2.3.7,pkg:npm/readable-stream@2.3.7,node_modules/readable-stream,Streams3~ a user-land copy of the stream library from Node.js,git://github.com/nodejs/readable-stream.git,"as detected from PackageJson property ""repository.url""",https://github.com/nodejs/readable-stream#readme,"as detected from PackageJson property ""homepage""",https://github.com/nodejs/readable-stream/issues,"as detected from PackageJson property ""bugs.url""",https://registry.npmjs.org/readable-stream/-/readable-stream-2.3.7.tgz,"as detected from npm-ls property ""resolved""",,,,active,Active in npm registry,2025-01-07T09:15:39.036Z
library,readable-stream@2.3.7|safe-buffer@5.1.2,MIT,,Feross Aboukhadijeh,safe-buffer,5.1.2,pkg:npm/safe-buffer@5.1.2,node_modules/readable-stream/node_modules/safe-buffer,Safer Node.js Buffer API,git://github.com/feross/safe-buffer.git,"as detected from PackageJson property ""repository.url""",https://github.com/feross/safe-buffer,"as detected from PackageJson property ""homepage""",https://github.com/feross/safe-buffer/issues,"as detected from PackageJson property ""bugs.url""",https://registry.npmjs.org/safe-buffer/-/safe-buffer-5.1.2.tgz,"as detected from npm-ls property ""resolved""",,,feross@feross.org,active,Active in npm registry,2023-07-10T23:16:22.564Z
library,core-util-is@1.0.3,MIT,,Isaac Z. Schlueter,core-util-is,1.0.3,pkg:npm/core-util-is@1.0.3,node_modules/core-util-is,The `util.is*` functions introduced in Node v0.12.,git://github.com/isaacs/core-util-is.git,"as detected from PackageJson property ""repository.url""",https://github.com/isaacs/core-util-is#readme,"as detected from PackageJson property ""homepage""",https://github.com/isaacs/core-util-is/issues,"as detected from PackageJson property ""bugs.url""",https://registry.npmjs.org/core-util-is/-/core-util-is-1.0.3.tgz,"as detected from npm-ls property ""resolved""",,,i@izs.me,active,Active in npm registry,2022-06-14T01:14:43.878Z
library,isarray@1.0.0,MIT,,Julian Gruber,isarray,1.0.0,pkg:npm/isarray@1.0.0,node_modules/isarray,Array#isArray for older browsers,git://github.com/juliangruber/isarray.git,"as detected from PackageJson property ""repository.url""",https://github.com/juliangruber/isarray,"as detected from PackageJson property ""homepage""",https://github.com/juliangruber/isarray/issues,"as detected from PackageJson property ""bugs.url""",https://registry.npmjs.org/isarray/-/isarray-1.0.0.tgz,"as detected from npm-ls property ""resolved""",,,mail@juliangruber.com,active,Active in npm registry,2023-07-12T19:07:21.350Z
library,process-nextick-args@2.0.1,MIT,,,process-nextick-args,2.0.1,pkg:npm/process-nextick-args@2.0.1,node_modules/process-nextick-args,process.nextTick but always with args,git+https://github.com/calvinmetcalf/process-nextick-args.git,"as detected from PackageJson property ""repository.url""",https://github.com/calvinmetcalf/process-nextick-args,"as detected from PackageJson property ""homepage""",https://github.com/calvinmetcalf/process-nextick-args/issues,"as detected from PackageJson property ""bugs.url""",https://registry.npmjs.org/process-nextick-args/-/process-nextick-args-2.0.1.tgz,"as detected from npm-ls property ""resolved""",,,,active,Active in npm registry,2022-06-24T17:00:59.196Z
library,sqlstring@2.3.1,MIT,,,sqlstring,2.3.1,pkg:npm/sqlstring@2.3.1,node_modules/sqlstring,Simple SQL escape and format for MySQL,git+https://github.com/mysqljs/sqlstring.git,"as detected from PackageJson property ""repository.url""",https://github.com/mysqljs/sqlstring#readme,"as detected from PackageJson property ""homepage""",https://github.com/mysqljs/sqlstring/issues,"as detected from PackageJson property ""bugs.url""",https://registry.npmjs.org/sqlstring/-/sqlstring-2.3.1.tgz,"as detected from npm-ls property ""resolved""",,,,active,Active in npm registry,2023-05-28T20:08:09.071Z
library,nodemon@3.1.14,MIT,,Remy Sharp,nodemon,3.1.14,pkg:npm/nodemon@3.1.14,node_modules/nodemon,Simple monitor script for use during development of a Node.js app.,git+https://github.com/remy/nodemon.git,"as detected from PackageJson property ""repository.url""",https://nodemon.io,"as detected from PackageJson property ""homepage""",https://github.com/remy/nodemon/issues,"as detected from PackageJson property ""bugs.url""",https://registry.npmjs.org/nodemon/-/nodemon-3.1.14.tgz,"as detected from npm-ls property ""resolved""",,,,active,Active in npm registry,2026-03-06T07:15:53.624Z
library,nodemon@3.1.14|minimatch@10.2.6,BlueOak-1.0.0,,Isaac Z. Schlueter,minimatch,10.2.6,pkg:npm/minimatch@10.2.6,node_modules/nodemon/node_modules/minimatch,a glob matcher in javascript,git+ssh://git@github.com/isaacs/minimatch.git,"as detected from PackageJson property ""repository.url""",https://github.com/isaacs/minimatch#readme,"as detected from PackageJson property ""homepage""",https://github.com/isaacs/minimatch/issues,"as detected from PackageJson property ""bugs.url""",https://registry.npmjs.org/minimatch/-/minimatch-10.2.6.tgz,"as detected from npm-ls property ""resolved""",,,i@izs.me,active,Active in npm registry,2026-07-27T19:00:09.643Z
library,nodemon@3.1.14|supports-color@5.5.0,MIT,,Sindre Sorhus,supports-color,5.5.0,pkg:npm/supports-color@5.5.0,node_modules/nodemon/node_modules/supports-color,Detect whether a terminal supports color,git+https://github.com/chalk/supports-color.git,"as detected from PackageJson property ""repository.url""",https://github.com/chalk/supports-color#readme,"as detected from PackageJson property ""homepage""",https://github.com/chalk/supports-color/issues,"as detected from PackageJson property ""bugs.url""",https://registry.npmjs.org/supports-color/-/supports-color-5.5.0.tgz,"as detected from npm-ls property ""resolved""",,,sindresorhus@gmail.com,active,Active in npm registry,2026-07-26T15:13:36.955Z
library,nodemon@3.1.14|has-flag@3.0.0,MIT,,Sindre Sorhus,has-flag,3.0.0,pkg:npm/has-flag@3.0.0,node_modules/nodemon/node_modules/has-flag,Check if argv has a specific flag,git+https://github.com/sindresorhus/has-flag.git,"as detected from PackageJson property ""repository.url""",https://github.com/sindresorhus/has-flag#readme,"as detected from PackageJson property ""homepage""",https://github.com/sindresorhus/has-flag/issues,"as detected from PackageJson property ""bugs.url""",https://registry.npmjs.org/has-flag/-/has-flag-3.0.0.tgz,"as detected from npm-ls property ""resolved""",,,sindresorhus@gmail.com,active,Active in npm registry,2023-04-17T23:19:31.649Z
library,chokidar@3.6.0,MIT,,Paul Miller,chokidar,3.6.0,pkg:npm/chokidar@3.6.0,node_modules/chokidar,Minimal and efficient cross-platform file watching library,git+https://github.com/paulmillr/chokidar.git,"as detected from PackageJson property ""repository.url""",https://github.com/paulmillr/chokidar,"as detected from PackageJson property ""homepage""",https://github.com/paulmillr/chokidar/issues,"as detected from PackageJson property ""bugs.url""",https://registry.npmjs.org/chokidar/-/chokidar-3.6.0.tgz,"as detected from npm-ls property ""resolved""",,,,active,Active in npm registry,2026-05-21T12:33:12.323Z
library,chokidar@3.6.0|glob-parent@5.1.2,ISC,,Gulp Team,glob-parent,5.1.2,pkg:npm/glob-parent@5.1.2,node_modules/chokidar/node_modules/glob-parent,Extract the non-magic parent path from a glob string.,git+https://github.com/gulpjs/glob-parent.git,"as detected from PackageJson property ""repository.url""",https://github.com/gulpjs/glob-parent#readme,"as detected from PackageJson property ""homepage""",https://github.com/gulpjs/glob-parent/issues,"as detected from PackageJson property ""bugs.url""",https://registry.npmjs.org/glob-parent/-/glob-parent-5.1.2.tgz,"as detected from npm-ls property ""resolved""",,,team@gulpjs.com,active,Active in npm registry,2023-06-22T16:32:08.502Z
library,anymatch@3.1.3,ISC,,Elan Shanker,anymatch,3.1.3,pkg:npm/anymatch@3.1.3,node_modules/anymatch,Matches strings against configurable strings~ globs~ regular expressions~ and/or functions,git+https://github.com/micromatch/anymatch.git,"as detected from PackageJson property ""repository.url""",https://github.com/micromatch/anymatch,"as detected from PackageJson property ""homepage""",https://github.com/micromatch/anymatch/issues,"as detected from PackageJson property ""bugs.url""",https://registry.npmjs.org/anymatch/-/anymatch-3.1.3.tgz,"as detected from npm-ls property ""resolved""",,,,active,Active in npm registry,2024-09-18T05:27:37.897Z
library,normalize-path@3.0.0,MIT,,Jon Schlinkert,normalize-path,3.0.0,pkg:npm/normalize-path@3.0.0?vcs_url=git%2Bhttps%3A%2F%2Fgithub.com%2Fjonschlinkert%2Fnormalize-path.git,node_modules/normalize-path,Normalize slashes in a file path to be posix/unix-like forward slashes. Also condenses repeat slashes to a single slash and removes and trailing slashes~ unless disabled.,git+https://github.com/jonschlinkert/normalize-path.git,"as detected from PackageJson property ""repository.url""",https://github.com/jonschlinkert/normalize-path,"as detected from PackageJson property ""homepage""",https://github.com/jonschlinkert/normalize-path/issues,"as detected from PackageJson property ""bugs.url""",,,,,,active,Active in npm registry,2023-03-04T04:01:45.310Z
library,picomatch@2.3.2,MIT,,Jon Schlinkert,picomatch,2.3.2,pkg:npm/picomatch@2.3.2,node_modules/picomatch,Blazing fast and accurate glob matcher written in JavaScript~ with no dependencies and full support for standard and extended Bash glob features~ including braces~ extglobs~ POSIX brackets~ and regular expressions.,git+https://github.com/micromatch/picomatch.git,"as detected from PackageJson property ""repository.url""",https://github.com/micromatch/picomatch,"as detected from PackageJson property ""homepage""",https://github.com/micromatch/picomatch/issues,"as detected from PackageJson property ""bugs.url""",https://registry.npmjs.org/picomatch/-/picomatch-2.3.2.tgz,"as detected from npm-ls property ""resolved""",,,,active,Active in npm registry,2026-08-24T14:36:23.879Z
library,braces@3.0.3,MIT,,Jon Schlinkert,braces,3.0.3,pkg:npm/braces@3.0.3,node_modules/braces,Bash-like brace expansion~ implemented in JavaScript. Safer than other brace expansion libs~ with complete support for the Bash 4.3 braces specification~ without sacrificing speed.,git+https://github.com/micromatch/braces.git,"as detected from PackageJson property ""repository.url""",https://github.com/micromatch/braces,"as detected from PackageJson property ""homepage""",https://github.com/micromatch/braces/issues,"as detected from PackageJson property ""bugs.url""",https://registry.npmjs.org/braces/-/braces-3.0.3.tgz,"as detected from npm-ls property ""resolved""",,,,active,Active in npm registry,2024-09-18T05:27:12.449Z
library,fill-range@7.1.1,MIT,,Jon Schlinkert,fill-range,7.1.1,pkg:npm/fill-range@7.1.1,node_modules/fill-range,Fill in a range of numbers or letters~ optionally passing an increment or `step` to use~ or create a regex-compatible range with `options.toRegex`,git+https://github.com/jonschlinkert/fill-range.git,"as detected from PackageJson property ""repository.url""",https://github.com/jonschlinkert/fill-range,"as detected from PackageJson property ""homepage""",https://github.com/jonschlinkert/fill-range/issues,"as detected from PackageJson property ""bugs.url""",https://registry.npmjs.org/fill-range/-/fill-range-7.1.1.tgz,"as detected from npm-ls property ""resolved""",,,,active,Active in npm registry,2026-05-27T19:50:30.642Z
library,to-regex-range@5.0.1,MIT,,Jon Schlinkert,to-regex-range,5.0.1,pkg:npm/to-regex-range@5.0.1,node_modules/to-regex-range,Pass two numbers~ get a regex-compatible source string for matching ranges. Validated against more than 2.78 million test assertions.,git+https://github.com/micromatch/to-regex-range.git,"as detected from PackageJson property ""repository.url""",https://github.com/micromatch/to-regex-range,"as detected from PackageJson property ""homepage""",https://github.com/micromatch/to-regex-range/issues,"as detected from PackageJson property ""bugs.url""",https://registry.npmjs.org/to-regex-range/-/to-regex-range-5.0.1.tgz,"as detected from npm-ls property ""resolved""",,,,active,Active in npm registry,2022-06-27T07:24:37.330Z
library,is-number@7.0.0,MIT,,Jon Schlinkert,is-number,7.0.0,pkg:npm/is-number@7.0.0,node_modules/is-number,Returns true if a number or string value is a finite number. Useful for regex matches~ parsing~ user input~ etc.,git+https://github.com/jonschlinkert/is-number.git,"as detected from PackageJson property ""repository.url""",https://github.com/jonschlinkert/is-number,"as detected from PackageJson property ""homepage""",https://github.com/jonschlinkert/is-number/issues,"as detected from PackageJson property ""bugs.url""",https://registry.npmjs.org/is-number/-/is-number-7.0.0.tgz,"as detected from npm-ls property ""resolved""",,,,active,Active in npm registry,2023-05-26T16:12:33.057Z
library,is-binary-path@2.1.0,MIT,,Sindre Sorhus,is-binary-path,2.1.0,pkg:npm/is-binary-path@2.1.0,node_modules/is-binary-path,Check if a file path is a binary file,git+https://github.com/sindresorhus/is-binary-path.git,"as detected from PackageJson property ""repository.url""",https://github.com/sindresorhus/is-binary-path#readme,"as detected from PackageJson property ""homepage""",https://github.com/sindresorhus/is-binary-path/issues,"as detected from PackageJson property ""bugs.url""",https://registry.npmjs.org/is-binary-path/-/is-binary-path-2.1.0.tgz,"as detected from npm-ls property ""resolved""",,,sindresorhus@gmail.com,active,Active in npm registry,2024-04-30T16:50:26.044Z
library,binary-extensions@2.3.0,MIT,,Sindre Sorhus,binary-extensions,2.3.0,pkg:npm/binary-extensions@2.3.0,node_modules/binary-extensions,List of binary file extensions,git+https://github.com/sindresorhus/binary-extensions.git,"as detected from PackageJson property ""repository.url""",https://github.com/sindresorhus/binary-extensions#readme,"as detected from PackageJson property ""homepage""",https://github.com/sindresorhus/binary-extensions/issues,"as detected from PackageJson property ""bugs.url""",https://registry.npmjs.org/binary-extensions/-/binary-extensions-2.3.0.tgz,"as detected from npm-ls property ""resolved""",,,sindresorhus@gmail.com,active,Active in npm registry,2026-09-09T14:06:04.809Z
library,readdirp@3.6.0,MIT,,Thorsten Lorenz,readdirp,3.6.0,pkg:npm/readdirp@3.6.0,node_modules/readdirp,Recursive version of fs.readdir with streaming API.,git://github.com/paulmillr/readdirp.git,"as detected from PackageJson property ""repository.url""",https://github.com/paulmillr/readdirp,"as detected from PackageJson property ""homepage""",https://github.com/paulmillr/readdirp/issues,"as detected from PackageJson property ""bugs.url""",https://registry.npmjs.org/readdirp/-/readdirp-3.6.0.tgz,"as detected from npm-ls property ""resolved""",,,thlorenz@gmx.de,active,Active in npm registry,2026-08-06T06:26:39.304Z
library,ignore-by-default@1.0.1,ISC,,Mark Wubben,ignore-by-default,1.0.1,pkg:npm/ignore-by-default@1.0.1,node_modules/ignore-by-default,A list of directories you should ignore by default,git+https://github.com/novemberborn/ignore-by-default.git,"as detected from PackageJson property ""repository.url""",https://github.com/novemberborn/ignore-by-default#readme,"as detected from PackageJson property ""homepage""",https://github.com/novemberborn/ignore-by-default/issues,"as detected from PackageJson property ""bugs.url""",https://registry.npmjs.org/ignore-by-default/-/ignore-by-default-1.0.1.tgz,"as detected from npm-ls property ""resolved""",,,,active,Active in npm registry,2022-06-19T00:22:07.514Z
library,balanced-match@1.0.2,MIT,,Julian Gruber,balanced-match,1.0.2,pkg:npm/balanced-match@1.0.2,node_modules/balanced-match,Match balanced character pairs~ like { and },git://github.com/juliangruber/balanced-match.git,"as detected from PackageJson property ""repository.url""",https://github.com/juliangruber/balanced-match,"as detected from PackageJson property ""homepage""",https://github.com/juliangruber/balanced-match/issues,"as detected from PackageJson property ""bugs.url""",https://registry.npmjs.org/balanced-match/-/balanced-match-1.0.2.tgz,"as detected from npm-ls property ""resolved""",,,mail@juliangruber.com,active,Active in npm registry,2026-02-22T11:38:26.052Z
library,pstree.remy@1.1.8,MIT,,Remy Sharp,pstree.remy,1.1.8,pkg:npm/pstree.remy@1.1.8,node_modules/pstree.remy,Collects the full tree of processes from /proc,git+https://github.com/remy/pstree.git,"as detected from PackageJson property ""repository.url""",https://github.com/remy/pstree#readme,"as detected from PackageJson property ""homepage""",https://github.com/remy/pstree/issues,"as detected from PackageJson property ""bugs.url""",https://registry.npmjs.org/pstree.remy/-/pstree.remy-1.1.8.tgz,"as detected from npm-ls property ""resolved""",,,,active,Active in npm registry,2022-05-13T14:59:47.521Z
library,simple-update-notifier@2.0.0,MIT,,alexbrazier,simple-update-notifier,2.0.0,pkg:npm/simple-update-notifier@2.0.0,node_modules/simple-update-notifier,Simple update notifier to check for npm updates for cli applications,git+https://github.com/alexbrazier/simple-update-notifier.git,"as detected from PackageJson property ""repository.url""",https://github.com/alexbrazier/simple-update-notifier.git,"as detected from PackageJson property ""homepage""",https://github.com/alexbrazier/simple-update-notifier/issues,"as detected from PackageJson property ""bugs.url""",https://registry.npmjs.org/simple-update-notifier/-/simple-update-notifier-2.0.0.tgz,"as detected from npm-ls property ""resolved""",,,,active,Active in npm registry,2023-09-10T18:41:40.826Z
library,touch@3.1.1,ISC,,Isaac Z. Schlueter,touch,3.1.1,pkg:npm/touch@3.1.1,node_modules/touch,like touch(1) in node,git://github.com/isaacs/node-touch.git,"as detected from PackageJson property ""repository.url""",https://github.com/isaacs/node-touch#readme,"as detected from PackageJson property ""homepage""",https://github.com/isaacs/node-touch/issues,"as detected from PackageJson property ""bugs.url""",https://registry.npmjs.org/touch/-/touch-3.1.1.tgz,"as detected from npm-ls property ""resolved""",,,i@izs.me,active,Active in npm registry,2024-05-14T15:22:51.625Z
library,undefsafe@2.0.5,MIT,,Remy Sharp,undefsafe,2.0.5,pkg:npm/undefsafe@2.0.5,node_modules/undefsafe,Undefined safe way of extracting object properties,git+https://github.com/remy/undefsafe.git,"as detected from PackageJson property ""repository.url""",https://github.com/remy/undefsafe#readme,"as detected from PackageJson property ""homepage""",https://github.com/remy/undefsafe/issues,"as detected from PackageJson property ""bugs.url""",https://registry.npmjs.org/undefsafe/-/undefsafe-2.0.5.tgz,"as detected from npm-ls property ""resolved""",,,,active,Active in npm registry,2022-06-28T04:02:11.972Z
library,npm-check-updates@23.1.0,Apache-2.0,,Tomas Junnonen,npm-check-updates,23.1.0,pkg:npm/npm-check-updates@23.1.0,node_modules/npm-check-updates,Find newer versions of dependencies than what your package.json allows,git+https://github.com/raineorshine/npm-check-updates.git,"as detected from PackageJson property ""repository.url""",https://github.com/raineorshine/npm-check-updates,"as detected from PackageJson property ""homepage""",https://github.com/raineorshine/npm-check-updates/issues,"as detected from PackageJson property ""bugs.url""",https://registry.npmjs.org/npm-check-updates/-/npm-check-updates-23.1.0.tgz,"as detected from npm-ls property ""resolved""",,,tomas1@gmail.com,active,Active in npm registry,2026-08-23T22:56:38.489Z
library,nyc@18.0.0,ISC,,Ben Coe,nyc,18.0.0,pkg:npm/nyc@18.0.0,node_modules/nyc,the Istanbul command line interface,git+ssh://git@github.com/istanbuljs/nyc.git,"as detected from PackageJson property ""repository.url""",https://istanbul.js.org/,"as detected from PackageJson property ""homepage""",https://github.com/istanbuljs/nyc/issues,"as detected from PackageJson property ""bugs.url""",https://registry.npmjs.org/nyc/-/nyc-18.0.0.tgz,"as detected from npm-ls property ""resolved""",,,ben@npmjs.com,active,Active in npm registry,2026-02-25T04:02:38.783Z
library,nyc@18.0.0|find-up@4.1.0,MIT,,Sindre Sorhus,find-up,4.1.0,pkg:npm/find-up@4.1.0,node_modules/nyc/node_modules/find-up,Find a file or directory by walking up parent directories,git+https://github.com/sindresorhus/find-up.git,"as detected from PackageJson property ""repository.url""",https://github.com/sindresorhus/find-up#readme,"as detected from PackageJson property ""homepage""",https://github.com/sindresorhus/find-up/issues,"as detected from PackageJson property ""bugs.url""",https://registry.npmjs.org/find-up/-/find-up-4.1.0.tgz,"as detected from npm-ls property ""resolved""",,,sindresorhus@gmail.com,active,Active in npm registry,2025-09-16T01:13:57.276Z
library,nyc@18.0.0|locate-path@5.0.0,MIT,,Sindre Sorhus,locate-path,5.0.0,pkg:npm/locate-path@5.0.0,node_modules/nyc/node_modules/locate-path,Get the first path that exists on disk of multiple paths,git+https://github.com/sindresorhus/locate-path.git,"as detected from PackageJson property ""repository.url""",https://github.com/sindresorhus/locate-path#readme,"as detected from PackageJson property ""homepage""",https://github.com/sindresorhus/locate-path/issues,"as detected from PackageJson property ""bugs.url""",https://registry.npmjs.org/locate-path/-/locate-path-5.0.0.tgz,"as detected from npm-ls property ""resolved""",,,sindresorhus@gmail.com,active,Active in npm registry,2025-09-15T23:17:38.996Z
library,nyc@18.0.0|p-locate@4.1.0,MIT,,Sindre Sorhus,p-locate,4.1.0,pkg:npm/p-locate@4.1.0,node_modules/nyc/node_modules/p-locate,Get the first fulfilled promise that satisfies the provided testing function,git+https://github.com/sindresorhus/p-locate.git,"as detected from PackageJson property ""repository.url""",https://github.com/sindresorhus/p-locate#readme,"as detected from PackageJson property ""homepage""",https://github.com/sindresorhus/p-locate/issues,"as detected from PackageJson property ""bugs.url""",https://registry.npmjs.org/p-locate/-/p-locate-4.1.0.tgz,"as detected from npm-ls property ""resolved""",,,sindresorhus@gmail.com,active,Active in npm registry,2026-02-03T07:57:50.017Z
library,nyc@18.0.0|p-limit@2.3.0,MIT,,Sindre Sorhus,p-limit,2.3.0,pkg:npm/p-limit@2.3.0,node_modules/nyc/node_modules/p-limit,Run multiple promise-returning & async functions with limited concurrency,git+https://github.com/sindresorhus/p-limit.git,"as detected from PackageJson property ""repository.url""",https://github.com/sindresorhus/p-limit#readme,"as detected from PackageJson property ""homepage""",https://github.com/sindresorhus/p-limit/issues,"as detected from PackageJson property ""bugs.url""",https://registry.npmjs.org/p-limit/-/p-limit-2.3.0.tgz,"as detected from npm-ls property ""resolved""",,,sindresorhus@gmail.com,active,Active in npm registry,2026-08-31T16:53:23.147Z
library,nyc@18.0.0|rimraf@6.1.3,BlueOak-1.0.0,,Isaac Z. Schlueter,rimraf,6.1.3,pkg:npm/rimraf@6.1.3,node_modules/nyc/node_modules/rimraf,A deep deletion module for node (like `rm -rf`),git+ssh://git@github.com/isaacs/rimraf.git,"as detected from PackageJson property ""repository.url""",https://github.com/isaacs/rimraf#readme,"as detected from PackageJson property ""homepage""",https://github.com/isaacs/rimraf/issues,"as detected from PackageJson property ""bugs.url""",https://registry.npmjs.org/rimraf/-/rimraf-6.1.3.tgz,"as detected from npm-ls property ""resolved""",,,i@izs.me,active,Active in npm registry,2026-04-03T13:52:28.331Z
library,nyc@18.0.0|yargs@15.4.1,MIT,,,yargs,15.4.1,pkg:npm/yargs@15.4.1,node_modules/nyc/node_modules/yargs,yargs the modern~ pirate-themed~ successor to optimist.,git+https://github.com/yargs/yargs.git,"as detected from PackageJson property ""repository.url""",https://yargs.js.org/,"as detected from PackageJson property ""homepage""",https://github.com/yargs/yargs/issues,"as detected from PackageJson property ""bugs.url""",https://registry.npmjs.org/yargs/-/yargs-15.4.1.tgz,"as detected from npm-ls property ""resolved""",,,,active,Active in npm registry,2026-07-26T04:07:48.820Z
library,nyc@18.0.0|cliui@6.0.0,ISC,,Ben Coe,cliui,6.0.0,pkg:npm/cliui@6.0.0,node_modules/nyc/node_modules/cliui,easily create complex multi-column command-line-interfaces,git+ssh://git@github.com/yargs/cliui.git,"as detected from PackageJson property ""repository.url""",https://github.com/yargs/cliui#readme,"as detected from PackageJson property ""homepage""",https://github.com/yargs/cliui/issues,"as detected from PackageJson property ""bugs.url""",https://registry.npmjs.org/cliui/-/cliui-6.0.0.tgz,"as detected from npm-ls property ""resolved""",,,ben@npmjs.com,active,Active in npm registry,2025-03-17T02:36:25.675Z
library,nyc@18.0.0|wrap-ansi@6.2.0,MIT,,Sindre Sorhus,wrap-ansi,6.2.0,pkg:npm/wrap-ansi@6.2.0,node_modules/nyc/node_modules/wrap-ansi,Wordwrap a string with ANSI escape codes,git+https://github.com/chalk/wrap-ansi.git,"as detected from PackageJson property ""repository.url""",https://github.com/chalk/wrap-ansi#readme,"as detected from PackageJson property ""homepage""",https://github.com/chalk/wrap-ansi/issues,"as detected from PackageJson property ""bugs.url""",https://registry.npmjs.org/wrap-ansi/-/wrap-ansi-6.2.0.tgz,"as detected from npm-ls property ""resolved""",,,sindresorhus@gmail.com,active,Active in npm registry,2026-08-17T22:42:54.888Z
library,nyc@18.0.0|y18n@4.0.3,ISC,,Ben Coe,y18n,4.0.3,pkg:npm/y18n@4.0.3,node_modules/nyc/node_modules/y18n,the bare-bones internationalization library used by yargs,git+ssh://git@github.com/yargs/y18n.git,"as detected from PackageJson property ""repository.url""",https://github.com/yargs/y18n,"as detected from PackageJson property ""homepage""",https://github.com/yargs/y18n/issues,"as detected from PackageJson property ""bugs.url""",https://registry.npmjs.org/y18n/-/y18n-4.0.3.tgz,"as detected from npm-ls property ""resolved""",,,ben@npmjs.com,active,Active in npm registry,2026-08-20T21:29:24.864Z
library,@istanbuljs/load-nyc-config@1.1.0,ISC,@istanbuljs,,load-nyc-config,1.1.0,pkg:npm/%40istanbuljs/load-nyc-config@1.1.0,node_modules/@istanbuljs/load-nyc-config,Utility function to load nyc configuration,git+https://github.com/istanbuljs/load-nyc-config.git,"as detected from PackageJson property ""repository.url""",https://github.com/istanbuljs/load-nyc-config#readme,"as detected from PackageJson property ""homepage""",https://github.com/istanbuljs/load-nyc-config/issues,"as detected from PackageJson property ""bugs.url""",https://registry.npmjs.org/@istanbuljs/load-nyc-config/-/load-nyc-config-1.1.0.tgz,"as detected from npm-ls property ""resolved""",,,,active,Active in npm registry,2022-04-05T21:14:43.195Z
library,@istanbuljs/load-nyc-config@1.1.0|find-up@4.1.0,MIT,,Sindre Sorhus,find-up,4.1.0,pkg:npm/find-up@4.1.0,node_modules/@istanbuljs/load-nyc-config/node_modules/find-up,Find a file or directory by walking up parent directories,git+https://github.com/sindresorhus/find-up.git,"as detected from PackageJson property ""repository.url""",https://github.com/sindresorhus/find-up#readme,"as detected from PackageJson property ""homepage""",https://github.com/sindresorhus/find-up/issues,"as detected from PackageJson property ""bugs.url""",https://registry.npmjs.org/find-up/-/find-up-4.1.0.tgz,"as detected from npm-ls property ""resolved""",,,sindresorhus@gmail.com,active,Active in npm registry,2025-09-16T01:13:57.276Z
library,@istanbuljs/load-nyc-config@1.1.0|locate-path@5.0.0,MIT,,Sindre Sorhus,locate-path,5.0.0,pkg:npm/locate-path@5.0.0,node_modules/@istanbuljs/load-nyc-config/node_modules/locate-path,Get the first path that exists on disk of multiple paths,git+https://github.com/sindresorhus/locate-path.git,"as detected from PackageJson property ""repository.url""",https://github.com/sindresorhus/locate-path#readme,"as detected from PackageJson property ""homepage""",https://github.com/sindresorhus/locate-path/issues,"as detected from PackageJson property ""bugs.url""",https://registry.npmjs.org/locate-path/-/locate-path-5.0.0.tgz,"as detected from npm-ls property ""resolved""",,,sindresorhus@gmail.com,active,Active in npm registry,2025-09-15T23:17:38.996Z
library,@istanbuljs/load-nyc-config@1.1.0|p-locate@4.1.0,MIT,,Sindre Sorhus,p-locate,4.1.0,pkg:npm/p-locate@4.1.0,node_modules/@istanbuljs/load-nyc-config/node_modules/p-locate,Get the first fulfilled promise that satisfies the provided testing function,git+https://github.com/sindresorhus/p-locate.git,"as detected from PackageJson property ""repository.url""",https://github.com/sindresorhus/p-locate#readme,"as detected from PackageJson property ""homepage""",https://github.com/sindresorhus/p-locate/issues,"as detected from PackageJson property ""bugs.url""",https://registry.npmjs.org/p-locate/-/p-locate-4.1.0.tgz,"as detected from npm-ls property ""resolved""",,,sindresorhus@gmail.com,active,Active in npm registry,2026-02-03T07:57:50.017Z
library,@istanbuljs/load-nyc-config@1.1.0|p-limit@2.3.0,MIT,,Sindre Sorhus,p-limit,2.3.0,pkg:npm/p-limit@2.3.0,node_modules/@istanbuljs/load-nyc-config/node_modules/p-limit,Run multiple promise-returning & async functions with limited concurrency,git+https://github.com/sindresorhus/p-limit.git,"as detected from PackageJson property ""repository.url""",https://github.com/sindresorhus/p-limit#readme,"as detected from PackageJson property ""homepage""",https://github.com/sindresorhus/p-limit/issues,"as detected from PackageJson property ""bugs.url""",https://registry.npmjs.org/p-limit/-/p-limit-2.3.0.tgz,"as detected from npm-ls property ""resolved""",,,sindresorhus@gmail.com,active,Active in npm registry,2026-08-31T16:53:23.147Z
library,@istanbuljs/load-nyc-config@1.1.0|js-yaml@3.15.2,MIT,,Vladimir Zapparov,js-yaml,3.15.2,pkg:npm/js-yaml@3.15.2,node_modules/@istanbuljs/load-nyc-config/node_modules/js-yaml,YAML 1.2 parser and serializer,git+https://github.com/nodeca/js-yaml.git,"as detected from PackageJson property ""repository.url""",https://github.com/nodeca/js-yaml,"as detected from PackageJson property ""homepage""",https://github.com/nodeca/js-yaml/issues,"as detected from PackageJson property ""bugs.url""",https://registry.npmjs.org/js-yaml/-/js-yaml-3.15.2.tgz,"as detected from npm-ls property ""resolved""",,,dervus.grim@gmail.com,active,Active in npm registry,2026-09-13T00:15:39.520Z
library,@istanbuljs/load-nyc-config@1.1.0|argparse@1.0.10,MIT,,,argparse,1.0.10,pkg:npm/argparse@1.0.10,node_modules/@istanbuljs/load-nyc-config/node_modules/argparse,Very powerful CLI arguments parser. Native port of argparse - python's options parsing library,git+https://github.com/nodeca/argparse.git,"as detected from PackageJson property ""repository.url""",https://github.com/nodeca/argparse#readme,"as detected from PackageJson property ""homepage""",https://github.com/nodeca/argparse/issues,"as detected from PackageJson property ""bugs.url""",https://registry.npmjs.org/argparse/-/argparse-1.0.10.tgz,"as detected from npm-ls property ""resolved""",,,,active,Active in npm registry,2026-09-10T18:44:02.317Z
library,@istanbuljs/load-nyc-config@1.1.0|esprima@4.0.1,BSD-2-Clause,,Ariya Hidayat,esprima,4.0.1,pkg:npm/esprima@4.0.1,node_modules/@istanbuljs/load-nyc-config/node_modules/esprima,ECMAScript parsing infrastructure for multipurpose analysis,git+https://github.com/jquery/esprima.git,"as detected from PackageJson property ""repository.url""",http://esprima.org,"as detected from PackageJson property ""homepage""",https://github.com/jquery/esprima/issues,"as detected from PackageJson property ""bugs.url""",https://registry.npmjs.org/esprima/-/esprima-4.0.1.tgz,"as detected from npm-ls property ""resolved""",,,ariya.hidayat@gmail.com,active,Active in npm registry,2023-04-30T00:33:23.236Z
library,camelcase@5.3.1,MIT,,Sindre Sorhus,camelcase,5.3.1,pkg:npm/camelcase@5.3.1,node_modules/camelcase,Convert a dash/dot/underscore/space separated string to camelCase or PascalCase: `foo-bar` → `fooBar`,git+https://github.com/sindresorhus/camelcase.git,"as detected from PackageJson property ""repository.url""",https://github.com/sindresorhus/camelcase#readme,"as detected from PackageJson property ""homepage""",https://github.com/sindresorhus/camelcase/issues,"as detected from PackageJson property ""bugs.url""",https://registry.npmjs.org/camelcase/-/camelcase-5.3.1.tgz,"as detected from npm-ls property ""resolved""",,,sindresorhus@gmail.com,active,Active in npm registry,2025-11-10T20:38:44.306Z
library,p-try@2.2.0,MIT,,Sindre Sorhus,p-try,2.2.0,pkg:npm/p-try@2.2.0?vcs_url=git%2Bhttps%3A%2F%2Fgithub.com%2Fsindresorhus%2Fp-try.git,node_modules/p-try,`Start a promise chain,git+https://github.com/sindresorhus/p-try.git,"as detected from PackageJson property ""repository.url""",https://github.com/sindresorhus/p-try#readme,"as detected from PackageJson property ""homepage""",https://github.com/sindresorhus/p-try/issues,"as detected from PackageJson property ""bugs.url""",,,,,sindresorhus@gmail.com,active,Active in npm registry,2022-06-23T05:53:30.738Z
library,path-exists@4.0.0,MIT,,Sindre Sorhus,path-exists,4.0.0,pkg:npm/path-exists@4.0.0?vcs_url=git%2Bhttps%3A%2F%2Fgithub.com%2Fsindresorhus%2Fpath-exists.git,node_modules/path-exists,Check if a path exists,git+https://github.com/sindresorhus/path-exists.git,"as detected from PackageJson property ""repository.url""",https://github.com/sindresorhus/path-exists#readme,"as detected from PackageJson property ""homepage""",https://github.com/sindresorhus/path-exists/issues,"as detected from PackageJson property ""bugs.url""",,,,,sindresorhus@gmail.com,active,Active in npm registry,2024-10-22T17:26:44.383Z
library,@istanbuljs/schema@0.1.6,MIT,@istanbuljs,Corey Farrell,schema,0.1.6,pkg:npm/%40istanbuljs/schema@0.1.6,node_modules/@istanbuljs/schema,Schemas describing various structures used by nyc and istanbuljs,git+https://github.com/istanbuljs/schema.git,"as detected from PackageJson property ""repository.url""",https://github.com/istanbuljs/schema#readme,"as detected from PackageJson property ""homepage""",https://github.com/istanbuljs/schema/issues,"as detected from PackageJson property ""bugs.url""",https://registry.npmjs.org/@istanbuljs/schema/-/schema-0.1.6.tgz,"as detected from npm-ls property ""resolved""",,,,active,Active in npm registry,2026-04-13T10:57:53.925Z
library,caching-transform@4.0.0,MIT,,,caching-transform,4.0.0,pkg:npm/caching-transform@4.0.0,node_modules/caching-transform,Wraps a transform and provides caching,git+https://github.com/istanbuljs/caching-transform.git,"as detected from PackageJson property ""repository.url""",https://github.com/istanbuljs/caching-transform#readme,"as detected from PackageJson property ""homepage""",https://github.com/istanbuljs/caching-transform/issues,"as detected from PackageJson property ""bugs.url""",https://registry.npmjs.org/caching-transform/-/caching-transform-4.0.0.tgz,"as detected from npm-ls property ""resolved""",,,,active,Active in npm registry,2022-06-13T05:23:59.624Z
library,hasha@5.2.2,MIT,,Sindre Sorhus,hasha,5.2.2,pkg:npm/hasha@5.2.2,node_modules/hasha,Hashing made simple. Get the hash of a buffer/string/stream/file.,git+https://github.com/sindresorhus/hasha.git,"as detected from PackageJson property ""repository.url""",https://github.com/sindresorhus/hasha#readme,"as detected from PackageJson property ""homepage""",https://github.com/sindresorhus/hasha/issues,"as detected from PackageJson property ""bugs.url""",https://registry.npmjs.org/hasha/-/hasha-5.2.2.tgz,"as detected from npm-ls property ""resolved""",,,sindresorhus@gmail.com,active,Active in npm registry,2025-09-12T17:09:04.532Z
library,type-fest@0.8.1,,,Sindre Sorhus,type-fest,0.8.1,pkg:npm/type-fest@0.8.1,node_modules/type-fest,A collection of essential TypeScript types,git+https://github.com/sindresorhus/type-fest.git,"as detected from PackageJson property ""repository.url""",https://github.com/sindresorhus/type-fest#readme,"as detected from PackageJson property ""homepage""",https://github.com/sindresorhus/type-fest/issues,"as detected from PackageJson property ""bugs.url""",https://registry.npmjs.org/type-fest/-/type-fest-0.8.1.tgz,"as detected from npm-ls property ""resolved""",,,sindresorhus@gmail.com,active,Active in npm registry,2026-08-30T23:58:44.826Z
library,make-dir@3.1.0,MIT,,Sindre Sorhus,make-dir,3.1.0,pkg:npm/make-dir@3.1.0?vcs_url=git%2Bhttps%3A%2F%2Fgithub.com%2Fsindresorhus%2Fmake-dir.git,node_modules/make-dir,Make a directory and its parents if needed - Think `mkdir -p`,git+https://github.com/sindresorhus/make-dir.git,"as detected from PackageJson property ""repository.url""",https://github.com/sindresorhus/make-dir#readme,"as detected from PackageJson property ""homepage""",https://github.com/sindresorhus/make-dir/issues,"as detected from PackageJson property ""bugs.url""",,,,,sindresorhus@gmail.com,active,Active in npm registry,2025-09-10T18:24:35.991Z
library,make-dir@3.1.0|semver@6.3.1,ISC,,GitHub Inc.,semver,6.3.1,pkg:npm/semver@6.3.1,node_modules/make-dir/node_modules/semver,The semantic version parser used by npm.,git+https://github.com/npm/node-semver.git,"as detected from PackageJson property ""repository.url""",https://github.com/npm/node-semver#readme,"as detected from PackageJson property ""homepage""",https://github.com/npm/node-semver/issues,"as detected from PackageJson property ""bugs.url""",https://registry.npmjs.org/semver/-/semver-6.3.1.tgz,"as detected from npm-ls property ""resolved""",,,,active,Active in npm registry,2026-09-09T20:11:27.644Z
library,package-hash@4.0.0,ISC,,Mark Wubben,package-hash,4.0.0,pkg:npm/package-hash@4.0.0,node_modules/package-hash,Generates a hash for an installed npm package~ useful for salting caches,git+https://github.com/novemberborn/package-hash.git,"as detected from PackageJson property ""repository.url""",https://github.com/novemberborn/package-hash#readme,"as detected from PackageJson property ""homepage""",https://github.com/novemberborn/package-hash/issues,"as detected from PackageJson property ""bugs.url""",https://registry.npmjs.org/package-hash/-/package-hash-4.0.0.tgz,"as detected from npm-ls property ""resolved""",,,,active,Active in npm registry,2022-06-23T06:31:07.543Z
library,lodash.flattendeep@4.4.0,MIT,,John-David Dalton,lodash.flattendeep,4.4.0,pkg:npm/lodash.flattendeep@4.4.0,node_modules/lodash.flattendeep,The lodash method `_.flattenDeep` exported as a module.,git+https://github.com/lodash/lodash.git,"as detected from PackageJson property ""repository.url""",https://lodash.com/,"as detected from PackageJson property ""homepage""",https://github.com/lodash/lodash/issues,"as detected from PackageJson property ""bugs.url""",https://registry.npmjs.org/lodash.flattendeep/-/lodash.flattendeep-4.4.0.tgz,"as detected from npm-ls property ""resolved""",,,john.david.dalton@gmail.com,active,Active in npm registry,2022-06-19T13:35:07.936Z
library,release-zalgo@1.0.0,ISC,,Mark Wubben,release-zalgo,1.0.0,pkg:npm/release-zalgo@1.0.0,node_modules/release-zalgo,Helps you write code with promise-like chains that can run both synchronously and asynchronously,git+https://github.com/novemberborn/release-zalgo.git,"as detected from PackageJson property ""repository.url""",https://github.com/novemberborn/release-zalgo#readme,"as detected from PackageJson property ""homepage""",https://github.com/novemberborn/release-zalgo/issues,"as detected from PackageJson property ""bugs.url""",https://registry.npmjs.org/release-zalgo/-/release-zalgo-1.0.0.tgz,"as detected from npm-ls property ""resolved""",,,,active,Active in npm registry,2022-06-26T10:57:23.222Z
library,es6-error@4.1.1,MIT,,Ben Youngblood,es6-error,4.1.1,pkg:npm/es6-error@4.1.1,node_modules/es6-error,Easily-extendable error for use with ES6 classes,git+https://github.com/bjyoungblood/es6-error.git,"as detected from PackageJson property ""repository.url""",https://github.com/bjyoungblood/es6-error,"as detected from PackageJson property ""homepage""",https://github.com/bjyoungblood/es6-error/issues,"as detected from PackageJson property ""bugs.url""",https://registry.npmjs.org/es6-error/-/es6-error-4.1.1.tgz,"as detected from npm-ls property ""resolved""",,,,active,Active in npm registry,2022-06-17T09:02:16.508Z
library,write-file-atomic@3.0.3,ISC,,Rebecca Turner,write-file-atomic,3.0.3,pkg:npm/write-file-atomic@3.0.3,node_modules/write-file-atomic,Write files in an atomic fashion w/configurable ownership,git://github.com/npm/write-file-atomic.git,"as detected from PackageJson property ""repository.url""",https://github.com/npm/write-file-atomic,"as detected from PackageJson property ""homepage""",https://github.com/npm/write-file-atomic/issues,"as detected from PackageJson property ""bugs.url""",https://registry.npmjs.org/write-file-atomic/-/write-file-atomic-3.0.3.tgz,"as detected from npm-ls property ""resolved""",,,me@re-becca.org,active,Active in npm registry,2026-09-09T20:11:31.788Z
library,is-typedarray@1.0.0,MIT,,Hugh Kennedy,is-typedarray,1.0.0,pkg:npm/is-typedarray@1.0.0,node_modules/is-typedarray,Detect whether or not an object is a Typed Array,git://github.com/hughsk/is-typedarray.git,"as detected from PackageJson property ""repository.url""",https://github.com/hughsk/is-typedarray,"as detected from PackageJson property ""homepage""",https://github.com/hughsk/is-typedarray/issues,"as detected from PackageJson property ""bugs.url""",https://registry.npmjs.org/is-typedarray/-/is-typedarray-1.0.0.tgz,"as detected from npm-ls property ""resolved""",,,hughskennedy@gmail.com,active,Active in npm registry,2022-06-19T02:51:55.380Z
library,signal-exit@3.0.7,ISC,,Ben Coe,signal-exit,3.0.7,pkg:npm/signal-exit@3.0.7?vcs_url=git%2Bhttps%3A%2F%2Fgithub.com%2Ftapjs%2Fsignal-exit.git,node_modules/signal-exit,when you want to fire an event no matter how a process exits.,git+https://github.com/tapjs/signal-exit.git,"as detected from PackageJson property ""repository.url""",https://github.com/tapjs/signal-exit,"as detected from PackageJson property ""homepage""",https://github.com/tapjs/signal-exit/issues,"as detected from PackageJson property ""bugs.url""",,,,,ben@npmjs.com,active,Active in npm registry,2023-07-29T05:44:56.838Z
library,typedarray-to-buffer@3.1.5,MIT,,Feross Aboukhadijeh,typedarray-to-buffer,3.1.5,pkg:npm/typedarray-to-buffer@3.1.5,node_modules/typedarray-to-buffer,Convert a typed array to a Buffer without a copy,git://github.com/feross/typedarray-to-buffer.git,"as detected from PackageJson property ""repository.url""",http://feross.org,"as detected from PackageJson property ""homepage""",https://github.com/feross/typedarray-to-buffer/issues,"as detected from PackageJson property ""bugs.url""",https://registry.npmjs.org/typedarray-to-buffer/-/typedarray-to-buffer-3.1.5.tgz,"as detected from npm-ls property ""resolved""",,,feross@feross.org,active,Active in npm registry,2022-06-28T00:55:58.276Z
library,convert-source-map@1.9.0,MIT,,Thorsten Lorenz,convert-source-map,1.9.0,pkg:npm/convert-source-map@1.9.0,node_modules/convert-source-map,Converts a source-map from/to  different formats and allows adding/changing properties.,git://github.com/thlorenz/convert-source-map.git,"as detected from PackageJson property ""repository.url""",https://github.com/thlorenz/convert-source-map,"as detected from PackageJson property ""homepage""",https://github.com/thlorenz/convert-source-map/issues,"as detected from PackageJson property ""bugs.url""",https://registry.npmjs.org/convert-source-map/-/convert-source-map-1.9.0.tgz,"as detected from npm-ls property ""resolved""",,,thlorenz@gmx.de,active,Active in npm registry,2023-07-09T22:05:41.150Z
library,decamelize@1.2.0,MIT,,Sindre Sorhus,decamelize,1.2.0,pkg:npm/decamelize@1.2.0,node_modules/decamelize,Convert a camelized string into a lowercased one with a custom separator: unicornRainbow → unicorn_rainbow,git+https://github.com/sindresorhus/decamelize.git,"as detected from PackageJson property ""repository.url""",https://github.com/sindresorhus/decamelize#readme,"as detected from PackageJson property ""homepage""",https://github.com/sindresorhus/decamelize/issues,"as detected from PackageJson property ""bugs.url""",https://registry.npmjs.org/decamelize/-/decamelize-1.2.0.tgz,"as detected from npm-ls property ""resolved""",,,sindresorhus@gmail.com,active,Active in npm registry,2025-08-19T14:50:35.189Z
library,find-cache-dir@3.3.2,MIT,,,find-cache-dir,3.3.2,pkg:npm/find-cache-dir@3.3.2,node_modules/find-cache-dir,Finds the common standard cache directory,git+https://github.com/avajs/find-cache-dir.git,"as detected from PackageJson property ""repository.url""",https://github.com/avajs/find-cache-dir#readme,"as detected from PackageJson property ""homepage""",https://github.com/avajs/find-cache-dir/issues,"as detected from PackageJson property ""bugs.url""",https://registry.npmjs.org/find-cache-dir/-/find-cache-dir-3.3.2.tgz,"as detected from npm-ls property ""resolved""",,,,active,Active in npm registry,2025-04-14T07:08:00.548Z
library,commondir@1.0.1,MIT,,James Halliday,commondir,1.0.1,pkg:npm/commondir@1.0.1,node_modules/commondir,compute the closest common parent for file paths,git+ssh://git@github.com/substack/node-commondir.git,"as detected from PackageJson property ""repository.url""",https://github.com/substack/node-commondir#readme,"as detected from PackageJson property ""homepage""",https://github.com/substack/node-commondir/issues,"as detected from PackageJson property ""bugs.url""",https://registry.npmjs.org/commondir/-/commondir-1.0.1.tgz,"as detected from npm-ls property ""resolved""",,,mail@substack.net,active,Active in npm registry,2022-11-11T06:34:04.518Z
library,pkg-dir@4.2.0,MIT,,Sindre Sorhus,pkg-dir,4.2.0,pkg:npm/pkg-dir@4.2.0,node_modules/pkg-dir,Find the root directory of a Node.js project or npm package,git+https://github.com/sindresorhus/pkg-dir.git,"as detected from PackageJson property ""repository.url""",https://github.com/sindresorhus/pkg-dir#readme,"as detected from PackageJson property ""homepage""",https://github.com/sindresorhus/pkg-dir/issues,"as detected from PackageJson property ""bugs.url""",https://registry.npmjs.org/pkg-dir/-/pkg-dir-4.2.0.tgz,"as detected from npm-ls property ""resolved""",,,sindresorhus@gmail.com,active,Active in npm registry,2025-06-05T18:34:06.155Z
library,pkg-dir@4.2.0|find-up@4.1.0,MIT,,Sindre Sorhus,find-up,4.1.0,pkg:npm/find-up@4.1.0,node_modules/pkg-dir/node_modules/find-up,Find a file or directory by walking up parent directories,git+https://github.com/sindresorhus/find-up.git,"as detected from PackageJson property ""repository.url""",https://github.com/sindresorhus/find-up#readme,"as detected from PackageJson property ""homepage""",https://github.com/sindresorhus/find-up/issues,"as detected from PackageJson property ""bugs.url""",https://registry.npmjs.org/find-up/-/find-up-4.1.0.tgz,"as detected from npm-ls property ""resolved""",,,sindresorhus@gmail.com,active,Active in npm registry,2025-09-16T01:13:57.276Z
library,pkg-dir@4.2.0|locate-path@5.0.0,MIT,,Sindre Sorhus,locate-path,5.0.0,pkg:npm/locate-path@5.0.0,node_modules/pkg-dir/node_modules/locate-path,Get the first path that exists on disk of multiple paths,git+https://github.com/sindresorhus/locate-path.git,"as detected from PackageJson property ""repository.url""",https://github.com/sindresorhus/locate-path#readme,"as detected from PackageJson property ""homepage""",https://github.com/sindresorhus/locate-path/issues,"as detected from PackageJson property ""bugs.url""",https://registry.npmjs.org/locate-path/-/locate-path-5.0.0.tgz,"as detected from npm-ls property ""resolved""",,,sindresorhus@gmail.com,active,Active in npm registry,2025-09-15T23:17:38.996Z
library,pkg-dir@4.2.0|p-locate@4.1.0,MIT,,Sindre Sorhus,p-locate,4.1.0,pkg:npm/p-locate@4.1.0,node_modules/pkg-dir/node_modules/p-locate,Get the first fulfilled promise that satisfies the provided testing function,git+https://github.com/sindresorhus/p-locate.git,"as detected from PackageJson property ""repository.url""",https://github.com/sindresorhus/p-locate#readme,"as detected from PackageJson property ""homepage""",https://github.com/sindresorhus/p-locate/issues,"as detected from PackageJson property ""bugs.url""",https://registry.npmjs.org/p-locate/-/p-locate-4.1.0.tgz,"as detected from npm-ls property ""resolved""",,,sindresorhus@gmail.com,active,Active in npm registry,2026-02-03T07:57:50.017Z
library,pkg-dir@4.2.0|p-limit@2.3.0,MIT,,Sindre Sorhus,p-limit,2.3.0,pkg:npm/p-limit@2.3.0,node_modules/pkg-dir/node_modules/p-limit,Run multiple promise-returning & async functions with limited concurrency,git+https://github.com/sindresorhus/p-limit.git,"as detected from PackageJson property ""repository.url""",https://github.com/sindresorhus/p-limit#readme,"as detected from PackageJson property ""homepage""",https://github.com/sindresorhus/p-limit/issues,"as detected from PackageJson property ""bugs.url""",https://registry.npmjs.org/p-limit/-/p-limit-2.3.0.tgz,"as detected from npm-ls property ""resolved""",,,sindresorhus@gmail.com,active,Active in npm registry,2026-08-31T16:53:23.147Z
library,glob@13.0.6,BlueOak-1.0.0,,Isaac Z. Schlueter,glob,13.0.6,pkg:npm/glob@13.0.6,node_modules/glob,the most correct and second fastest glob implementation in JavaScript,git+ssh://git@github.com/isaacs/node-glob.git,"as detected from PackageJson property ""repository.url""",https://github.com/isaacs/node-glob#readme,"as detected from PackageJson property ""homepage""",https://github.com/isaacs/node-glob/issues,"as detected from PackageJson property ""bugs.url""",https://registry.npmjs.org/glob/-/glob-13.0.6.tgz,"as detected from npm-ls property ""resolved""",,,i@izs.me,active,Active in npm registry,2026-02-19T17:26:33.383Z
library,glob@13.0.6|minimatch@10.2.6,BlueOak-1.0.0,,Isaac Z. Schlueter,minimatch,10.2.6,pkg:npm/minimatch@10.2.6,node_modules/glob/node_modules/minimatch,a glob matcher in javascript,git+ssh://git@github.com/isaacs/minimatch.git,"as detected from PackageJson property ""repository.url""",https://github.com/isaacs/minimatch#readme,"as detected from PackageJson property ""homepage""",https://github.com/isaacs/minimatch/issues,"as detected from PackageJson property ""bugs.url""",https://registry.npmjs.org/minimatch/-/minimatch-10.2.6.tgz,"as detected from npm-ls property ""resolved""",,,i@izs.me,active,Active in npm registry,2026-07-27T19:00:09.643Z
library,path-scurry@2.0.2,BlueOak-1.0.0,,Isaac Z. Schlueter,path-scurry,2.0.2,pkg:npm/path-scurry@2.0.2,node_modules/path-scurry,walk paths fast and efficiently,git+https://github.com/isaacs/path-scurry.git,"as detected from PackageJson property ""repository.url""",https://github.com/isaacs/path-scurry#readme,"as detected from PackageJson property ""homepage""",https://github.com/isaacs/path-scurry/issues,"as detected from PackageJson property ""bugs.url""",https://registry.npmjs.org/path-scurry/-/path-scurry-2.0.2.tgz,"as detected from npm-ls property ""resolved""",,,i@izs.me,active,Active in npm registry,2026-02-19T17:20:00.316Z
library,path-scurry@2.0.2|lru-cache@11.5.2,BlueOak-1.0.0,,Isaac Z. Schlueter,lru-cache,11.5.2,pkg:npm/lru-cache@11.5.2,node_modules/path-scurry/node_modules/lru-cache,A cache object that deletes the least-recently-used items.,git+ssh://git@github.com/isaacs/node-lru-cache.git,"as detected from PackageJson property ""repository.url""",https://github.com/isaacs/node-lru-cache#readme,"as detected from PackageJson property ""homepage""",https://github.com/isaacs/node-lru-cache/issues,"as detected from PackageJson property ""bugs.url""",https://registry.npmjs.org/lru-cache/-/lru-cache-11.5.2.tgz,"as detected from npm-ls property ""resolved""",,,i@izs.me,active,Active in npm registry,2026-07-07T23:27:14.455Z
library,istanbul-lib-coverage@3.2.2,BSD-3-Clause,,Krishnan Anantheswaran,istanbul-lib-coverage,3.2.2,pkg:npm/istanbul-lib-coverage@3.2.2#packages/istanbul-lib-coverage,node_modules/istanbul-lib-coverage,Data library for istanbul coverage objects,git+ssh://git@github.com/istanbuljs/istanbuljs.git#packages/istanbul-lib-coverage,"as detected from PackageJson property ""repository.url"" and ""repository.directory""",https://istanbul.js.org/,"as detected from PackageJson property ""homepage""",https://github.com/istanbuljs/istanbuljs/issues,"as detected from PackageJson property ""bugs.url""",https://registry.npmjs.org/istanbul-lib-coverage/-/istanbul-lib-coverage-3.2.2.tgz,"as detected from npm-ls property ""resolved""",,,kananthmail-github@yahoo.com,active,Active in npm registry,2023-11-08T13:31:07.145Z
library,istanbul-lib-hook@3.0.0,BSD-3-Clause,,Krishnan Anantheswaran,istanbul-lib-hook,3.0.0,pkg:npm/istanbul-lib-hook@3.0.0#packages/istanbul-lib-hook,node_modules/istanbul-lib-hook,Hooks for require~ vm and script used in istanbul,git+ssh://git@github.com/istanbuljs/istanbuljs.git#packages/istanbul-lib-hook,"as detected from PackageJson property ""repository.url"" and ""repository.directory""",https://istanbul.js.org/,"as detected from PackageJson property ""homepage""",https://github.com/istanbuljs/istanbuljs/issues,"as detected from PackageJson property ""bugs.url""",https://registry.npmjs.org/istanbul-lib-hook/-/istanbul-lib-hook-3.0.0.tgz,"as detected from npm-ls property ""resolved""",,,kananthmail-github@yahoo.com,active,Active in npm registry,2022-06-19T03:08:38.451Z
library,append-transform@2.0.0,MIT,,James Talmage,append-transform,2.0.0,pkg:npm/append-transform@2.0.0,node_modules/append-transform,Install a transform to `require.extensions` that always runs last~ even if additional extensions are added later.,git+https://github.com/istanbuljs/append-transform.git,"as detected from PackageJson property ""repository.url""",https://github.com/istanbuljs/append-transform#readme,"as detected from PackageJson property ""homepage""",https://github.com/istanbuljs/append-transform/issues,"as detected from PackageJson property ""bugs.url""",https://registry.npmjs.org/append-transform/-/append-transform-2.0.0.tgz,"as detected from npm-ls property ""resolved""",,,james@talmage.io,active,Active in npm registry,2022-06-13T03:17:39.420Z
library,default-require-extensions@3.0.1,MIT,,,default-require-extensions,3.0.1,pkg:npm/default-require-extensions@3.0.1,node_modules/default-require-extensions,Node's default require extensions as a separate module,git+https://github.com/avajs/default-require-extensions.git,"as detected from PackageJson property ""repository.url""",https://github.com/avajs/default-require-extensions#readme,"as detected from PackageJson property ""homepage""",https://github.com/avajs/default-require-extensions/issues,"as detected from PackageJson property ""bugs.url""",https://registry.npmjs.org/default-require-extensions/-/default-require-extensions-3.0.1.tgz,"as detected from npm-ls property ""resolved""",,,,active,Active in npm registry,2023-06-17T00:10:01.098Z
library,strip-bom@4.0.0,MIT,,Sindre Sorhus,strip-bom,4.0.0,pkg:npm/strip-bom@4.0.0,node_modules/strip-bom,Strip UTF-8 byte order mark (BOM) from a string,git+https://github.com/sindresorhus/strip-bom.git,"as detected from PackageJson property ""repository.url""",https://github.com/sindresorhus/strip-bom#readme,"as detected from PackageJson property ""homepage""",https://github.com/sindresorhus/strip-bom/issues,"as detected from PackageJson property ""bugs.url""",https://registry.npmjs.org/strip-bom/-/strip-bom-4.0.0.tgz,"as detected from npm-ls property ""resolved""",,,sindresorhus@gmail.com,active,Active in npm registry,2023-07-12T19:14:14.322Z
library,istanbul-lib-instrument@6.0.3,BSD-3-Clause,,Krishnan Anantheswaran,istanbul-lib-instrument,6.0.3,pkg:npm/istanbul-lib-instrument@6.0.3#packages/istanbul-lib-instrument,node_modules/istanbul-lib-instrument,Core istanbul API for JS code coverage,git+ssh://git@github.com/istanbuljs/istanbuljs.git#packages/istanbul-lib-instrument,"as detected from PackageJson property ""repository.url"" and ""repository.directory""",https://istanbul.js.org/,"as detected from PackageJson property ""homepage""",https://github.com/istanbuljs/istanbuljs/issues,"as detected from PackageJson property ""bugs.url""",https://registry.npmjs.org/istanbul-lib-instrument/-/istanbul-lib-instrument-6.0.3.tgz,"as detected from npm-ls property ""resolved""",,,kananthmail-github@yahoo.com,active,Active in npm registry,2024-06-30T20:25:58.672Z
library,@babel/core@7.29.7,MIT,@babel,The Babel Team,core,7.29.7,pkg:npm/%40babel/core@7.29.7#packages/babel-core,node_modules/@babel/core,Babel compiler core.,git+https://github.com/babel/babel.git#packages/babel-core,"as detected from PackageJson property ""repository.url"" and ""repository.directory""",https://babel.dev/docs/en/next/babel-core,"as detected from PackageJson property ""homepage""",https://github.com/babel/babel/issues?utf8=%E2%9C%93&q=is%3Aissue+label%3A%22pkg%3A%20core%22+is%3Aopen,"as detected from PackageJson property ""bugs.url""",https://registry.npmjs.org/@babel/core/-/core-7.29.7.tgz,"as detected from npm-ls property ""resolved""",,,,active,Active in npm registry,2026-09-10T21:13:19.882Z
library,@babel/core@7.29.7|convert-source-map@2.0.0,MIT,,Thorsten Lorenz,convert-source-map,2.0.0,pkg:npm/convert-source-map@2.0.0,node_modules/@babel/core/node_modules/convert-source-map,Converts a source-map from/to  different formats and allows adding/changing properties.,git://github.com/thlorenz/convert-source-map.git,"as detected from PackageJson property ""repository.url""",https://github.com/thlorenz/convert-source-map,"as detected from PackageJson property ""homepage""",https://github.com/thlorenz/convert-source-map/issues,"as detected from PackageJson property ""bugs.url""",https://registry.npmjs.org/convert-source-map/-/convert-source-map-2.0.0.tgz,"as detected from npm-ls property ""resolved""",,,thlorenz@gmx.de,active,Active in npm registry,2023-07-09T22:05:41.150Z
library,@babel/core@7.29.7|semver@6.3.1,ISC,,GitHub Inc.,semver,6.3.1,pkg:npm/semver@6.3.1,node_modules/@babel/core/node_modules/semver,The semantic version parser used by npm.,git+https://github.com/npm/node-semver.git,"as detected from PackageJson property ""repository.url""",https://github.com/npm/node-semver#readme,"as detected from PackageJson property ""homepage""",https://github.com/npm/node-semver/issues,"as detected from PackageJson property ""bugs.url""",https://registry.npmjs.org/semver/-/semver-6.3.1.tgz,"as detected from npm-ls property ""resolved""",,,,active,Active in npm registry,2026-09-09T20:11:27.644Z
library,js-tokens@4.0.0,MIT,,Simon Lydell,js-tokens,4.0.0,pkg:npm/js-tokens@4.0.0,node_modules/js-tokens,A regex that tokenizes JavaScript.,git+https://github.com/lydell/js-tokens.git,"as detected from PackageJson property ""repository.url""",https://github.com/lydell/js-tokens#readme,"as detected from PackageJson property ""homepage""",https://github.com/lydell/js-tokens/issues,"as detected from PackageJson property ""bugs.url""",https://registry.npmjs.org/js-tokens/-/js-tokens-4.0.0.tgz,"as detected from npm-ls property ""resolved""",,,,active,Active in npm registry,2025-12-08T21:09:55.633Z
library,picocolors@1.1.1,ISC,,Alexey Raspopov,picocolors,1.1.1,pkg:npm/picocolors@1.1.1,node_modules/picocolors,The tiniest and the fastest library for terminal output formatting with ANSI colors,git+https://github.com/alexeyraspopov/picocolors.git,"as detected from PackageJson property ""repository.url""",https://github.com/alexeyraspopov/picocolors#readme,"as detected from PackageJson property ""homepage""",https://github.com/alexeyraspopov/picocolors/issues,"as detected from PackageJson property ""bugs.url""",https://registry.npmjs.org/picocolors/-/picocolors-1.1.1.tgz,"as detected from npm-ls property ""resolved""",,,,active,Active in npm registry,2024-10-16T18:20:04.161Z
library,@babel/generator@7.29.8,MIT,@babel,The Babel Team,generator,7.29.8,pkg:npm/%40babel/generator@7.29.8#packages/babel-generator,node_modules/@babel/generator,Turns an AST into code.,git+https://github.com/babel/babel.git#packages/babel-generator,"as detected from PackageJson property ""repository.url"" and ""repository.directory""",https://babel.dev/docs/en/next/babel-generator,"as detected from PackageJson property ""homepage""",https://github.com/babel/babel/issues?utf8=%E2%9C%93&q=is%3Aissue+label%3A%22pkg%3A%20generator%22+is%3Aopen,"as detected from PackageJson property ""bugs.url""",https://registry.npmjs.org/@babel/generator/-/generator-7.29.8.tgz,"as detected from npm-ls property ""resolved""",,,,active,Active in npm registry,2026-09-10T21:13:45.132Z
library,@jridgewell/gen-mapping@0.3.13,MIT,@jridgewell,Justin Ridgewell,gen-mapping,0.3.13,pkg:npm/%40jridgewell/gen-mapping@0.3.13#packages/gen-mapping,node_modules/@jridgewell/gen-mapping,Generate source maps,git+https://github.com/jridgewell/sourcemaps.git#packages/gen-mapping,"as detected from PackageJson property ""repository.url"" and ""repository.directory""",https://github.com/jridgewell/sourcemaps/tree/main/packages/gen-mapping,"as detected from PackageJson property ""homepage""",https://github.com/jridgewell/sourcemaps/issues,"as detected from PackageJson property ""bugs.url""",https://registry.npmjs.org/@jridgewell/gen-mapping/-/gen-mapping-0.3.13.tgz,"as detected from npm-ls property ""resolved""",,,justin@ridgewell.name,active,Active in npm registry,2026-05-18T12:23:24.985Z
library,@jridgewell/sourcemap-codec@1.6.0,MIT,@jridgewell,Justin Ridgewell,sourcemap-codec,1.6.0,pkg:npm/%40jridgewell/sourcemap-codec@1.6.0?vcs_url=git%2Bhttps%3A%2F%2Fgithub.com%2Fjridgewell%2Fsourcemaps.git#packages/sourcemap-codec,node_modules/@jridgewell/sourcemap-codec,Encode/decode sourcemap mappings,git+https://github.com/jridgewell/sourcemaps.git#packages/sourcemap-codec,"as detected from PackageJson property ""repository.url"" and ""repository.directory""",https://github.com/jridgewell/sourcemaps/tree/main/packages/sourcemap-codec,"as detected from PackageJson property ""homepage""",https://github.com/jridgewell/sourcemaps/issues,"as detected from PackageJson property ""bugs.url""",,,,,justin@ridgewell.name,active,Active in npm registry,2026-08-28T01:14:47.463Z
library,@jridgewell/trace-mapping@0.3.31,MIT,@jridgewell,Justin Ridgewell,trace-mapping,0.3.31,pkg:npm/%40jridgewell/trace-mapping@0.3.31?vcs_url=git%2Bhttps%3A%2F%2Fgithub.com%2Fjridgewell%2Fsourcemaps.git#packages/trace-mapping,node_modules/@jridgewell/trace-mapping,Trace the original position through a source map,git+https://github.com/jridgewell/sourcemaps.git#packages/trace-mapping,"as detected from PackageJson property ""repository.url"" and ""repository.directory""",https://github.com/jridgewell/sourcemaps/tree/main/packages/trace-mapping,"as detected from PackageJson property ""homepage""",https://github.com/jridgewell/sourcemaps/issues,"as detected from PackageJson property ""bugs.url""",,,,,justin@ridgewell.name,active,Active in npm registry,2025-09-10T20:12:49.655Z
library,@jridgewell/resolve-uri@3.1.2,MIT,@jridgewell,Justin Ridgewell,resolve-uri,3.1.2,pkg:npm/%40jridgewell/resolve-uri@3.1.2?vcs_url=git%2Bhttps%3A%2F%2Fgithub.com%2Fjridgewell%2Fresolve-uri.git,node_modules/@jridgewell/resolve-uri,Resolve a URI relative to an optional base URI,git+https://github.com/jridgewell/resolve-uri.git,"as detected from PackageJson property ""repository.url""",https://github.com/jridgewell/resolve-uri#readme,"as detected from PackageJson property ""homepage""",https://github.com/jridgewell/resolve-uri/issues,"as detected from PackageJson property ""bugs.url""",,,,,justin@ridgewell.name,active,Active in npm registry,2024-02-14T19:32:38.290Z
library,jsesc@3.1.0,MIT,,Mathias Bynens,jsesc,3.1.0,pkg:npm/jsesc@3.1.0,node_modules/jsesc,Given some data~ jsesc returns the shortest possible stringified & ASCII-safe representation of that data.,git+https://github.com/mathiasbynens/jsesc.git,"as detected from PackageJson property ""repository.url""",https://mths.be/jsesc,"as detected from PackageJson property ""homepage""",https://github.com/mathiasbynens/jsesc/issues,"as detected from PackageJson property ""bugs.url""",https://registry.npmjs.org/jsesc/-/jsesc-3.1.0.tgz,"as detected from npm-ls property ""resolved""",,,,active,Active in npm registry,2024-12-11T08:24:34.718Z
library,@babel/helper-compilation-targets@7.29.7,MIT,@babel,The Babel Team,helper-compilation-targets,7.29.7,pkg:npm/%40babel/helper-compilation-targets@7.29.7#packages/babel-helper-compilation-targets,node_modules/@babel/helper-compilation-targets,Helper functions on Babel compilation targets,git+https://github.com/babel/babel.git#packages/babel-helper-compilation-targets,"as detected from PackageJson property ""repository.url"" and ""repository.directory""",https://github.com/babel/babel#readme,"as detected from PackageJson property ""homepage""",https://github.com/babel/babel/issues,"as detected from PackageJson property ""bugs.url""",https://registry.npmjs.org/@babel/helper-compilation-targets/-/helper-compilation-targets-7.29.7.tgz,"as detected from npm-ls property ""resolved""",,,,active,Active in npm registry,2026-09-10T21:15:11.321Z
library,@babel/helper-compilation-targets@7.29.7|lru-cache@5.1.1,ISC,,Isaac Z. Schlueter,lru-cache,5.1.1,pkg:npm/lru-cache@5.1.1,node_modules/@babel/helper-compilation-targets/node_modules/lru-cache,A cache object that deletes the least-recently-used items.,git://github.com/isaacs/node-lru-cache.git,"as detected from PackageJson property ""repository.url""",https://github.com/isaacs/node-lru-cache#readme,"as detected from PackageJson property ""homepage""",https://github.com/isaacs/node-lru-cache/issues,"as detected from PackageJson property ""bugs.url""",https://registry.npmjs.org/lru-cache/-/lru-cache-5.1.1.tgz,"as detected from npm-ls property ""resolved""",,,i@izs.me,active,Active in npm registry,2026-07-07T23:27:14.455Z
library,@babel/helper-compilation-targets@7.29.7|semver@6.3.1,ISC,,GitHub Inc.,semver,6.3.1,pkg:npm/semver@6.3.1,node_modules/@babel/helper-compilation-targets/node_modules/semver,The semantic version parser used by npm.,git+https://github.com/npm/node-semver.git,"as detected from PackageJson property ""repository.url""",https://github.com/npm/node-semver#readme,"as detected from PackageJson property ""homepage""",https://github.com/npm/node-semver/issues,"as detected from PackageJson property ""bugs.url""",https://registry.npmjs.org/semver/-/semver-6.3.1.tgz,"as detected from npm-ls property ""resolved""",,,,active,Active in npm registry,2026-09-09T20:11:27.644Z
library,@babel/compat-data@7.29.7,MIT,@babel,The Babel Team,compat-data,7.29.7,pkg:npm/%40babel/compat-data@7.29.7#packages/babel-compat-data,node_modules/@babel/compat-data,The compat-data to determine required Babel plugins,git+https://github.com/babel/babel.git#packages/babel-compat-data,"as detected from PackageJson property ""repository.url"" and ""repository.directory""",https://github.com/babel/babel#readme,"as detected from PackageJson property ""homepage""",https://github.com/babel/babel/issues,"as detected from PackageJson property ""bugs.url""",https://registry.npmjs.org/@babel/compat-data/-/compat-data-7.29.7.tgz,"as detected from npm-ls property ""resolved""",,,,active,Active in npm registry,2026-09-10T21:13:25.606Z
library,@babel/helper-validator-option@7.29.7,MIT,@babel,The Babel Team,helper-validator-option,7.29.7,pkg:npm/%40babel/helper-validator-option@7.29.7#packages/babel-helper-validator-option,node_modules/@babel/helper-validator-option,Validate plugin/preset options,git+https://github.com/babel/babel.git#packages/babel-helper-validator-option,"as detected from PackageJson property ""repository.url"" and ""repository.directory""",https://github.com/babel/babel#readme,"as detected from PackageJson property ""homepage""",https://github.com/babel/babel/issues,"as detected from PackageJson property ""bugs.url""",https://registry.npmjs.org/@babel/helper-validator-option/-/helper-validator-option-7.29.7.tgz,"as detected from npm-ls property ""resolved""",,,,active,Active in npm registry,2026-06-16T13:58:57.000Z
library,browserslist@4.29.0,MIT,,Andrey Sitnik,browserslist,4.29.0,pkg:npm/browserslist@4.29.0,node_modules/browserslist,Share target browsers between different front-end tools~ like Autoprefixer~ Stylelint and babel-env-preset,git+https://github.com/browserslist/browserslist.git,"as detected from PackageJson property ""repository.url""",https://github.com/browserslist/browserslist#readme,"as detected from PackageJson property ""homepage""",https://github.com/browserslist/browserslist/issues,"as detected from PackageJson property ""bugs.url""",https://registry.npmjs.org/browserslist/-/browserslist-4.29.0.tgz,"as detected from npm-ls property ""resolved""",,,andrey@sitnik.es,active,Active in npm registry,2026-09-15T13:45:00.748Z
library,baseline-browser-mapping@2.11.24,Apache-2.0,,,baseline-browser-mapping,2.11.24,pkg:npm/baseline-browser-mapping@2.11.24,node_modules/baseline-browser-mapping,A library for obtaining browser versions with their maximum supported Baseline feature set and Widely Available status.,git+https://github.com/web-platform-dx/baseline-browser-mapping.git,"as detected from PackageJson property ""repository.url""",https://github.com/web-platform-dx/baseline-browser-mapping#readme,"as detected from PackageJson property ""homepage""",https://github.com/web-platform-dx/baseline-browser-mapping/issues,"as detected from PackageJson property ""bugs.url""",https://registry.npmjs.org/baseline-browser-mapping/-/baseline-browser-mapping-2.11.24.tgz,"as detected from npm-ls property ""resolved""",,,,active,Active in npm registry,2026-09-15T18:04:02.744Z
library,caniuse-lite@1.0.30001810,CC-BY-4.0,,Ben Briggs,caniuse-lite,1.0.30001810,pkg:npm/caniuse-lite@1.0.30001810,node_modules/caniuse-lite,A smaller version of caniuse-db~ with only the essentials!,git+https://github.com/browserslist/caniuse-lite.git,"as detected from PackageJson property ""repository.url""",https://github.com/browserslist/caniuse-lite#readme,"as detected from PackageJson property ""homepage""",https://github.com/browserslist/caniuse-lite/issues,"as detected from PackageJson property ""bugs.url""",https://registry.npmjs.org/caniuse-lite/-/caniuse-lite-1.0.30001810.tgz,"as detected from npm-ls property ""resolved""",,,beneb.info@gmail.com,active,Active in npm registry,2026-08-24T20:04:16.660Z
library,electron-to-chromium@1.5.428,ISC,,Kilian Valkhof,electron-to-chromium,1.5.428,pkg:npm/electron-to-chromium@1.5.428,node_modules/electron-to-chromium,Provides a list of electron-to-chromium version mappings,git+https://github.com/Kilian/electron-to-chromium.git,"as detected from PackageJson property ""repository.url""",https://github.com/Kilian/electron-to-chromium#readme,"as detected from PackageJson property ""homepage""",https://github.com/Kilian/electron-to-chromium/issues,"as detected from PackageJson property ""bugs.url""",https://registry.npmjs.org/electron-to-chromium/-/electron-to-chromium-1.5.428.tgz,"as detected from npm-ls property ""resolved""",,,,active,Active in npm registry,2026-09-16T02:04:18.737Z
library,node-releases@2.0.55,MIT,,Sergey Rubanov,node-releases,2.0.55,pkg:npm/node-releases@2.0.55,node_modules/node-releases,Node.js releases data,git+https://github.com/chicoxyzzy/node-releases.git,"as detected from PackageJson property ""repository.url""",https://github.com/chicoxyzzy/node-releases#readme,"as detected from PackageJson property ""homepage""",https://github.com/chicoxyzzy/node-releases/issues,"as detected from PackageJson property ""bugs.url""",https://registry.npmjs.org/node-releases/-/node-releases-2.0.55.tgz,"as detected from npm-ls property ""resolved""",,,chi187@gmail.com,active,Active in npm registry,2026-09-09T08:06:58.348Z
library,update-browserslist-db@1.3.3,MIT,,Andrey Sitnik,update-browserslist-db,1.3.3,pkg:npm/update-browserslist-db@1.3.3,node_modules/update-browserslist-db,CLI tool to update caniuse-lite to refresh target browsers from Browserslist config,git+https://github.com/browserslist/update-db.git,"as detected from PackageJson property ""repository.url""",https://github.com/browserslist/update-db#readme,"as detected from PackageJson property ""homepage""",https://github.com/browserslist/update-db/issues,"as detected from PackageJson property ""bugs.url""",https://registry.npmjs.org/update-browserslist-db/-/update-browserslist-db-1.3.3.tgz,"as detected from npm-ls property ""resolved""",,,andrey@sitnik.es,active,Active in npm registry,2026-09-10T17:39:26.680Z
library,yallist@3.1.1,ISC,,Isaac Z. Schlueter,yallist,3.1.1,pkg:npm/yallist@3.1.1,node_modules/yallist,Yet Another Linked List,git+https://github.com/isaacs/yallist.git,"as detected from PackageJson property ""repository.url""",https://github.com/isaacs/yallist#readme,"as detected from PackageJson property ""homepage""",https://github.com/isaacs/yallist/issues,"as detected from PackageJson property ""bugs.url""",https://registry.npmjs.org/yallist/-/yallist-3.1.1.tgz,"as detected from npm-ls property ""resolved""",,,i@izs.me,active,Active in npm registry,2024-04-09T19:21:45.008Z
library,@babel/helper-module-transforms@7.29.7,MIT,@babel,The Babel Team,helper-module-transforms,7.29.7,pkg:npm/%40babel/helper-module-transforms@7.29.7#packages/babel-helper-module-transforms,node_modules/@babel/helper-module-transforms,Babel helper functions for implementing ES6 module transformations,git+https://github.com/babel/babel.git#packages/babel-helper-module-transforms,"as detected from PackageJson property ""repository.url"" and ""repository.directory""",https://babel.dev/docs/en/next/babel-helper-module-transforms,"as detected from PackageJson property ""homepage""",https://github.com/babel/babel/issues,"as detected from PackageJson property ""bugs.url""",https://registry.npmjs.org/@babel/helper-module-transforms/-/helper-module-transforms-7.29.7.tgz,"as detected from npm-ls property ""resolved""",,,,active,Active in npm registry,2026-09-10T21:12:08.347Z
library,@babel/helper-module-imports@7.29.7,MIT,@babel,The Babel Team,helper-module-imports,7.29.7,pkg:npm/%40babel/helper-module-imports@7.29.7#packages/babel-helper-module-imports,node_modules/@babel/helper-module-imports,Babel helper functions for inserting module loads,git+https://github.com/babel/babel.git#packages/babel-helper-module-imports,"as detected from PackageJson property ""repository.url"" and ""repository.directory""",https://babel.dev/docs/en/next/babel-helper-module-imports,"as detected from PackageJson property ""homepage""",https://github.com/babel/babel/issues,"as detected from PackageJson property ""bugs.url""",https://registry.npmjs.org/@babel/helper-module-imports/-/helper-module-imports-7.29.7.tgz,"as detected from npm-ls property ""resolved""",,,,active,Active in npm registry,2026-06-16T13:58:23.835Z
library,@babel/traverse@7.29.8,MIT,@babel,The Babel Team,traverse,7.29.8,pkg:npm/%40babel/traverse@7.29.8?vcs_url=git%2Bhttps%3A%2F%2Fgithub.com%2Fbabel%2Fbabel.git#packages/babel-traverse,node_modules/@babel/traverse,The Babel Traverse module maintains the overall tree state~ and is responsible for replacing~ removing~ and adding nodes,git+https://github.com/babel/babel.git#packages/babel-traverse,"as detected from PackageJson property ""repository.url"" and ""repository.directory""",https://babel.dev/docs/en/next/babel-traverse,"as detected from PackageJson property ""homepage""",https://github.com/babel/babel/issues?utf8=%E2%9C%93&q=is%3Aissue+label%3A%22pkg%3A%20traverse%22+is%3Aopen,"as detected from PackageJson property ""bugs.url""",,,,,,active,Active in npm registry,2026-09-10T21:13:17.073Z
library,@babel/helpers@7.29.7,MIT,@babel,The Babel Team,helpers,7.29.7,pkg:npm/%40babel/helpers@7.29.7#packages/babel-helpers,node_modules/@babel/helpers,Collection of helper functions used by Babel transforms.,git+https://github.com/babel/babel.git#packages/babel-helpers,"as detected from PackageJson property ""repository.url"" and ""repository.directory""",https://babel.dev/docs/en/next/babel-helpers,"as detected from PackageJson property ""homepage""",https://github.com/babel/babel/issues,"as detected from PackageJson property ""bugs.url""",https://registry.npmjs.org/@babel/helpers/-/helpers-7.29.7.tgz,"as detected from npm-ls property ""resolved""",,,,active,Active in npm registry,2026-09-10T21:14:08.184Z
library,@babel/template@7.29.7,MIT,@babel,The Babel Team,template,7.29.7,pkg:npm/%40babel/template@7.29.7?vcs_url=git%2Bhttps%3A%2F%2Fgithub.com%2Fbabel%2Fbabel.git#packages/babel-template,node_modules/@babel/template,Generate an AST from a string template.,git+https://github.com/babel/babel.git#packages/babel-template,"as detected from PackageJson property ""repository.url"" and ""repository.directory""",https://babel.dev/docs/en/next/babel-template,"as detected from PackageJson property ""homepage""",https://github.com/babel/babel/issues?utf8=%E2%9C%93&q=is%3Aissue+label%3A%22pkg%3A%20template%22+is%3Aopen,"as detected from PackageJson property ""bugs.url""",,,,,,active,Active in npm registry,2026-06-16T14:03:20.322Z
library,@babel/helper-globals@7.29.7,MIT,@babel,The Babel Team,helper-globals,7.29.7,pkg:npm/%40babel/helper-globals@7.29.7#packages/babel-helper-globals,node_modules/@babel/helper-globals,A collection of JavaScript globals for Babel internal usage,git+https://github.com/babel/babel.git#packages/babel-helper-globals,"as detected from PackageJson property ""repository.url"" and ""repository.directory""",https://github.com/babel/babel#readme,"as detected from PackageJson property ""homepage""",https://github.com/babel/babel/issues,"as detected from PackageJson property ""bugs.url""",https://registry.npmjs.org/@babel/helper-globals/-/helper-globals-7.29.7.tgz,"as detected from npm-ls property ""resolved""",,,,active,Active in npm registry,2026-06-16T13:58:14.148Z
library,@jridgewell/remapping@2.3.5,MIT,@jridgewell,Justin Ridgewell,remapping,2.3.5,pkg:npm/%40jridgewell/remapping@2.3.5#packages/remapping,node_modules/@jridgewell/remapping,Remap sequential sourcemaps through transformations to point at the original source code,git+https://github.com/jridgewell/sourcemaps.git#packages/remapping,"as detected from PackageJson property ""repository.url"" and ""repository.directory""",https://github.com/jridgewell/sourcemaps/tree/main/packages/remapping,"as detected from PackageJson property ""homepage""",https://github.com/jridgewell/sourcemaps/issues,"as detected from PackageJson property ""bugs.url""",https://registry.npmjs.org/@jridgewell/remapping/-/remapping-2.3.5.tgz,"as detected from npm-ls property ""resolved""",,,justin@ridgewell.name,active,Active in npm registry,2025-08-12T06:43:35.514Z
library,gensync@1.0.0-beta.2,MIT,,Logan Smyth,gensync,1.0.0-beta.2,pkg:npm/gensync@1.0.0-beta.2,node_modules/gensync,Allows users to use generators in order to write common functions that can be both sync or async.,git+https://github.com/loganfsmyth/gensync.git,"as detected from PackageJson property ""repository.url""",https://github.com/loganfsmyth/gensync,"as detected from PackageJson property ""homepage""",https://github.com/loganfsmyth/gensync/issues,"as detected from PackageJson property ""bugs.url""",https://registry.npmjs.org/gensync/-/gensync-1.0.0-beta.2.tgz,"as detected from npm-ls property ""resolved""",,,loganfsmyth@gmail.com,active,Active in npm registry,2022-06-18T07:31:53.380Z
library,json5@2.2.3,MIT,,Aseem Kishore,json5,2.2.3,pkg:npm/json5@2.2.3,node_modules/json5,JSON for Humans,git+https://github.com/json5/json5.git,"as detected from PackageJson property ""repository.url""",http://json5.org/,"as detected from PackageJson property ""homepage""",https://github.com/json5/json5/issues,"as detected from PackageJson property ""bugs.url""",https://registry.npmjs.org/json5/-/json5-2.2.3.tgz,"as detected from npm-ls property ""resolved""",,,aseem.kishore@gmail.com,active,Active in npm registry,2023-03-04T17:04:33.373Z
library,istanbul-lib-processinfo@3.0.1,ISC,,,istanbul-lib-processinfo,3.0.1,pkg:npm/istanbul-lib-processinfo@3.0.1,node_modules/istanbul-lib-processinfo,A utility for managing the `processinfo` folder that NYC uses.,git+https://github.com/istanbuljs/istanbul-lib-processinfo.git,"as detected from PackageJson property ""repository.url""",https://github.com/istanbuljs/istanbul-lib-processinfo#readme,"as detected from PackageJson property ""homepage""",https://github.com/istanbuljs/istanbul-lib-processinfo/issues,"as detected from PackageJson property ""bugs.url""",https://registry.npmjs.org/istanbul-lib-processinfo/-/istanbul-lib-processinfo-3.0.1.tgz,"as detected from npm-ls property ""resolved""",,,,active,Active in npm registry,2026-06-08T16:55:22.940Z
library,istanbul-lib-processinfo@3.0.1|rimraf@6.1.3,BlueOak-1.0.0,,Isaac Z. Schlueter,rimraf,6.1.3,pkg:npm/rimraf@6.1.3,node_modules/istanbul-lib-processinfo/node_modules/rimraf,A deep deletion module for node (like `rm -rf`),git+ssh://git@github.com/isaacs/rimraf.git,"as detected from PackageJson property ""repository.url""",https://github.com/isaacs/rimraf#readme,"as detected from PackageJson property ""homepage""",https://github.com/isaacs/rimraf/issues,"as detected from PackageJson property ""bugs.url""",https://registry.npmjs.org/rimraf/-/rimraf-6.1.3.tgz,"as detected from npm-ls property ""resolved""",,,i@izs.me,active,Active in npm registry,2026-04-03T13:52:28.331Z
library,archy@1.0.0,MIT,,James Halliday,archy,1.0.0,pkg:npm/archy@1.0.0,node_modules/archy,render nested hierarchies `npm ls` style with unicode pipes,git+ssh://git@github.com/substack/node-archy.git,"as detected from PackageJson property ""repository.url""",https://github.com/substack/node-archy#readme,"as detected from PackageJson property ""homepage""",https://github.com/substack/node-archy/issues,"as detected from PackageJson property ""bugs.url""",https://registry.npmjs.org/archy/-/archy-1.0.0.tgz,"as detected from npm-ls property ""resolved""",,,mail@substack.net,active,Active in npm registry,2023-03-05T20:15:52.681Z
library,p-map@3.0.0,MIT,,Sindre Sorhus,p-map,3.0.0,pkg:npm/p-map@3.0.0?vcs_url=git%2Bhttps%3A%2F%2Fgithub.com%2Fsindresorhus%2Fp-map.git,node_modules/p-map,Map over promises concurrently,git+https://github.com/sindresorhus/p-map.git,"as detected from PackageJson property ""repository.url""",https://github.com/sindresorhus/p-map#readme,"as detected from PackageJson property ""homepage""",https://github.com/sindresorhus/p-map/issues,"as detected from PackageJson property ""bugs.url""",,,,,sindresorhus@gmail.com,active,Active in npm registry,2026-09-12T23:43:06.661Z
library,istanbul-lib-report@3.0.1,BSD-3-Clause,,Krishnan Anantheswaran,istanbul-lib-report,3.0.1,pkg:npm/istanbul-lib-report@3.0.1#packages/istanbul-lib-report,node_modules/istanbul-lib-report,Base reporting library for istanbul,git+ssh://git@github.com/istanbuljs/istanbuljs.git#packages/istanbul-lib-report,"as detected from PackageJson property ""repository.url"" and ""repository.directory""",https://istanbul.js.org/,"as detected from PackageJson property ""homepage""",https://github.com/istanbuljs/istanbuljs/issues,"as detected from PackageJson property ""bugs.url""",https://registry.npmjs.org/istanbul-lib-report/-/istanbul-lib-report-3.0.1.tgz,"as detected from npm-ls property ""resolved""",,,kananthmail-github@yahoo.com,active,Active in npm registry,2023-07-25T14:31:38.537Z
library,istanbul-lib-report@3.0.1|make-dir@4.0.0,MIT,,Sindre Sorhus,make-dir,4.0.0,pkg:npm/make-dir@4.0.0,node_modules/istanbul-lib-report/node_modules/make-dir,Make a directory and its parents if needed - Think `mkdir -p`,git+https://github.com/sindresorhus/make-dir.git,"as detected from PackageJson property ""repository.url""",https://github.com/sindresorhus/make-dir#readme,"as detected from PackageJson property ""homepage""",https://github.com/sindresorhus/make-dir/issues,"as detected from PackageJson property ""bugs.url""",https://registry.npmjs.org/make-dir/-/make-dir-4.0.0.tgz,"as detected from npm-ls property ""resolved""",,,sindresorhus@gmail.com,active,Active in npm registry,2025-09-10T18:24:35.991Z
library,istanbul-lib-source-maps@4.0.1,BSD-3-Clause,,Krishnan Anantheswaran,istanbul-lib-source-maps,4.0.1,pkg:npm/istanbul-lib-source-maps@4.0.1#packages/istanbul-lib-source-maps,node_modules/istanbul-lib-source-maps,Source maps support for istanbul,git+ssh://git@github.com/istanbuljs/istanbuljs.git#packages/istanbul-lib-source-maps,"as detected from PackageJson property ""repository.url"" and ""repository.directory""",https://istanbul.js.org/,"as detected from PackageJson property ""homepage""",https://github.com/istanbuljs/istanbuljs/issues,"as detected from PackageJson property ""bugs.url""",https://registry.npmjs.org/istanbul-lib-source-maps/-/istanbul-lib-source-maps-4.0.1.tgz,"as detected from npm-ls property ""resolved""",,,kananthmail-github@yahoo.com,active,Active in npm registry,2024-07-02T09:19:35.853Z
library,istanbul-reports@3.2.0,BSD-3-Clause,,Krishnan Anantheswaran,istanbul-reports,3.2.0,pkg:npm/istanbul-reports@3.2.0#packages/istanbul-reports,node_modules/istanbul-reports,istanbul reports,git+ssh://git@github.com/istanbuljs/istanbuljs.git#packages/istanbul-reports,"as detected from PackageJson property ""repository.url"" and ""repository.directory""",https://istanbul.js.org/,"as detected from PackageJson property ""homepage""",https://github.com/istanbuljs/istanbuljs/issues,"as detected from PackageJson property ""bugs.url""",https://registry.npmjs.org/istanbul-reports/-/istanbul-reports-3.2.0.tgz,"as detected from npm-ls property ""resolved""",,,kananthmail-github@yahoo.com,active,Active in npm registry,2025-08-18T12:13:17.620Z
library,html-escaper@2.0.2,MIT,,Andrea Giammarchi,html-escaper,2.0.2,pkg:npm/html-escaper@2.0.2,node_modules/html-escaper,fast and safe way to escape and unescape &<>' chars,git+https://github.com/WebReflection/html-escaper.git,"as detected from PackageJson property ""repository.url""",https://github.com/WebReflection/html-escaper,"as detected from PackageJson property ""homepage""",https://github.com/WebReflection/html-escaper/issues,"as detected from PackageJson property ""bugs.url""",https://registry.npmjs.org/html-escaper/-/html-escaper-2.0.2.tgz,"as detected from npm-ls property ""resolved""",,,,active,Active in npm registry,2022-06-18T21:52:34.448Z
library,node-preload@0.2.1,MIT,,Corey Farrell,node-preload,0.2.1,pkg:npm/node-preload@0.2.1,node_modules/node-preload,Request that Node.js child processes preload modules,git+https://github.com/cfware/node-preload.git,"as detected from PackageJson property ""repository.url""",https://github.com/cfware/node-preload#readme,"as detected from PackageJson property ""homepage""",https://github.com/cfware/node-preload/issues,"as detected from PackageJson property ""bugs.url""",https://registry.npmjs.org/node-preload/-/node-preload-0.2.1.tgz,"as detected from npm-ls property ""resolved""",,,,active,Active in npm registry,2022-05-11T02:35:19.219Z
library,process-on-spawn@1.1.0,MIT,,Corey Farrell,process-on-spawn,1.1.0,pkg:npm/process-on-spawn@1.1.0?vcs_url=git%2Bhttps%3A%2F%2Fgithub.com%2Fcfware%2Fprocess-on-spawn.git,node_modules/process-on-spawn,Execute callbacks when child processes are spawned,git+https://github.com/cfware/process-on-spawn.git,"as detected from PackageJson property ""repository.url""",https://github.com/cfware/process-on-spawn#readme,"as detected from PackageJson property ""homepage""",https://github.com/cfware/process-on-spawn/issues,"as detected from PackageJson property ""bugs.url""",,,,,,active,Active in npm registry,2024-11-13T14:58:13.300Z
library,aggregate-error@3.1.0,MIT,,Sindre Sorhus,aggregate-error,3.1.0,pkg:npm/aggregate-error@3.1.0,node_modules/aggregate-error,Create an error from multiple errors,git+https://github.com/sindresorhus/aggregate-error.git,"as detected from PackageJson property ""repository.url""",https://github.com/sindresorhus/aggregate-error#readme,"as detected from PackageJson property ""homepage""",https://github.com/sindresorhus/aggregate-error/issues,"as detected from PackageJson property ""bugs.url""",https://registry.npmjs.org/aggregate-error/-/aggregate-error-3.1.0.tgz,"as detected from npm-ls property ""resolved""",,,sindresorhus@gmail.com,active,Active in npm registry,2023-09-14T06:53:27.333Z
library,clean-stack@2.2.0,MIT,,Sindre Sorhus,clean-stack,2.2.0,pkg:npm/clean-stack@2.2.0,node_modules/clean-stack,Clean up error stack traces,git+https://github.com/sindresorhus/clean-stack.git,"as detected from PackageJson property ""repository.url""",https://github.com/sindresorhus/clean-stack#readme,"as detected from PackageJson property ""homepage""",https://github.com/sindresorhus/clean-stack/issues,"as detected from PackageJson property ""bugs.url""",https://registry.npmjs.org/clean-stack/-/clean-stack-2.2.0.tgz,"as detected from npm-ls property ""resolved""",,,sindresorhus@gmail.com,active,Active in npm registry,2025-11-04T06:46:28.605Z
library,indent-string@4.0.0,MIT,,Sindre Sorhus,indent-string,4.0.0,pkg:npm/indent-string@4.0.0,node_modules/indent-string,Indent each line in a string,git+https://github.com/sindresorhus/indent-string.git,"as detected from PackageJson property ""repository.url""",https://github.com/sindresorhus/indent-string#readme,"as detected from PackageJson property ""homepage""",https://github.com/sindresorhus/indent-string/issues,"as detected from PackageJson property ""bugs.url""",https://registry.npmjs.org/indent-string/-/indent-string-4.0.0.tgz,"as detected from npm-ls property ""resolved""",,,sindresorhus@gmail.com,active,Active in npm registry,2023-06-16T22:40:43.749Z
library,fromentries@1.3.2,MIT,,Feross Aboukhadijeh,fromentries,1.3.2,pkg:npm/fromentries@1.3.2,node_modules/fromentries,Object.fromEntries() ponyfill (in 6 lines),git://github.com/feross/fromentries.git,"as detected from PackageJson property ""repository.url""",https://github.com/feross/fromentries,"as detected from PackageJson property ""homepage""",https://github.com/feross/fromentries/issues,"as detected from PackageJson property ""bugs.url""",https://registry.npmjs.org/fromentries/-/fromentries-1.3.2.tgz,"as detected from npm-ls property ""resolved""",,,feross@feross.org,active,Active in npm registry,2022-05-02T22:41:47.162Z
library,spawn-wrap@3.0.0,BlueOak-1.0.0,,Isaac Z. Schlueter,spawn-wrap,3.0.0,pkg:npm/spawn-wrap@3.0.0,node_modules/spawn-wrap,Wrap all spawned Node.js child processes by adding environs and arguments ahead of the main JavaScript file argument.,git+https://github.com/istanbuljs/spawn-wrap.git,"as detected from PackageJson property ""repository.url""",https://github.com/istanbuljs/spawn-wrap#readme,"as detected from PackageJson property ""homepage""",https://github.com/istanbuljs/spawn-wrap/issues,"as detected from PackageJson property ""bugs.url""",https://registry.npmjs.org/spawn-wrap/-/spawn-wrap-3.0.0.tgz,"as detected from npm-ls property ""resolved""",,,i@izs.me,active,Active in npm registry,2026-02-22T21:03:27.096Z
library,spawn-wrap@3.0.0|foreground-child@2.0.0,ISC,,Isaac Z. Schlueter,foreground-child,2.0.0,pkg:npm/foreground-child@2.0.0,node_modules/spawn-wrap/node_modules/foreground-child,Run a child as if it's the foreground process.  Give it stdio.  Exit when it exits.,git+https://github.com/tapjs/foreground-child.git,"as detected from PackageJson property ""repository.url""",https://github.com/tapjs/foreground-child#readme,"as detected from PackageJson property ""homepage""",https://github.com/tapjs/foreground-child/issues,"as detected from PackageJson property ""bugs.url""",https://registry.npmjs.org/foreground-child/-/foreground-child-2.0.0.tgz,"as detected from npm-ls property ""resolved""",,,i@izs.me,active,Active in npm registry,2026-02-06T18:01:11.729Z
library,spawn-wrap@3.0.0|rimraf@6.1.3,BlueOak-1.0.0,,Isaac Z. Schlueter,rimraf,6.1.3,pkg:npm/rimraf@6.1.3,node_modules/spawn-wrap/node_modules/rimraf,A deep deletion module for node (like `rm -rf`),git+ssh://git@github.com/isaacs/rimraf.git,"as detected from PackageJson property ""repository.url""",https://github.com/isaacs/rimraf#readme,"as detected from PackageJson property ""homepage""",https://github.com/isaacs/rimraf/issues,"as detected from PackageJson property ""bugs.url""",https://registry.npmjs.org/rimraf/-/rimraf-6.1.3.tgz,"as detected from npm-ls property ""resolved""",,,i@izs.me,active,Active in npm registry,2026-04-03T13:52:28.331Z
library,is-windows@1.0.2,MIT,,Jon Schlinkert,is-windows,1.0.2,pkg:npm/is-windows@1.0.2,node_modules/is-windows,Returns true if the platform is windows. UMD module~ works with node.js~ commonjs~ browser~ AMD~ electron~ etc.,git+https://github.com/jonschlinkert/is-windows.git,"as detected from PackageJson property ""repository.url""",https://github.com/jonschlinkert/is-windows,"as detected from PackageJson property ""homepage""",https://github.com/jonschlinkert/is-windows/issues,"as detected from PackageJson property ""bugs.url""",https://registry.npmjs.org/is-windows/-/is-windows-1.0.2.tgz,"as detected from npm-ls property ""resolved""",,,,active,Active in npm registry,2022-06-19T02:53:53.419Z
library,test-exclude@8.0.0,ISC,,Ben Coe,test-exclude,8.0.0,pkg:npm/test-exclude@8.0.0,node_modules/test-exclude,test for inclusion or exclusion of paths using globs,git+https://github.com/istanbuljs/test-exclude.git,"as detected from PackageJson property ""repository.url""",https://istanbul.js.org/,"as detected from PackageJson property ""homepage""",https://github.com/istanbuljs/test-exclude/issues,"as detected from PackageJson property ""bugs.url""",https://registry.npmjs.org/test-exclude/-/test-exclude-8.0.0.tgz,"as detected from npm-ls property ""resolved""",,,ben@npmjs.com,active,Active in npm registry,2026-02-22T17:10:34.191Z
library,test-exclude@8.0.0|minimatch@10.2.6,BlueOak-1.0.0,,Isaac Z. Schlueter,minimatch,10.2.6,pkg:npm/minimatch@10.2.6,node_modules/test-exclude/node_modules/minimatch,a glob matcher in javascript,git+ssh://git@github.com/isaacs/minimatch.git,"as detected from PackageJson property ""repository.url""",https://github.com/isaacs/minimatch#readme,"as detected from PackageJson property ""homepage""",https://github.com/isaacs/minimatch/issues,"as detected from PackageJson property ""bugs.url""",https://registry.npmjs.org/minimatch/-/minimatch-10.2.6.tgz,"as detected from npm-ls property ""resolved""",,,i@izs.me,active,Active in npm registry,2026-07-27T19:00:09.643Z
library,require-main-filename@2.0.0,ISC,,Ben Coe,require-main-filename,2.0.0,pkg:npm/require-main-filename@2.0.0,node_modules/require-main-filename,shim for require.main.filename() that works in as many environments as possible,git+ssh://git@github.com/yargs/require-main-filename.git,"as detected from PackageJson property ""repository.url""",https://github.com/yargs/require-main-filename#readme,"as detected from PackageJson property ""homepage""",https://github.com/yargs/require-main-filename/issues,"as detected from PackageJson property ""bugs.url""",https://registry.npmjs.org/require-main-filename/-/require-main-filename-2.0.0.tgz,"as detected from npm-ls property ""resolved""",,,ben@npmjs.com,active,Active in npm registry,2022-06-26T11:38:43.336Z
library,set-blocking@2.0.0,ISC,,Ben Coe,set-blocking,2.0.0,pkg:npm/set-blocking@2.0.0,node_modules/set-blocking,set blocking stdio and stderr ensuring that terminal output does not truncate,git+https://github.com/yargs/set-blocking.git,"as detected from PackageJson property ""repository.url""",https://github.com/yargs/set-blocking#readme,"as detected from PackageJson property ""homepage""",https://github.com/yargs/set-blocking/issues,"as detected from PackageJson property ""bugs.url""",https://registry.npmjs.org/set-blocking/-/set-blocking-2.0.0.tgz,"as detected from npm-ls property ""resolved""",,,ben@npmjs.com,active,Active in npm registry,2022-06-26T18:18:15.201Z
library,which-module@2.0.1,ISC,,nexdrew,which-module,2.0.1,pkg:npm/which-module@2.0.1,node_modules/which-module,Find the module object for something that was require()d,git+https://github.com/nexdrew/which-module.git,"as detected from PackageJson property ""repository.url""",https://github.com/nexdrew/which-module#readme,"as detected from PackageJson property ""homepage""",https://github.com/nexdrew/which-module/issues,"as detected from PackageJson property ""bugs.url""",https://registry.npmjs.org/which-module/-/which-module-2.0.1.tgz,"as detected from npm-ls property ""resolved""",,,,active,Active in npm registry,2023-07-23T04:47:01.895Z
library,pre-commit@2.0.0,MIT,,Arnout Kazemier,pre-commit,2.0.0,pkg:npm/pre-commit@2.0.0,node_modules/pre-commit,Automatically install pre-commit hooks for your npm modules.,git://github.com/observing/pre-commit.git,"as detected from PackageJson property ""repository.url""",https://github.com/observing/pre-commit,"as detected from PackageJson property ""homepage""",https://github.com/observing/pre-commit/issues,"as detected from PackageJson property ""bugs.url""",https://registry.npmjs.org/pre-commit/-/pre-commit-2.0.0.tgz,"as detected from npm-ls property ""resolved""",,,opensource@observe.it,active,Active in npm registry,2026-04-28T14:32:29.777Z
library,pre-commit@2.0.0|which@4.0.0,ISC,,GitHub Inc.,which,4.0.0,pkg:npm/which@4.0.0,node_modules/pre-commit/node_modules/which,Like which(1) unix command. Find the first instance of an executable in the PATH.,git+https://github.com/npm/node-which.git,"as detected from PackageJson property ""repository.url""",https://github.com/npm/node-which#readme,"as detected from PackageJson property ""homepage""",https://github.com/npm/node-which/issues,"as detected from PackageJson property ""bugs.url""",https://registry.npmjs.org/which/-/which-4.0.0.tgz,"as detected from npm-ls property ""resolved""",,,,active,Active in npm registry,2026-09-09T20:11:31.134Z
library,pre-commit@2.0.0|isexe@3.1.5,BlueOak-1.0.0,,Isaac Z. Schlueter,isexe,3.1.5,pkg:npm/isexe@3.1.5,node_modules/pre-commit/node_modules/isexe,Minimal module to check if a file is executable.,git+https://github.com/isaacs/isexe.git,"as detected from PackageJson property ""repository.url""",https://github.com/isaacs/isexe#readme,"as detected from PackageJson property ""homepage""",https://github.com/isaacs/isexe/issues,"as detected from PackageJson property ""bugs.url""",https://registry.npmjs.org/isexe/-/isexe-3.1.5.tgz,"as detected from npm-ls property ""resolved""",,,i@izs.me,active,Active in npm registry,2026-02-09T16:28:03.058Z
library,proxyquire@2.1.3,MIT,,Thorsten Lorenz,proxyquire,2.1.3,pkg:npm/proxyquire@2.1.3,node_modules/proxyquire,Proxies nodejs require in order to allow overriding dependencies during testing.,git+https://github.com/thlorenz/proxyquire.git,"as detected from PackageJson property ""repository.url""",https://github.com/thlorenz/proxyquire#readme,"as detected from PackageJson property ""homepage""",https://github.com/thlorenz/proxyquire/issues,"as detected from PackageJson property ""bugs.url""",https://registry.npmjs.org/proxyquire/-/proxyquire-2.1.3.tgz,"as detected from npm-ls property ""resolved""",,,,active,Active in npm registry,2023-07-15T21:21:08.251Z
library,fill-keys@1.0.2,MIT,,Ben Drucker,fill-keys,1.0.2,pkg:npm/fill-keys@1.0.2,node_modules/fill-keys,Fill keys in a destination that are defined on the source,git+https://github.com/bendrucker/fill-keys.git,"as detected from PackageJson property ""repository.url""",https://github.com/bendrucker/fill-keys#readme,"as detected from PackageJson property ""homepage""",https://github.com/bendrucker/fill-keys/issues,"as detected from PackageJson property ""bugs.url""",https://registry.npmjs.org/fill-keys/-/fill-keys-1.0.2.tgz,"as detected from npm-ls property ""resolved""",,,bvdrucker@gmail.com,active,Active in npm registry,2022-10-14T16:23:13.034Z
library,is-object@1.0.2,MIT,,Raynos,is-object,1.0.2,pkg:npm/is-object@1.0.2,node_modules/is-object,Checks whether a value is an object,git://github.com/inspect-js/is-object.git,"as detected from PackageJson property ""repository.url""",https://github.com/inspect-js/is-object,"as detected from PackageJson property ""homepage""",https://github.com/inspect-js/is-object/issues,"as detected from PackageJson property ""bugs.url""",https://registry.npmjs.org/is-object/-/is-object-1.0.2.tgz,"as detected from npm-ls property ""resolved""",,,raynos2@gmail.com,active,Active in npm registry,2022-06-19T02:46:58.148Z
library,merge-descriptors@1.0.3,MIT,,Jonathan Ong,merge-descriptors,1.0.3,pkg:npm/merge-descriptors@1.0.3,node_modules/merge-descriptors,Merge objects using descriptors,git+https://github.com/sindresorhus/merge-descriptors.git,"as detected from PackageJson property ""repository.url""",https://github.com/sindresorhus/merge-descriptors#readme,"as detected from PackageJson property ""homepage""",https://github.com/sindresorhus/merge-descriptors/issues,"as detected from PackageJson property ""bugs.url""",https://registry.npmjs.org/merge-descriptors/-/merge-descriptors-1.0.3.tgz,"as detected from npm-ls property ""resolved""",,,me@jongleberry.com,active,Active in npm registry,2023-11-17T16:22:01.206Z
library,module-not-found-error@1.0.1,MIT,,Ben Drucker,module-not-found-error,1.0.1,pkg:npm/module-not-found-error@1.0.1,node_modules/module-not-found-error,Create a module not found error,git+https://github.com/bendrucker/module-not-found-error.git,"as detected from PackageJson property ""repository.url""",https://github.com/bendrucker/module-not-found-error#readme,"as detected from PackageJson property ""homepage""",https://github.com/bendrucker/module-not-found-error/issues,"as detected from PackageJson property ""bugs.url""",https://registry.npmjs.org/module-not-found-error/-/module-not-found-error-1.0.1.tgz,"as detected from npm-ls property ""resolved""",,,bvdrucker@gmail.com,active,Active in npm registry,2022-06-20T03:40:52.256Z
library,is-core-module@2.16.2,MIT,,Jordan Harband,is-core-module,2.16.2,pkg:npm/is-core-module@2.16.2,node_modules/is-core-module,Is this specifier a node.js core module?,git+https://github.com/inspect-js/is-core-module.git,"as detected from PackageJson property ""repository.url""",https://github.com/inspect-js/is-core-module,"as detected from PackageJson property ""homepage""",https://github.com/inspect-js/is-core-module/issues,"as detected from PackageJson property ""bugs.url""",https://registry.npmjs.org/is-core-module/-/is-core-module-2.16.2.tgz,"as detected from npm-ls property ""resolved""",,,ljharb@gmail.com,active,Active in npm registry,2026-05-05T17:34:49.330Z
library,path-parse@1.0.7,MIT,,Javier Blanco,path-parse,1.0.7,pkg:npm/path-parse@1.0.7,node_modules/path-parse,Node.js path.parse() ponyfill,git+https://github.com/jbgutierrez/path-parse.git,"as detected from PackageJson property ""repository.url""",https://github.com/jbgutierrez/path-parse#readme,"as detected from PackageJson property ""homepage""",https://github.com/jbgutierrez/path-parse/issues,"as detected from PackageJson property ""bugs.url""",https://registry.npmjs.org/path-parse/-/path-parse-1.0.7.tgz,"as detected from npm-ls property ""resolved""",,,http://jbgutierrez.info,active,Active in npm registry,2022-06-23T14:38:12.990Z
library,supports-preserve-symlinks-flag@1.0.0,MIT,,Jordan Harband,supports-preserve-symlinks-flag,1.0.0,pkg:npm/supports-preserve-symlinks-flag@1.0.0,node_modules/supports-preserve-symlinks-flag,Determine if the current node version supports the `--preserve-symlinks` flag.,git+https://github.com/inspect-js/node-supports-preserve-symlinks-flag.git,"as detected from PackageJson property ""repository.url""",https://github.com/inspect-js/node-supports-preserve-symlinks-flag#readme,"as detected from PackageJson property ""homepage""",https://github.com/inspect-js/node-supports-preserve-symlinks-flag/issues,"as detected from PackageJson property ""bugs.url""",https://registry.npmjs.org/supports-preserve-symlinks-flag/-/supports-preserve-symlinks-flag-1.0.0.tgz,"as detected from npm-ls property ""resolved""",,,ljharb@gmail.com,active,Active in npm registry,2022-05-19T01:59:54.715Z
library,deep-extend@0.6.0,MIT,,Viacheslav Lotsmanov,deep-extend,0.6.0,pkg:npm/deep-extend@0.6.0,node_modules/deep-extend,Recursive object extending,git://github.com/unclechu/node-deep-extend.git,"as detected from PackageJson property ""repository.url""",https://github.com/unclechu/node-deep-extend,"as detected from PackageJson property ""homepage""",https://github.com/unclechu/node-deep-extend/issues,"as detected from PackageJson property ""bugs.url""",https://registry.npmjs.org/deep-extend/-/deep-extend-0.6.0.tgz,"as detected from npm-ls property ""resolved""",,,lotsmanov89@gmail.com,active,Active in npm registry,2023-07-10T23:19:22.518Z
library,ini@1.3.8,ISC,,Isaac Z. Schlueter,ini,1.3.8,pkg:npm/ini@1.3.8,node_modules/ini,An ini encoder/decoder for node,git://github.com/isaacs/ini.git,"as detected from PackageJson property ""repository.url""",https://github.com/isaacs/ini#readme,"as detected from PackageJson property ""homepage""",https://github.com/isaacs/ini/issues,"as detected from PackageJson property ""bugs.url""",https://registry.npmjs.org/ini/-/ini-1.3.8.tgz,"as detected from npm-ls property ""resolved""",,,i@izs.me,active,Active in npm registry,2026-09-09T20:10:54.191Z
library,replace@1.2.2,MIT,,Alessandro Maclaine,replace,1.2.2,pkg:npm/replace@1.2.2,node_modules/replace,Command line search and replace utility,git+https://github.com/ALMaclaine/replace.git,"as detected from PackageJson property ""repository.url""",https://github.com/ALMaclaine/replace#readme,"as detected from PackageJson property ""homepage""",https://github.com/ALMaclaine/replace/issues,"as detected from PackageJson property ""bugs.url""",https://registry.npmjs.org/replace/-/replace-1.2.2.tgz,"as detected from npm-ls property ""resolved""",,,almaclaine@gmail.com,active,Active in npm registry,2023-02-10T19:41:18.075Z
library,replace@1.2.2|chalk@2.4.2,MIT,,,chalk,2.4.2,pkg:npm/chalk@2.4.2,node_modules/replace/node_modules/chalk,Terminal string styling done right,git+https://github.com/chalk/chalk.git,"as detected from PackageJson property ""repository.url""",https://github.com/chalk/chalk#readme,"as detected from PackageJson property ""homepage""",https://github.com/chalk/chalk/issues,"as detected from PackageJson property ""bugs.url""",https://registry.npmjs.org/chalk/-/chalk-2.4.2.tgz,"as detected from npm-ls property ""resolved""",,,,active,Active in npm registry,2026-07-26T14:51:07.471Z
library,replace@1.2.2|ansi-styles@3.2.1,MIT,,Sindre Sorhus,ansi-styles,3.2.1,pkg:npm/ansi-styles@3.2.1,node_modules/replace/node_modules/ansi-styles,ANSI escape codes for styling strings in the terminal,git+https://github.com/chalk/ansi-styles.git,"as detected from PackageJson property ""repository.url""",https://github.com/chalk/ansi-styles#readme,"as detected from PackageJson property ""homepage""",https://github.com/chalk/ansi-styles/issues,"as detected from PackageJson property ""bugs.url""",https://registry.npmjs.org/ansi-styles/-/ansi-styles-3.2.1.tgz,"as detected from npm-ls property ""resolved""",,,sindresorhus@gmail.com,active,Active in npm registry,2026-07-26T14:57:37.001Z
library,replace@1.2.2|color-convert@1.9.3,MIT,,Heather Arthur,color-convert,1.9.3,pkg:npm/color-convert@1.9.3,node_modules/replace/node_modules/color-convert,Plain color conversion functions,git+https://github.com/Qix-/color-convert.git,"as detected from PackageJson property ""repository.url""",https://github.com/Qix-/color-convert#readme,"as detected from PackageJson property ""homepage""",https://github.com/Qix-/color-convert/issues,"as detected from PackageJson property ""bugs.url""",https://registry.npmjs.org/color-convert/-/color-convert-1.9.3.tgz,"as detected from npm-ls property ""resolved""",,,fayearthur@gmail.com,active,Active in npm registry,2025-11-14T18:29:11.782Z
library,replace@1.2.2|color-name@1.1.3,MIT,,DY,color-name,1.1.3,pkg:npm/color-name@1.1.3,node_modules/replace/node_modules/color-name,A list of color names and its values,git+ssh://git@github.com/dfcreative/color-name.git,"as detected from PackageJson property ""repository.url""",https://github.com/dfcreative/color-name,"as detected from PackageJson property ""homepage""",https://github.com/dfcreative/color-name/issues,"as detected from PackageJson property ""bugs.url""",https://registry.npmjs.org/color-name/-/color-name-1.1.3.tgz,"as detected from npm-ls property ""resolved""",,,dfcreative@gmail.com,active,Active in npm registry,2026-07-22T15:38:35.650Z
library,replace@1.2.2|escape-string-regexp@1.0.5,MIT,,Sindre Sorhus,escape-string-regexp,1.0.5,pkg:npm/escape-string-regexp@1.0.5,node_modules/replace/node_modules/escape-string-regexp,Escape RegExp special characters,git+https://github.com/sindresorhus/escape-string-regexp.git,"as detected from PackageJson property ""repository.url""",https://github.com/sindresorhus/escape-string-regexp#readme,"as detected from PackageJson property ""homepage""",https://github.com/sindresorhus/escape-string-regexp/issues,"as detected from PackageJson property ""bugs.url""",https://registry.npmjs.org/escape-string-regexp/-/escape-string-regexp-1.0.5.tgz,"as detected from npm-ls property ""resolved""",,,sindresorhus@gmail.com,active,Active in npm registry,2023-04-25T16:42:41.472Z
library,replace@1.2.2|supports-color@5.5.0,MIT,,Sindre Sorhus,supports-color,5.5.0,pkg:npm/supports-color@5.5.0,node_modules/replace/node_modules/supports-color,Detect whether a terminal supports color,git+https://github.com/chalk/supports-color.git,"as detected from PackageJson property ""repository.url""",https://github.com/chalk/supports-color#readme,"as detected from PackageJson property ""homepage""",https://github.com/chalk/supports-color/issues,"as detected from PackageJson property ""bugs.url""",https://registry.npmjs.org/supports-color/-/supports-color-5.5.0.tgz,"as detected from npm-ls property ""resolved""",,,sindresorhus@gmail.com,active,Active in npm registry,2026-07-26T15:13:36.955Z
library,replace@1.2.2|has-flag@3.0.0,MIT,,Sindre Sorhus,has-flag,3.0.0,pkg:npm/has-flag@3.0.0,node_modules/replace/node_modules/has-flag,Check if argv has a specific flag,git+https://github.com/sindresorhus/has-flag.git,"as detected from PackageJson property ""repository.url""",https://github.com/sindresorhus/has-flag#readme,"as detected from PackageJson property ""homepage""",https://github.com/sindresorhus/has-flag/issues,"as detected from PackageJson property ""bugs.url""",https://registry.npmjs.org/has-flag/-/has-flag-3.0.0.tgz,"as detected from npm-ls property ""resolved""",,,sindresorhus@gmail.com,active,Active in npm registry,2023-04-17T23:19:31.649Z
library,replace@1.2.2|minimatch@3.1.5,ISC,,Isaac Z. Schlueter,minimatch,3.1.5,pkg:npm/minimatch@3.1.5,node_modules/replace/node_modules/minimatch,a glob matcher in javascript,git://github.com/isaacs/minimatch.git,"as detected from PackageJson property ""repository.url""",https://github.com/isaacs/minimatch#readme,"as detected from PackageJson property ""homepage""",https://github.com/isaacs/minimatch/issues,"as detected from PackageJson property ""bugs.url""",https://registry.npmjs.org/minimatch/-/minimatch-3.1.5.tgz,"as detected from npm-ls property ""resolved""",,,i@izs.me,active,Active in npm registry,2026-07-27T19:00:09.643Z
library,replace@1.2.2|yargs@15.4.1,MIT,,,yargs,15.4.1,pkg:npm/yargs@15.4.1,node_modules/replace/node_modules/yargs,yargs the modern~ pirate-themed~ successor to optimist.,git+https://github.com/yargs/yargs.git,"as detected from PackageJson property ""repository.url""",https://yargs.js.org/,"as detected from PackageJson property ""homepage""",https://github.com/yargs/yargs/issues,"as detected from PackageJson property ""bugs.url""",https://registry.npmjs.org/yargs/-/yargs-15.4.1.tgz,"as detected from npm-ls property ""resolved""",,,,active,Active in npm registry,2026-07-26T04:07:48.820Z
library,replace@1.2.2|cliui@6.0.0,ISC,,Ben Coe,cliui,6.0.0,pkg:npm/cliui@6.0.0,node_modules/replace/node_modules/cliui,easily create complex multi-column command-line-interfaces,git+ssh://git@github.com/yargs/cliui.git,"as detected from PackageJson property ""repository.url""",https://github.com/yargs/cliui#readme,"as detected from PackageJson property ""homepage""",https://github.com/yargs/cliui/issues,"as detected from PackageJson property ""bugs.url""",https://registry.npmjs.org/cliui/-/cliui-6.0.0.tgz,"as detected from npm-ls property ""resolved""",,,ben@npmjs.com,active,Active in npm registry,2025-03-17T02:36:25.675Z
library,replace@1.2.2|wrap-ansi@6.2.0,MIT,,Sindre Sorhus,wrap-ansi,6.2.0,pkg:npm/wrap-ansi@6.2.0,node_modules/replace/node_modules/wrap-ansi,Wordwrap a string with ANSI escape codes,git+https://github.com/chalk/wrap-ansi.git,"as detected from PackageJson property ""repository.url""",https://github.com/chalk/wrap-ansi#readme,"as detected from PackageJson property ""homepage""",https://github.com/chalk/wrap-ansi/issues,"as detected from PackageJson property ""bugs.url""",https://registry.npmjs.org/wrap-ansi/-/wrap-ansi-6.2.0.tgz,"as detected from npm-ls property ""resolved""",,,sindresorhus@gmail.com,active,Active in npm registry,2026-08-17T22:42:54.888Z
library,replace@1.2.2|wrap-ansi@6.2.0|ansi-styles@4.3.0,MIT,,Sindre Sorhus,ansi-styles,4.3.0,pkg:npm/ansi-styles@4.3.0,node_modules/replace/node_modules/wrap-ansi/node_modules/ansi-styles,ANSI escape codes for styling strings in the terminal,git+https://github.com/chalk/ansi-styles.git,"as detected from PackageJson property ""repository.url""",https://github.com/chalk/ansi-styles#readme,"as detected from PackageJson property ""homepage""",https://github.com/chalk/ansi-styles/issues,"as detected from PackageJson property ""bugs.url""",https://registry.npmjs.org/ansi-styles/-/ansi-styles-4.3.0.tgz,"as detected from npm-ls property ""resolved""",,,sindresorhus@gmail.com,active,Active in npm registry,2026-07-26T14:57:37.001Z
library,replace@1.2.2|wrap-ansi@6.2.0|color-convert@2.0.1,MIT,,Heather Arthur,color-convert,2.0.1,pkg:npm/color-convert@2.0.1,node_modules/replace/node_modules/wrap-ansi/node_modules/color-convert,Plain color conversion functions,git+https://github.com/Qix-/color-convert.git,"as detected from PackageJson property ""repository.url""",https://github.com/Qix-/color-convert#readme,"as detected from PackageJson property ""homepage""",https://github.com/Qix-/color-convert/issues,"as detected from PackageJson property ""bugs.url""",https://registry.npmjs.org/color-convert/-/color-convert-2.0.1.tgz,"as detected from npm-ls property ""resolved""",,,fayearthur@gmail.com,active,Active in npm registry,2025-11-14T18:29:11.782Z
library,replace@1.2.2|wrap-ansi@6.2.0|color-name@1.1.4,MIT,,DY,color-name,1.1.4,pkg:npm/color-name@1.1.4,node_modules/replace/node_modules/wrap-ansi/node_modules/color-name,A list of color names and its values,git+ssh://git@github.com/colorjs/color-name.git,"as detected from PackageJson property ""repository.url""",https://github.com/colorjs/color-name,"as detected from PackageJson property ""homepage""",https://github.com/colorjs/color-name/issues,"as detected from PackageJson property ""bugs.url""",https://registry.npmjs.org/color-name/-/color-name-1.1.4.tgz,"as detected from npm-ls property ""resolved""",,,dfcreative@gmail.com,active,Active in npm registry,2026-07-22T15:38:35.650Z
library,replace@1.2.2|find-up@4.1.0,MIT,,Sindre Sorhus,find-up,4.1.0,pkg:npm/find-up@4.1.0,node_modules/replace/node_modules/find-up,Find a file or directory by walking up parent directories,git+https://github.com/sindresorhus/find-up.git,"as detected from PackageJson property ""repository.url""",https://github.com/sindresorhus/find-up#readme,"as detected from PackageJson property ""homepage""",https://github.com/sindresorhus/find-up/issues,"as detected from PackageJson property ""bugs.url""",https://registry.npmjs.org/find-up/-/find-up-4.1.0.tgz,"as detected from npm-ls property ""resolved""",,,sindresorhus@gmail.com,active,Active in npm registry,2025-09-16T01:13:57.276Z
library,replace@1.2.2|locate-path@5.0.0,MIT,,Sindre Sorhus,locate-path,5.0.0,pkg:npm/locate-path@5.0.0,node_modules/replace/node_modules/locate-path,Get the first path that exists on disk of multiple paths,git+https://github.com/sindresorhus/locate-path.git,"as detected from PackageJson property ""repository.url""",https://github.com/sindresorhus/locate-path#readme,"as detected from PackageJson property ""homepage""",https://github.com/sindresorhus/locate-path/issues,"as detected from PackageJson property ""bugs.url""",https://registry.npmjs.org/locate-path/-/locate-path-5.0.0.tgz,"as detected from npm-ls property ""resolved""",,,sindresorhus@gmail.com,active,Active in npm registry,2025-09-15T23:17:38.996Z
library,replace@1.2.2|p-locate@4.1.0,MIT,,Sindre Sorhus,p-locate,4.1.0,pkg:npm/p-locate@4.1.0,node_modules/replace/node_modules/p-locate,Get the first fulfilled promise that satisfies the provided testing function,git+https://github.com/sindresorhus/p-locate.git,"as detected from PackageJson property ""repository.url""",https://github.com/sindresorhus/p-locate#readme,"as detected from PackageJson property ""homepage""",https://github.com/sindresorhus/p-locate/issues,"as detected from PackageJson property ""bugs.url""",https://registry.npmjs.org/p-locate/-/p-locate-4.1.0.tgz,"as detected from npm-ls property ""resolved""",,,sindresorhus@gmail.com,active,Active in npm registry,2026-02-03T07:57:50.017Z
library,replace@1.2.2|p-limit@2.3.0,MIT,,Sindre Sorhus,p-limit,2.3.0,pkg:npm/p-limit@2.3.0,node_modules/replace/node_modules/p-limit,Run multiple promise-returning & async functions with limited concurrency,git+https://github.com/sindresorhus/p-limit.git,"as detected from PackageJson property ""repository.url""",https://github.com/sindresorhus/p-limit#readme,"as detected from PackageJson property ""homepage""",https://github.com/sindresorhus/p-limit/issues,"as detected from PackageJson property ""bugs.url""",https://registry.npmjs.org/p-limit/-/p-limit-2.3.0.tgz,"as detected from npm-ls property ""resolved""",,,sindresorhus@gmail.com,active,Active in npm registry,2026-08-31T16:53:23.147Z
library,replace@1.2.2|y18n@4.0.3,ISC,,Ben Coe,y18n,4.0.3,pkg:npm/y18n@4.0.3,node_modules/replace/node_modules/y18n,the bare-bones internationalization library used by yargs,git+ssh://git@github.com/yargs/y18n.git,"as detected from PackageJson property ""repository.url""",https://github.com/yargs/y18n,"as detected from PackageJson property ""homepage""",https://github.com/yargs/y18n/issues,"as detected from PackageJson property ""bugs.url""",https://registry.npmjs.org/y18n/-/y18n-4.0.3.tgz,"as detected from npm-ls property ""resolved""",,,ben@npmjs.com,active,Active in npm registry,2026-08-20T21:29:24.864Z
library,require-glob@4.1.0,MIT,,Shannon Moeller,require-glob,4.1.0,pkg:npm/require-glob@4.1.0,node_modules/require-glob,Require multiple modules using glob patterns. Supports exclusions.,git+https://github.com/shannonmoeller/require-glob.git,"as detected from PackageJson property ""repository.url""",https://github.com/shannonmoeller/require-glob,"as detected from PackageJson property ""homepage""",https://github.com/shannonmoeller/require-glob/issues,"as detected from PackageJson property ""bugs.url""",https://registry.npmjs.org/require-glob/-/require-glob-4.1.0.tgz,"as detected from npm-ls property ""resolved""",,,me@shannonmoeller.com,active,Active in npm registry,2022-06-26T11:37:31.379Z
library,globby@11.1.0,MIT,,Sindre Sorhus,globby,11.1.0,pkg:npm/globby@11.1.0,node_modules/globby,User-friendly glob matching,git+https://github.com/sindresorhus/globby.git,"as detected from PackageJson property ""repository.url""",https://github.com/sindresorhus/globby#readme,"as detected from PackageJson property ""homepage""",https://github.com/sindresorhus/globby/issues,"as detected from PackageJson property ""bugs.url""",https://registry.npmjs.org/globby/-/globby-11.1.0.tgz,"as detected from npm-ls property ""resolved""",,,sindresorhus@gmail.com,active,Active in npm registry,2026-08-19T17:05:38.136Z
library,globby@11.1.0|ignore@5.3.2,MIT,,kael,ignore,5.3.2,pkg:npm/ignore@5.3.2,node_modules/globby/node_modules/ignore,Ignore is a manager and filter for .gitignore rules~ the one used by eslint~ gitbook and many others.,git+ssh://git@github.com/kaelzhang/node-ignore.git,"as detected from PackageJson property ""repository.url""",https://github.com/kaelzhang/node-ignore#readme,"as detected from PackageJson property ""homepage""",https://github.com/kaelzhang/node-ignore/issues,"as detected from PackageJson property ""bugs.url""",https://registry.npmjs.org/ignore/-/ignore-5.3.2.tgz,"as detected from npm-ls property ""resolved""",,,,active,Active in npm registry,2026-09-08T13:06:01.510Z
library,array-union@2.1.0,MIT,,Sindre Sorhus,array-union,2.1.0,pkg:npm/array-union@2.1.0,node_modules/array-union,Create an array of unique values~ in order~ from the input arrays,git+https://github.com/sindresorhus/array-union.git,"as detected from PackageJson property ""repository.url""",https://github.com/sindresorhus/array-union#readme,"as detected from PackageJson property ""homepage""",https://github.com/sindresorhus/array-union/issues,"as detected from PackageJson property ""bugs.url""",https://registry.npmjs.org/array-union/-/array-union-2.1.0.tgz,"as detected from npm-ls property ""resolved""",,,sindresorhus@gmail.com,active,Active in npm registry,2022-06-13T03:29:00.241Z
library,dir-glob@3.0.1,MIT,,Kevin Mårtensson,dir-glob,3.0.1,pkg:npm/dir-glob@3.0.1,node_modules/dir-glob,Convert directories to glob compatible strings,git+https://github.com/kevva/dir-glob.git,"as detected from PackageJson property ""repository.url""",https://github.com/kevva/dir-glob#readme,"as detected from PackageJson property ""homepage""",https://github.com/kevva/dir-glob/issues,"as detected from PackageJson property ""bugs.url""",https://registry.npmjs.org/dir-glob/-/dir-glob-3.0.1.tgz,"as detected from npm-ls property ""resolved""",,,kevinmartensson@gmail.com,active,Active in npm registry,2022-06-15T04:24:36.942Z
library,path-type@4.0.0,MIT,,Sindre Sorhus,path-type,4.0.0,pkg:npm/path-type@4.0.0,node_modules/path-type,Check if a path is a file~ directory~ or symlink,git+https://github.com/sindresorhus/path-type.git,"as detected from PackageJson property ""repository.url""",https://github.com/sindresorhus/path-type#readme,"as detected from PackageJson property ""homepage""",https://github.com/sindresorhus/path-type/issues,"as detected from PackageJson property ""bugs.url""",https://registry.npmjs.org/path-type/-/path-type-4.0.0.tgz,"as detected from npm-ls property ""resolved""",,,sindresorhus@gmail.com,active,Active in npm registry,2024-07-26T10:54:40.159Z
library,fast-glob@3.3.3,MIT,,Denis Malinochkin,fast-glob,3.3.3,pkg:npm/fast-glob@3.3.3,node_modules/fast-glob,It's a very fast and efficient glob library for Node.js,git+https://github.com/mrmlnc/fast-glob.git,"as detected from PackageJson property ""repository.url""",https://github.com/mrmlnc/fast-glob#readme,"as detected from PackageJson property ""homepage""",https://github.com/mrmlnc/fast-glob/issues,"as detected from PackageJson property ""bugs.url""",https://registry.npmjs.org/fast-glob/-/fast-glob-3.3.3.tgz,"as detected from npm-ls property ""resolved""",,,,active,Active in npm registry,2025-01-05T10:38:42.437Z
library,fast-glob@3.3.3|glob-parent@5.1.2,ISC,,Gulp Team,glob-parent,5.1.2,pkg:npm/glob-parent@5.1.2,node_modules/fast-glob/node_modules/glob-parent,Extract the non-magic parent path from a glob string.,git+https://github.com/gulpjs/glob-parent.git,"as detected from PackageJson property ""repository.url""",https://github.com/gulpjs/glob-parent#readme,"as detected from PackageJson property ""homepage""",https://github.com/gulpjs/glob-parent/issues,"as detected from PackageJson property ""bugs.url""",https://registry.npmjs.org/glob-parent/-/glob-parent-5.1.2.tgz,"as detected from npm-ls property ""resolved""",,,team@gulpjs.com,active,Active in npm registry,2023-06-22T16:32:08.502Z
library,merge2@1.4.1,MIT,,,merge2,1.4.1,pkg:npm/merge2@1.4.1?vcs_url=git%2Bssh%3A%2F%2Fgit%40github.com%2Fteambition%2Fmerge2.git,node_modules/merge2,Merge multiple streams into one stream in sequence or parallel.,git+ssh://git@github.com/teambition/merge2.git,"as detected from PackageJson property ""repository.url""",https://github.com/teambition/merge2,"as detected from PackageJson property ""homepage""",https://github.com/teambition/merge2/issues,"as detected from PackageJson property ""bugs.url""",,,,,,active,Active in npm registry,2022-06-19T17:53:53.486Z
library,parent-module@2.0.0,MIT,,Sindre Sorhus,parent-module,2.0.0,pkg:npm/parent-module@2.0.0,node_modules/parent-module,Get the path of the parent module,git+https://github.com/sindresorhus/parent-module.git,"as detected from PackageJson property ""repository.url""",https://github.com/sindresorhus/parent-module#readme,"as detected from PackageJson property ""homepage""",https://github.com/sindresorhus/parent-module/issues,"as detected from PackageJson property ""bugs.url""",https://registry.npmjs.org/parent-module/-/parent-module-2.0.0.tgz,"as detected from npm-ls property ""resolved""",,,sindresorhus@gmail.com,active,Active in npm registry,2025-09-15T07:20:45.510Z
library,rewire@9.0.1,MIT,,Johannes Ewald,rewire,9.0.1,pkg:npm/rewire@9.0.1,node_modules/rewire,Easy dependency injection for node.js unit testing,git://github.com/jhnns/rewire.git,"as detected from PackageJson property ""repository.url""",https://github.com/jhnns/rewire,"as detected from PackageJson property ""homepage""",https://github.com/jhnns/rewire/issues,"as detected from PackageJson property ""bugs.url""",https://registry.npmjs.org/rewire/-/rewire-9.0.1.tgz,"as detected from npm-ls property ""resolved""",,,mail@johannesewald.de,active,Active in npm registry,2026-03-24T18:50:04.452Z
library,rewire@9.0.1|eslint@9.39.5,MIT,,Nicholas C. Zakas,eslint,9.39.5,pkg:npm/eslint@9.39.5,node_modules/rewire/node_modules/eslint,An AST-based pattern checker for JavaScript.,git+https://github.com/eslint/eslint.git,"as detected from PackageJson property ""repository.url""",https://eslint.org,"as detected from PackageJson property ""homepage""",https://github.com/eslint/eslint/issues/,"as detected from PackageJson property ""bugs.url""",https://registry.npmjs.org/eslint/-/eslint-9.39.5.tgz,"as detected from npm-ls property ""resolved""",,,nicholas+npm@nczconsulting.com,deprecated,This version is no longer supported. Please see https://eslint.org/version-support for other options.,2026-09-04T14:34:21.974Z
library,rewire@9.0.1|@eslint/eslintrc@3.3.7,MIT,@eslint,Nicholas C. Zakas,eslintrc,3.3.7,pkg:npm/%40eslint/eslintrc@3.3.7,node_modules/rewire/node_modules/@eslint/eslintrc,The legacy ESLintRC config file format for ESLint,git+https://github.com/eslint/eslintrc.git,"as detected from PackageJson property ""repository.url""",https://github.com/eslint/eslintrc#readme,"as detected from PackageJson property ""homepage""",https://github.com/eslint/eslintrc/issues,"as detected from PackageJson property ""bugs.url""",https://registry.npmjs.org/@eslint/eslintrc/-/eslintrc-3.3.7.tgz,"as detected from npm-ls property ""resolved""",,,,active,Active in npm registry,2026-09-01T13:42:47.557Z
library,rewire@9.0.1|@eslint/eslintrc@3.3.7|ajv@8.20.0,MIT,,Evgeny Poberezkin,ajv,8.20.0,pkg:npm/ajv@8.20.0,node_modules/rewire/node_modules/@eslint/eslintrc/node_modules/ajv,Another JSON Schema Validator,git+https://github.com/ajv-validator/ajv.git,"as detected from PackageJson property ""repository.url""",https://ajv.js.org,"as detected from PackageJson property ""homepage""",https://github.com/ajv-validator/ajv/issues,"as detected from PackageJson property ""bugs.url""",https://registry.npmjs.org/ajv/-/ajv-8.20.0.tgz,"as detected from npm-ls property ""resolved""",,,,active,Active in npm registry,2026-04-24T15:22:16.643Z
library,rewire@9.0.1|@eslint/eslintrc@3.3.7|json-schema-traverse@1.0.0,MIT,,Evgeny Poberezkin,json-schema-traverse,1.0.0,pkg:npm/json-schema-traverse@1.0.0,node_modules/rewire/node_modules/@eslint/eslintrc/node_modules/json-schema-traverse,Traverse JSON Schema passing each schema object to callback,git+https://github.com/epoberezkin/json-schema-traverse.git,"as detected from PackageJson property ""repository.url""",https://github.com/epoberezkin/json-schema-traverse#readme,"as detected from PackageJson property ""homepage""",https://github.com/epoberezkin/json-schema-traverse/issues,"as detected from PackageJson property ""bugs.url""",https://registry.npmjs.org/json-schema-traverse/-/json-schema-traverse-1.0.0.tgz,"as detected from npm-ls property ""resolved""",,,,active,Active in npm registry,2023-06-22T16:32:38.879Z
library,rewire@9.0.1|espree@10.4.0,BSD-2-Clause,,Nicholas C. Zakas,espree,10.4.0,pkg:npm/espree@10.4.0?vcs_url=git%2Bhttps%3A%2F%2Fgithub.com%2Feslint%2Fjs.git#packages/espree,node_modules/rewire/node_modules/espree,An Esprima-compatible JavaScript parser built on Acorn,git+https://github.com/eslint/js.git#packages/espree,"as detected from PackageJson property ""repository.url"" and ""repository.directory""",https://github.com/eslint/js/blob/main/packages/espree/README.md,"as detected from PackageJson property ""homepage""",https://github.com/eslint/js/issues,"as detected from PackageJson property ""bugs.url""",,,,,nicholas+npm@nczconsulting.com,active,Active in npm registry,2026-03-06T22:32:41.283Z
library,rewire@9.0.1|globals@14.0.0,MIT,,Sindre Sorhus,globals,14.0.0,pkg:npm/globals@14.0.0,node_modules/rewire/node_modules/globals,Global identifiers from different JavaScript environments,git+https://github.com/sindresorhus/globals.git,"as detected from PackageJson property ""repository.url""",https://github.com/sindresorhus/globals#readme,"as detected from PackageJson property ""homepage""",https://github.com/sindresorhus/globals/issues,"as detected from PackageJson property ""bugs.url""",https://registry.npmjs.org/globals/-/globals-14.0.0.tgz,"as detected from npm-ls property ""resolved""",,,sindresorhus@gmail.com,active,Active in npm registry,2026-09-01T11:00:43.694Z
library,rewire@9.0.1|ignore@5.3.2,MIT,,kael,ignore,5.3.2,pkg:npm/ignore@5.3.2?vcs_url=git%2Bssh%3A%2F%2Fgit%40github.com%2Fkaelzhang%2Fnode-ignore.git,node_modules/rewire/node_modules/ignore,Ignore is a manager and filter for .gitignore rules~ the one used by eslint~ gitbook and many others.,git+ssh://git@github.com/kaelzhang/node-ignore.git,"as detected from PackageJson property ""repository.url""",https://github.com/kaelzhang/node-ignore#readme,"as detected from PackageJson property ""homepage""",https://github.com/kaelzhang/node-ignore/issues,"as detected from PackageJson property ""bugs.url""",,,,,,active,Active in npm registry,2026-09-08T13:06:01.510Z
library,rewire@9.0.1|minimatch@3.1.5,ISC,,Isaac Z. Schlueter,minimatch,3.1.5,pkg:npm/minimatch@3.1.5?vcs_url=git%3A%2F%2Fgithub.com%2Fisaacs%2Fminimatch.git,node_modules/rewire/node_modules/minimatch,a glob matcher in javascript,git://github.com/isaacs/minimatch.git,"as detected from PackageJson property ""repository.url""",https://github.com/isaacs/minimatch#readme,"as detected from PackageJson property ""homepage""",https://github.com/isaacs/minimatch/issues,"as detected from PackageJson property ""bugs.url""",,,,,i@izs.me,active,Active in npm registry,2026-07-27T19:00:09.643Z
library,rewire@9.0.1|@eslint/js@9.39.5,MIT,@eslint,,js,9.39.5,pkg:npm/%40eslint/js@9.39.5#packages/js,node_modules/rewire/node_modules/@eslint/js,ESLint JavaScript language implementation,git+https://github.com/eslint/eslint.git#packages/js,"as detected from PackageJson property ""repository.url"" and ""repository.directory""",https://eslint.org,"as detected from PackageJson property ""homepage""",https://github.com/eslint/eslint/issues/,"as detected from PackageJson property ""bugs.url""",https://registry.npmjs.org/@eslint/js/-/js-9.39.5.tgz,"as detected from npm-ls property ""resolved""",,,,active,Active in npm registry,2026-07-10T20:16:17.404Z
library,rewire@9.0.1|ajv@6.14.0,MIT,,Evgeny Poberezkin,ajv,6.14.0,pkg:npm/ajv@6.14.0,node_modules/rewire/node_modules/ajv,Another JSON Schema Validator,git+https://github.com/ajv-validator/ajv.git,"as detected from PackageJson property ""repository.url""",https://github.com/ajv-validator/ajv,"as detected from PackageJson property ""homepage""",https://github.com/ajv-validator/ajv/issues,"as detected from PackageJson property ""bugs.url""",https://registry.npmjs.org/ajv/-/ajv-6.14.0.tgz,"as detected from npm-ls property ""resolved""",,,,active,Active in npm registry,2026-04-24T15:22:16.643Z
library,rewire@9.0.1|json-schema-traverse@0.4.1,MIT,,Evgeny Poberezkin,json-schema-traverse,0.4.1,pkg:npm/json-schema-traverse@0.4.1,node_modules/rewire/node_modules/json-schema-traverse,Traverse JSON Schema passing each schema object to callback,git+https://github.com/epoberezkin/json-schema-traverse.git,"as detected from PackageJson property ""repository.url""",https://github.com/epoberezkin/json-schema-traverse#readme,"as detected from PackageJson property ""homepage""",https://github.com/epoberezkin/json-schema-traverse/issues,"as detected from PackageJson property ""bugs.url""",https://registry.npmjs.org/json-schema-traverse/-/json-schema-traverse-0.4.1.tgz,"as detected from npm-ls property ""resolved""",,,,active,Active in npm registry,2023-06-22T16:32:38.879Z
library,rewire@9.0.1|eslint-scope@8.4.0,BSD-2-Clause,,,eslint-scope,8.4.0,pkg:npm/eslint-scope@8.4.0#packages/eslint-scope,node_modules/rewire/node_modules/eslint-scope,ECMAScript scope analyzer for ESLint,git+https://github.com/eslint/js.git#packages/eslint-scope,"as detected from PackageJson property ""repository.url"" and ""repository.directory""",https://github.com/eslint/js/blob/main/packages/eslint-scope/README.md,"as detected from PackageJson property ""homepage""",https://github.com/eslint/js/issues,"as detected from PackageJson property ""bugs.url""",https://registry.npmjs.org/eslint-scope/-/eslint-scope-8.4.0.tgz,"as detected from npm-ls property ""resolved""",,,,active,Active in npm registry,2026-03-06T22:32:50.285Z
library,rewire@9.0.1|eslint-visitor-keys@4.2.1,Apache-2.0,,Toru Nagashima,eslint-visitor-keys,4.2.1,pkg:npm/eslint-visitor-keys@4.2.1#packages/eslint-visitor-keys,node_modules/rewire/node_modules/eslint-visitor-keys,Constants and utilities about visitor keys to traverse AST.,git+https://github.com/eslint/js.git#packages/eslint-visitor-keys,"as detected from PackageJson property ""repository.url"" and ""repository.directory""",https://github.com/eslint/js/blob/main/packages/eslint-visitor-keys/README.md,"as detected from PackageJson property ""homepage""",https://github.com/eslint/js/issues,"as detected from PackageJson property ""bugs.url""",https://registry.npmjs.org/eslint-visitor-keys/-/eslint-visitor-keys-4.2.1.tgz,"as detected from npm-ls property ""resolved""",,,,active,Active in npm registry,2026-02-20T14:40:48.205Z
library,rewire@9.0.1|file-entry-cache@8.0.0,MIT,,Jared Wray,file-entry-cache,8.0.0,pkg:npm/file-entry-cache@8.0.0,node_modules/rewire/node_modules/file-entry-cache,Super simple cache for file metadata~ useful for process that work o a given series of files and that only need to repeat the job on the changed ones since the previous run of the process,git+https://github.com/jaredwray/file-entry-cache.git,"as detected from PackageJson property ""repository.url""",https://github.com/jaredwray/file-entry-cache#readme,"as detected from PackageJson property ""homepage""",https://github.com/jaredwray/file-entry-cache/issues,"as detected from PackageJson property ""bugs.url""",https://registry.npmjs.org/file-entry-cache/-/file-entry-cache-8.0.0.tgz,"as detected from npm-ls property ""resolved""",,,,active,Active in npm registry,2026-08-04T11:52:08.999Z
library,rewire@9.0.1|flat-cache@4.0.1,MIT,,Jared Wray,flat-cache,4.0.1,pkg:npm/flat-cache@4.0.1,node_modules/rewire/node_modules/flat-cache,A stupidly simple key/value storage using files to persist some data,git+https://github.com/jaredwray/flat-cache.git,"as detected from PackageJson property ""repository.url""",https://github.com/jaredwray/flat-cache#readme,"as detected from PackageJson property ""homepage""",https://github.com/jaredwray/flat-cache/issues,"as detected from PackageJson property ""bugs.url""",https://registry.npmjs.org/flat-cache/-/flat-cache-4.0.1.tgz,"as detected from npm-ls property ""resolved""",,,,active,Active in npm registry,2026-08-04T10:42:48.359Z
library,@eslint/config-array@0.21.2,Apache-2.0,@eslint,Nicholas C. Zakas,config-array,0.21.2,pkg:npm/%40eslint/config-array@0.21.2#packages/config-array,node_modules/@eslint/config-array,General purpose glob-based configuration matching.,git+https://github.com/eslint/rewrite.git#packages/config-array,"as detected from PackageJson property ""repository.url"" and ""repository.directory""",https://github.com/eslint/rewrite/tree/main/packages/config-array#readme,"as detected from PackageJson property ""homepage""",https://github.com/eslint/rewrite/issues,"as detected from PackageJson property ""bugs.url""",https://registry.npmjs.org/@eslint/config-array/-/config-array-0.21.2.tgz,"as detected from npm-ls property ""resolved""",,,,active,Active in npm registry,2026-04-08T09:22:38.084Z
library,@eslint/config-array@0.21.2|minimatch@3.1.5,ISC,,Isaac Z. Schlueter,minimatch,3.1.5,pkg:npm/minimatch@3.1.5,node_modules/@eslint/config-array/node_modules/minimatch,a glob matcher in javascript,git://github.com/isaacs/minimatch.git,"as detected from PackageJson property ""repository.url""",https://github.com/isaacs/minimatch#readme,"as detected from PackageJson property ""homepage""",https://github.com/isaacs/minimatch/issues,"as detected from PackageJson property ""bugs.url""",https://registry.npmjs.org/minimatch/-/minimatch-3.1.5.tgz,"as detected from npm-ls property ""resolved""",,,i@izs.me,active,Active in npm registry,2026-07-27T19:00:09.643Z
library,@eslint/object-schema@2.1.7,Apache-2.0,@eslint,Nicholas C. Zakas,object-schema,2.1.7,pkg:npm/%40eslint/object-schema@2.1.7#packages/object-schema,node_modules/@eslint/object-schema,An object schema merger/validator,git+https://github.com/eslint/rewrite.git#packages/object-schema,"as detected from PackageJson property ""repository.url"" and ""repository.directory""",https://github.com/eslint/rewrite/tree/main/packages/object-schema#readme,"as detected from PackageJson property ""homepage""",https://github.com/eslint/rewrite/issues,"as detected from PackageJson property ""bugs.url""",https://registry.npmjs.org/@eslint/object-schema/-/object-schema-2.1.7.tgz,"as detected from npm-ls property ""resolved""",,,,active,Active in npm registry,2026-04-08T09:22:34.861Z
library,@eslint/config-helpers@0.4.2,Apache-2.0,@eslint,,config-helpers,0.4.2,pkg:npm/%40eslint/config-helpers@0.4.2#packages/config-helpers,node_modules/@eslint/config-helpers,Helper utilities for creating ESLint configuration,git+https://github.com/eslint/rewrite.git#packages/config-helpers,"as detected from PackageJson property ""repository.url"" and ""repository.directory""",https://github.com/eslint/rewrite/tree/main/packages/config-helpers#readme,"as detected from PackageJson property ""homepage""",https://github.com/eslint/rewrite/issues,"as detected from PackageJson property ""bugs.url""",https://registry.npmjs.org/@eslint/config-helpers/-/config-helpers-0.4.2.tgz,"as detected from npm-ls property ""resolved""",,,,active,Active in npm registry,2026-07-21T08:10:35.560Z
library,@eslint/core@0.17.0,Apache-2.0,@eslint,Nicholas C. Zakas,core,0.17.0,pkg:npm/%40eslint/core@0.17.0?vcs_url=git%2Bhttps%3A%2F%2Fgithub.com%2Feslint%2Frewrite.git#packages/core,node_modules/@eslint/core,Runtime-agnostic core of ESLint,git+https://github.com/eslint/rewrite.git#packages/core,"as detected from PackageJson property ""repository.url"" and ""repository.directory""",https://github.com/eslint/rewrite/tree/main/packages/core#readme,"as detected from PackageJson property ""homepage""",https://github.com/eslint/rewrite/issues,"as detected from PackageJson property ""bugs.url""",,,,,,active,Active in npm registry,2026-04-08T09:22:28.581Z
library,@eslint/plugin-kit@0.4.1,Apache-2.0,@eslint,Nicholas C. Zakas,plugin-kit,0.4.1,pkg:npm/%40eslint/plugin-kit@0.4.1#packages/plugin-kit,node_modules/@eslint/plugin-kit,Utilities for building ESLint plugins.,git+https://github.com/eslint/rewrite.git#packages/plugin-kit,"as detected from PackageJson property ""repository.url"" and ""repository.directory""",https://github.com/eslint/rewrite/tree/main/packages/plugin-kit#readme,"as detected from PackageJson property ""homepage""",https://github.com/eslint/rewrite/issues,"as detected from PackageJson property ""bugs.url""",https://registry.npmjs.org/@eslint/plugin-kit/-/plugin-kit-0.4.1.tgz,"as detected from npm-ls property ""resolved""",,,,active,Active in npm registry,2026-09-03T18:10:04.045Z
library,@humanfs/node@0.16.8,Apache-2.0,@humanfs,Nicholas C. Zakas,node,0.16.8,pkg:npm/%40humanfs/node@0.16.8#packages/node,node_modules/@humanfs/node,The Node.js bindings of the humanfs library.,git+https://github.com/humanwhocodes/humanfs.git#packages/node,"as detected from PackageJson property ""repository.url"" and ""repository.directory""",https://github.com/humanwhocodes/humanfs#readme,"as detected from PackageJson property ""homepage""",https://github.com/humanwhocodes/humanfs/issues,"as detected from PackageJson property ""bugs.url""",https://registry.npmjs.org/@humanfs/node/-/node-0.16.8.tgz,"as detected from npm-ls property ""resolved""",,,,active,Active in npm registry,2026-09-10T12:49:38.714Z
library,@humanfs/core@0.19.2,Apache-2.0,@humanfs,Nicholas C. Zakas,core,0.19.2,pkg:npm/%40humanfs/core@0.19.2,node_modules/@humanfs/core,The core of the humanfs library.,git+https://github.com/humanwhocodes/humanfs.git,"as detected from PackageJson property ""repository.url""",https://github.com/humanwhocodes/humanfs#readme,"as detected from PackageJson property ""homepage""",https://github.com/humanwhocodes/humanfs/issues,"as detected from PackageJson property ""bugs.url""",https://registry.npmjs.org/@humanfs/core/-/core-0.19.2.tgz,"as detected from npm-ls property ""resolved""",,,,active,Active in npm registry,2026-09-10T12:48:23.184Z
library,@humanfs/types@0.15.0,Apache-2.0,@humanfs,Nicholas C. Zakas,types,0.15.0,pkg:npm/%40humanfs/types@0.15.0?vcs_url=git%2Bhttps%3A%2F%2Fgithub.com%2Fhumanwhocodes%2Fhumanfs.git,node_modules/@humanfs/types,The TypeScript types for the hfs project.,git+https://github.com/humanwhocodes/humanfs.git,"as detected from PackageJson property ""repository.url""",https://github.com/humanwhocodes/humanfs#readme,"as detected from PackageJson property ""homepage""",https://github.com/humanwhocodes/humanfs/issues,"as detected from PackageJson property ""bugs.url""",,,,,,active,Active in npm registry,2026-09-10T12:50:29.598Z
library,@humanwhocodes/retry@0.4.3,Apache-2.0,@humanwhocodes,Nicholas C. Zaks,retry,0.4.3,pkg:npm/%40humanwhocodes/retry@0.4.3?vcs_url=git%2Bhttps%3A%2F%2Fgithub.com%2Fhumanwhocodes%2Fretry.git,node_modules/@humanwhocodes/retry,A utility to retry failed async methods.,git+https://github.com/humanwhocodes/retry.git,"as detected from PackageJson property ""repository.url""",https://github.com/humanwhocodes/retry#readme,"as detected from PackageJson property ""homepage""",https://github.com/humanwhocodes/retry/issues,"as detected from PackageJson property ""bugs.url""",,,,,,active,Active in npm registry,2025-05-07T14:25:57.572Z
library,@types/estree@1.0.9,MIT,@types,,estree,1.0.9,pkg:npm/%40types/estree@1.0.9#types/estree,node_modules/@types/estree,TypeScript definitions for estree,git+https://github.com/DefinitelyTyped/DefinitelyTyped.git#types/estree,"as detected from PackageJson property ""repository.url"" and ""repository.directory""",https://github.com/DefinitelyTyped/DefinitelyTyped/tree/master/types/estree,"as detected from PackageJson property ""homepage""",https://github.com/DefinitelyTyped/DefinitelyTyped/issues,"as detected from PackageJson property ""bugs.url""",https://registry.npmjs.org/@types/estree/-/estree-1.0.9.tgz,"as detected from npm-ls property ""resolved""",,,,active,Active in npm registry,2026-05-06T21:01:05.463Z
library,pirates@4.0.7,MIT,,Ari Porad,pirates,4.0.7,pkg:npm/pirates@4.0.7,node_modules/pirates,Properly hijack require~ i.e.~ properly define require hooks and customizations,git+https://github.com/danez/pirates.git,"as detected from PackageJson property ""repository.url""",https://github.com/danez/pirates#readme,"as detected from PackageJson property ""homepage""",https://github.com/danez/pirates/issues,"as detected from PackageJson property ""bugs.url""",https://registry.npmjs.org/pirates/-/pirates-4.0.7.tgz,"as detected from npm-ls property ""resolved""",,,ari@ariporad.com,active,Active in npm registry,2025-03-27T11:21:58.651Z
library,sinon@22.1.0,BSD-3-Clause,,Christian Johansen,sinon,22.1.0,pkg:npm/sinon@22.1.0,node_modules/sinon,JavaScript test spies~ stubs and mocks.,git+https://github.com/sinonjs/sinon.git,"as detected from PackageJson property ""repository.url""",https://sinonjs.org/,"as detected from PackageJson property ""homepage""",https://github.com/sinonjs/sinon/issues,"as detected from PackageJson property ""bugs.url""",https://registry.npmjs.org/sinon/-/sinon-22.1.0.tgz,"as detected from npm-ls property ""resolved""",,,,active,Active in npm registry,2026-07-20T17:59:28.664Z
library,@sinonjs/commons@3.0.1,BSD-3-Clause,@sinonjs,,commons,3.0.1,pkg:npm/%40sinonjs/commons@3.0.1,node_modules/@sinonjs/commons,Simple functions shared among the sinon end user libraries,git+https://github.com/sinonjs/commons.git,"as detected from PackageJson property ""repository.url""",https://github.com/sinonjs/commons#readme,"as detected from PackageJson property ""homepage""",https://github.com/sinonjs/commons/issues,"as detected from PackageJson property ""bugs.url""",https://registry.npmjs.org/@sinonjs/commons/-/commons-3.0.1.tgz,"as detected from npm-ls property ""resolved""",,,,active,Active in npm registry,2024-01-20T15:20:52.068Z
library,type-detect@4.0.8,MIT,,Jake Luer,type-detect,4.0.8,pkg:npm/type-detect@4.0.8,node_modules/type-detect,Improved typeof detection for node.js and the browser.,git+ssh://git@github.com/chaijs/type-detect.git,"as detected from PackageJson property ""repository.url""",https://github.com/chaijs/type-detect#readme,"as detected from PackageJson property ""homepage""",https://github.com/chaijs/type-detect/issues,"as detected from PackageJson property ""bugs.url""",https://registry.npmjs.org/type-detect/-/type-detect-4.0.8.tgz,"as detected from npm-ls property ""resolved""",,,jake@alogicalparadox.com,active,Active in npm registry,2024-07-25T10:50:20.663Z
library,@sinonjs/fake-timers@15.4.0,BSD-3-Clause,@sinonjs,Christian Johansen,fake-timers,15.4.0,pkg:npm/%40sinonjs/fake-timers@15.4.0,node_modules/@sinonjs/fake-timers,Fake JavaScript timers,git+https://github.com/sinonjs/fake-timers.git,"as detected from PackageJson property ""repository.url""",https://github.com/sinonjs/fake-timers,"as detected from PackageJson property ""homepage""",https://github.com/sinonjs/fake-timers/issues,"as detected from PackageJson property ""bugs.url""",https://registry.npmjs.org/@sinonjs/fake-timers/-/fake-timers-15.4.0.tgz,"as detected from npm-ls property ""resolved""",,,,active,Active in npm registry,2026-05-05T21:23:07.025Z
library,@sinonjs/samsam@10.0.2,BSD-3-Clause,@sinonjs,Christian Johansen,samsam,10.0.2,pkg:npm/%40sinonjs/samsam@10.0.2,node_modules/@sinonjs/samsam,Value identification and comparison functions,git+https://github.com/sinonjs/samsam.git,"as detected from PackageJson property ""repository.url""",http://sinonjs.github.io/samsam/,"as detected from PackageJson property ""homepage""",https://github.com/sinonjs/samsam/issues,"as detected from PackageJson property ""bugs.url""",https://registry.npmjs.org/@sinonjs/samsam/-/samsam-10.0.2.tgz,"as detected from npm-ls property ""resolved""",,,,active,Active in npm registry,2026-04-11T16:53:49.507Z
library,@sinonjs/samsam@10.0.2|type-detect@4.1.0,MIT,,Jake Luer,type-detect,4.1.0,pkg:npm/type-detect@4.1.0,node_modules/@sinonjs/samsam/node_modules/type-detect,Improved typeof detection for node.js and the browser.,git+ssh://git@github.com/chaijs/type-detect.git,"as detected from PackageJson property ""repository.url""",https://github.com/chaijs/type-detect#readme,"as detected from PackageJson property ""homepage""",https://github.com/chaijs/type-detect/issues,"as detected from PackageJson property ""bugs.url""",https://registry.npmjs.org/type-detect/-/type-detect-4.1.0.tgz,"as detected from npm-ls property ""resolved""",,,jake@alogicalparadox.com,active,Active in npm registry,2024-07-25T10:50:20.663Z
library,diff@9.0.0,BSD-3-Clause,,,diff,9.0.0,pkg:npm/diff@9.0.0,node_modules/diff,A JavaScript text diff implementation.,git+https://github.com/kpdecker/jsdiff.git,"as detected from PackageJson property ""repository.url""",https://github.com/kpdecker/jsdiff#readme,"as detected from PackageJson property ""homepage""",http://github.com/kpdecker/jsdiff/issues,"as detected from PackageJson property ""bugs.url""",https://registry.npmjs.org/diff/-/diff-9.0.0.tgz,"as detected from npm-ls property ""resolved""",,,,active,Active in npm registry,2026-04-13T12:39:24.607Z
library,standard-version@9.5.0,ISC,,Ben Coe,standard-version,9.5.0,pkg:npm/standard-version@9.5.0,node_modules/standard-version,replacement for `npm version` with automatic CHANGELOG generation,git+https://github.com/conventional-changelog/standard-version.git,"as detected from PackageJson property ""repository.url""",https://github.com/conventional-changelog/standard-version#readme,"as detected from PackageJson property ""homepage""",https://github.com/conventional-changelog/standard-version/issues,"as detected from PackageJson property ""bugs.url""",https://registry.npmjs.org/standard-version/-/standard-version-9.5.0.tgz,"as detected from npm-ls property ""resolved""",,,ben@npmjs.com,active,Active in npm registry,2023-04-01T00:02:16.994Z
library,standard-version@9.5.0|chalk@2.4.2,MIT,,,chalk,2.4.2,pkg:npm/chalk@2.4.2,node_modules/standard-version/node_modules/chalk,Terminal string styling done right,git+https://github.com/chalk/chalk.git,"as detected from PackageJson property ""repository.url""",https://github.com/chalk/chalk#readme,"as detected from PackageJson property ""homepage""",https://github.com/chalk/chalk/issues,"as detected from PackageJson property ""bugs.url""",https://registry.npmjs.org/chalk/-/chalk-2.4.2.tgz,"as detected from npm-ls property ""resolved""",,,,active,Active in npm registry,2026-07-26T14:51:07.471Z
library,standard-version@9.5.0|ansi-styles@3.2.1,MIT,,Sindre Sorhus,ansi-styles,3.2.1,pkg:npm/ansi-styles@3.2.1,node_modules/standard-version/node_modules/ansi-styles,ANSI escape codes for styling strings in the terminal,git+https://github.com/chalk/ansi-styles.git,"as detected from PackageJson property ""repository.url""",https://github.com/chalk/ansi-styles#readme,"as detected from PackageJson property ""homepage""",https://github.com/chalk/ansi-styles/issues,"as detected from PackageJson property ""bugs.url""",https://registry.npmjs.org/ansi-styles/-/ansi-styles-3.2.1.tgz,"as detected from npm-ls property ""resolved""",,,sindresorhus@gmail.com,active,Active in npm registry,2026-07-26T14:57:37.001Z
library,standard-version@9.5.0|color-convert@1.9.3,MIT,,Heather Arthur,color-convert,1.9.3,pkg:npm/color-convert@1.9.3,node_modules/standard-version/node_modules/color-convert,Plain color conversion functions,git+https://github.com/Qix-/color-convert.git,"as detected from PackageJson property ""repository.url""",https://github.com/Qix-/color-convert#readme,"as detected from PackageJson property ""homepage""",https://github.com/Qix-/color-convert/issues,"as detected from PackageJson property ""bugs.url""",https://registry.npmjs.org/color-convert/-/color-convert-1.9.3.tgz,"as detected from npm-ls property ""resolved""",,,fayearthur@gmail.com,active,Active in npm registry,2025-11-14T18:29:11.782Z
library,standard-version@9.5.0|color-name@1.1.3,MIT,,DY,color-name,1.1.3,pkg:npm/color-name@1.1.3,node_modules/standard-version/node_modules/color-name,A list of color names and its values,git+ssh://git@github.com/dfcreative/color-name.git,"as detected from PackageJson property ""repository.url""",https://github.com/dfcreative/color-name,"as detected from PackageJson property ""homepage""",https://github.com/dfcreative/color-name/issues,"as detected from PackageJson property ""bugs.url""",https://registry.npmjs.org/color-name/-/color-name-1.1.3.tgz,"as detected from npm-ls property ""resolved""",,,dfcreative@gmail.com,active,Active in npm registry,2026-07-22T15:38:35.650Z
library,standard-version@9.5.0|escape-string-regexp@1.0.5,MIT,,Sindre Sorhus,escape-string-regexp,1.0.5,pkg:npm/escape-string-regexp@1.0.5,node_modules/standard-version/node_modules/escape-string-regexp,Escape RegExp special characters,git+https://github.com/sindresorhus/escape-string-regexp.git,"as detected from PackageJson property ""repository.url""",https://github.com/sindresorhus/escape-string-regexp#readme,"as detected from PackageJson property ""homepage""",https://github.com/sindresorhus/escape-string-regexp/issues,"as detected from PackageJson property ""bugs.url""",https://registry.npmjs.org/escape-string-regexp/-/escape-string-regexp-1.0.5.tgz,"as detected from npm-ls property ""resolved""",,,sindresorhus@gmail.com,active,Active in npm registry,2023-04-25T16:42:41.472Z
library,standard-version@9.5.0|supports-color@5.5.0,MIT,,Sindre Sorhus,supports-color,5.5.0,pkg:npm/supports-color@5.5.0,node_modules/standard-version/node_modules/supports-color,Detect whether a terminal supports color,git+https://github.com/chalk/supports-color.git,"as detected from PackageJson property ""repository.url""",https://github.com/chalk/supports-color#readme,"as detected from PackageJson property ""homepage""",https://github.com/chalk/supports-color/issues,"as detected from PackageJson property ""bugs.url""",https://registry.npmjs.org/supports-color/-/supports-color-5.5.0.tgz,"as detected from npm-ls property ""resolved""",,,sindresorhus@gmail.com,active,Active in npm registry,2026-07-26T15:13:36.955Z
library,standard-version@9.5.0|has-flag@3.0.0,MIT,,Sindre Sorhus,has-flag,3.0.0,pkg:npm/has-flag@3.0.0,node_modules/standard-version/node_modules/has-flag,Check if argv has a specific flag,git+https://github.com/sindresorhus/has-flag.git,"as detected from PackageJson property ""repository.url""",https://github.com/sindresorhus/has-flag#readme,"as detected from PackageJson property ""homepage""",https://github.com/sindresorhus/has-flag/issues,"as detected from PackageJson property ""bugs.url""",https://registry.npmjs.org/has-flag/-/has-flag-3.0.0.tgz,"as detected from npm-ls property ""resolved""",,,sindresorhus@gmail.com,active,Active in npm registry,2023-04-17T23:19:31.649Z
library,standard-version@9.5.0|yargs@16.2.2,MIT,,,yargs,16.2.2,pkg:npm/yargs@16.2.2,node_modules/standard-version/node_modules/yargs,yargs the modern~ pirate-themed~ successor to optimist.,git+https://github.com/yargs/yargs.git,"as detected from PackageJson property ""repository.url""",https://yargs.js.org/,"as detected from PackageJson property ""homepage""",https://github.com/yargs/yargs/issues,"as detected from PackageJson property ""bugs.url""",https://registry.npmjs.org/yargs/-/yargs-16.2.2.tgz,"as detected from npm-ls property ""resolved""",,,,active,Active in npm registry,2026-07-26T04:07:48.820Z
library,standard-version@9.5.0|cliui@7.0.4,ISC,,Ben Coe,cliui,7.0.4,pkg:npm/cliui@7.0.4,node_modules/standard-version/node_modules/cliui,easily create complex multi-column command-line-interfaces,git+https://github.com/yargs/cliui.git,"as detected from PackageJson property ""repository.url""",https://github.com/yargs/cliui#readme,"as detected from PackageJson property ""homepage""",https://github.com/yargs/cliui/issues,"as detected from PackageJson property ""bugs.url""",https://registry.npmjs.org/cliui/-/cliui-7.0.4.tgz,"as detected from npm-ls property ""resolved""",,,ben@npmjs.com,active,Active in npm registry,2025-03-17T02:36:25.675Z
library,conventional-changelog-config-spec@2.1.0,MIT,,,conventional-changelog-config-spec,2.1.0,pkg:npm/conventional-changelog-config-spec@2.1.0,node_modules/conventional-changelog-config-spec,a spec describing the config options supported by conventional-config for upstream tooling,git+https://github.com/conventional-changelog/conventional-changelog-config-spec.git,"as detected from PackageJson property ""repository.url""",https://github.com/conventional-changelog/conventional-changelog-config-spec#readme,"as detected from PackageJson property ""homepage""",https://github.com/conventional-changelog/conventional-changelog-config-spec/issues,"as detected from PackageJson property ""bugs.url""",https://registry.npmjs.org/conventional-changelog-config-spec/-/conventional-changelog-config-spec-2.1.0.tgz,"as detected from npm-ls property ""resolved""",,,,active,Active in npm registry,2022-04-27T16:24:59.242Z
library,conventional-changelog-conventionalcommits@4.6.3,ISC,,Ben Coe,conventional-changelog-conventionalcommits,4.6.3,pkg:npm/conventional-changelog-conventionalcommits@4.6.3,node_modules/conventional-changelog-conventionalcommits,conventional-changelog conventionalcommits.org preset,git+https://github.com/conventional-changelog/conventional-changelog.git,"as detected from PackageJson property ""repository.url""",https://github.com/conventional-changelog/conventional-changelog/tree/master/packages/conventional-changelog-conventionalcommits#readme,"as detected from PackageJson property ""homepage""",https://github.com/conventional-changelog/conventional-changelog/issues,"as detected from PackageJson property ""bugs.url""",https://registry.npmjs.org/conventional-changelog-conventionalcommits/-/conventional-changelog-conventionalcommits-4.6.3.tgz,"as detected from npm-ls property ""resolved""",,,,active,Active in npm registry,2026-08-18T21:37:10.893Z
library,compare-func@2.0.0,MIT,,Steve Mao,compare-func,2.0.0,pkg:npm/compare-func@2.0.0,node_modules/compare-func,Get a compare function for array to sort,git+https://github.com/stevemao/compare-func.git,"as detected from PackageJson property ""repository.url""",https://github.com/stevemao/compare-func,"as detected from PackageJson property ""homepage""",https://github.com/stevemao/compare-func/issues,"as detected from PackageJson property ""bugs.url""",https://registry.npmjs.org/compare-func/-/compare-func-2.0.0.tgz,"as detected from npm-ls property ""resolved""",,,maochenyan@gmail.com,active,Active in npm registry,2022-06-13T19:40:34.200Z
library,array-ify@1.0.0,MIT,,Steve Mao,array-ify,1.0.0,pkg:npm/array-ify@1.0.0,node_modules/array-ify,Turn anything into an array,git+https://github.com/stevemao/array-ify.git,"as detected from PackageJson property ""repository.url""",https://github.com/stevemao/array-ify,"as detected from PackageJson property ""homepage""",https://github.com/stevemao/array-ify/issues,"as detected from PackageJson property ""bugs.url""",https://registry.npmjs.org/array-ify/-/array-ify-1.0.0.tgz,"as detected from npm-ls property ""resolved""",,,maochenyan@gmail.com,active,Active in npm registry,2022-06-13T03:28:21.153Z
library,dot-prop@5.3.0,MIT,,Sindre Sorhus,dot-prop,5.3.0,pkg:npm/dot-prop@5.3.0,node_modules/dot-prop,Get~ set~ or delete a property from a nested object using a dot path,git+https://github.com/sindresorhus/dot-prop.git,"as detected from PackageJson property ""repository.url""",https://github.com/sindresorhus/dot-prop#readme,"as detected from PackageJson property ""homepage""",https://github.com/sindresorhus/dot-prop/issues,"as detected from PackageJson property ""bugs.url""",https://registry.npmjs.org/dot-prop/-/dot-prop-5.3.0.tgz,"as detected from npm-ls property ""resolved""",,,sindresorhus@gmail.com,active,Active in npm registry,2026-07-21T12:19:37.246Z
library,is-obj@2.0.0,MIT,,Sindre Sorhus,is-obj,2.0.0,pkg:npm/is-obj@2.0.0,node_modules/is-obj,Check if a value is an object,git+https://github.com/sindresorhus/is-obj.git,"as detected from PackageJson property ""repository.url""",https://github.com/sindresorhus/is-obj#readme,"as detected from PackageJson property ""homepage""",https://github.com/sindresorhus/is-obj/issues,"as detected from PackageJson property ""bugs.url""",https://registry.npmjs.org/is-obj/-/is-obj-2.0.0.tgz,"as detected from npm-ls property ""resolved""",,,sindresorhus@gmail.com,active,Active in npm registry,2022-06-19T02:46:56.150Z
library,q@1.5.1,MIT,,Kris Kowal,q,1.5.1,pkg:npm/q@1.5.1,node_modules/q,A library for promises (CommonJS/Promises/A~B~D),git://github.com/kriskowal/q.git,"as detected from PackageJson property ""repository.url""",https://github.com/kriskowal/q,"as detected from PackageJson property ""homepage""",http://github.com/kriskowal/q/issues,"as detected from PackageJson property ""bugs.url""",https://registry.npmjs.org/q/-/q-1.5.1.tgz,"as detected from npm-ls property ""resolved""",,,kris@cixar.com,deprecated,"You or someone you depend on is using Q, the JavaScript Promise library that gave JavaScript developers strong feelings about promises. They can almost certainly migrate to the native JavaScript promise now. Thank you literally everyone for joining me in this bet against the odds. Be excellent to each other.

(For a CapTP with native promises, see @endo/eventual-send and @endo/captp)",2025-10-16T11:04:47.918Z
library,conventional-changelog@3.1.25,MIT,,,conventional-changelog,3.1.25,pkg:npm/conventional-changelog@3.1.25,node_modules/conventional-changelog,Generate a changelog from git metadata,git+https://github.com/conventional-changelog/conventional-changelog.git,"as detected from PackageJson property ""repository.url""",https://github.com/conventional-changelog/conventional-changelog/tree/master/packages/conventional-changelog#readme,"as detected from PackageJson property ""homepage""",https://github.com/conventional-changelog/conventional-changelog/issues,"as detected from PackageJson property ""bugs.url""",https://registry.npmjs.org/conventional-changelog/-/conventional-changelog-3.1.25.tgz,"as detected from npm-ls property ""resolved""",,,,active,Active in npm registry,2026-08-12T22:35:00.198Z
library,conventional-changelog-angular@5.0.13,ISC,,Steve Mao,conventional-changelog-angular,5.0.13,pkg:npm/conventional-changelog-angular@5.0.13,node_modules/conventional-changelog-angular,conventional-changelog angular preset,git+https://github.com/conventional-changelog/conventional-changelog.git,"as detected from PackageJson property ""repository.url""",https://github.com/conventional-changelog/conventional-changelog/tree/master/packages/conventional-changelog-angular#readme,"as detected from PackageJson property ""homepage""",https://github.com/conventional-changelog/conventional-changelog/issues,"as detected from PackageJson property ""bugs.url""",https://registry.npmjs.org/conventional-changelog-angular/-/conventional-changelog-angular-5.0.13.tgz,"as detected from npm-ls property ""resolved""",,,,active,Active in npm registry,2026-08-18T21:38:10.460Z
library,conventional-changelog-atom@2.0.8,ISC,,Steve Mao,conventional-changelog-atom,2.0.8,pkg:npm/conventional-changelog-atom@2.0.8,node_modules/conventional-changelog-atom,conventional-changelog atom preset,git+https://github.com/conventional-changelog/conventional-changelog.git,"as detected from PackageJson property ""repository.url""",https://github.com/conventional-changelog/conventional-changelog/tree/master/packages/conventional-changelog-atom#readme,"as detected from PackageJson property ""homepage""",https://github.com/conventional-changelog/conventional-changelog/issues,"as detected from PackageJson property ""bugs.url""",https://registry.npmjs.org/conventional-changelog-atom/-/conventional-changelog-atom-2.0.8.tgz,"as detected from npm-ls property ""resolved""",,,,deprecated,This preset is deprecated. Please use conventional-changelog-conventionalcommits or conventional-changelog-angular instead.,2026-06-26T19:57:35.495Z
library,conventional-changelog-codemirror@2.0.8,ISC,,Steve Mao,conventional-changelog-codemirror,2.0.8,pkg:npm/conventional-changelog-codemirror@2.0.8,node_modules/conventional-changelog-codemirror,conventional-changelog CodeMirror preset,git+https://github.com/conventional-changelog/conventional-changelog.git,"as detected from PackageJson property ""repository.url""",https://github.com/conventional-changelog/conventional-changelog/tree/master/packages/conventional-changelog-codemirror#readme,"as detected from PackageJson property ""homepage""",https://github.com/conventional-changelog/conventional-changelog/issues,"as detected from PackageJson property ""bugs.url""",https://registry.npmjs.org/conventional-changelog-codemirror/-/conventional-changelog-codemirror-2.0.8.tgz,"as detected from npm-ls property ""resolved""",,,,deprecated,This preset is deprecated. Please use conventional-changelog-conventionalcommits or conventional-changelog-angular instead.,2026-06-26T19:57:51.198Z
library,conventional-changelog-core@4.2.4,MIT,,,conventional-changelog-core,4.2.4,pkg:npm/conventional-changelog-core@4.2.4,node_modules/conventional-changelog-core,conventional-changelog core,git+https://github.com/conventional-changelog/conventional-changelog.git,"as detected from PackageJson property ""repository.url""",https://github.com/conventional-changelog/conventional-changelog/tree/master/packages/conventional-changelog-core#readme,"as detected from PackageJson property ""homepage""",https://github.com/conventional-changelog/conventional-changelog/issues,"as detected from PackageJson property ""bugs.url""",https://registry.npmjs.org/conventional-changelog-core/-/conventional-changelog-core-4.2.4.tgz,"as detected from npm-ls property ""resolved""",,,,deprecated,Deprecated and no longer maintained. Please use conventional-changelog instead.,2026-06-25T14:11:47.573Z
library,add-stream@1.0.0,MIT,,Majid Burney,add-stream,1.0.0,pkg:npm/add-stream@1.0.0,node_modules/add-stream,Append the contents of one stream onto another.,git+https://github.com/wilsonjackson/add-stream.git,"as detected from PackageJson property ""repository.url""",https://github.com/wilsonjackson/add-stream,"as detected from PackageJson property ""homepage""",https://github.com/wilsonjackson/add-stream/issues,"as detected from PackageJson property ""bugs.url""",https://registry.npmjs.org/add-stream/-/add-stream-1.0.0.tgz,"as detected from npm-ls property ""resolved""",,,moocow@euphoricsoup.com,active,Active in npm registry,2022-06-13T02:25:34.298Z
library,conventional-changelog-writer@5.0.1,MIT,,Steve Mao,conventional-changelog-writer,5.0.1,pkg:npm/conventional-changelog-writer@5.0.1,node_modules/conventional-changelog-writer,Write logs based on conventional commits and templates,git+https://github.com/conventional-changelog/conventional-changelog.git,"as detected from PackageJson property ""repository.url""",https://github.com/conventional-changelog/conventional-changelog/tree/master/packages/conventional-changelog-writer#readme,"as detected from PackageJson property ""homepage""",https://github.com/conventional-changelog/conventional-changelog/issues,"as detected from PackageJson property ""bugs.url""",https://registry.npmjs.org/conventional-changelog-writer/-/conventional-changelog-writer-5.0.1.tgz,"as detected from npm-ls property ""resolved""",,,maochenyan@gmail.com,active,Active in npm registry,2026-08-10T21:38:57.663Z
library,conventional-changelog-writer@5.0.1|semver@6.3.1,ISC,,GitHub Inc.,semver,6.3.1,pkg:npm/semver@6.3.1,node_modules/conventional-changelog-writer/node_modules/semver,The semantic version parser used by npm.,git+https://github.com/npm/node-semver.git,"as detected from PackageJson property ""repository.url""",https://github.com/npm/node-semver#readme,"as detected from PackageJson property ""homepage""",https://github.com/npm/node-semver/issues,"as detected from PackageJson property ""bugs.url""",https://registry.npmjs.org/semver/-/semver-6.3.1.tgz,"as detected from npm-ls property ""resolved""",,,,active,Active in npm registry,2026-09-09T20:11:27.644Z
library,conventional-commits-filter@2.0.7,MIT,,Steve Mao,conventional-commits-filter,2.0.7,pkg:npm/conventional-commits-filter@2.0.7?vcs_url=git%2Bhttps%3A%2F%2Fgithub.com%2Fconventional-changelog%2Fconventional-changelog.git,node_modules/conventional-commits-filter,Filter out reverted commits parsed by conventional-commits-parser,git+https://github.com/conventional-changelog/conventional-changelog.git,"as detected from PackageJson property ""repository.url""",https://github.com/conventional-changelog/conventional-changelog/tree/master/packages/conventional-commits-filter#readme,"as detected from PackageJson property ""homepage""",https://github.com/conventional-changelog/conventional-changelog/issues,"as detected from PackageJson property ""bugs.url""",,,,,maochenyan@gmail.com,active,Active in npm registry,2026-07-04T21:47:23.743Z
library,dateformat@3.0.3,MIT,,Steven Levithan,dateformat,3.0.3,pkg:npm/dateformat@3.0.3?vcs_url=git%2Bhttps%3A%2F%2Fgithub.com%2Ffelixge%2Fnode-dateformat.git,node_modules/dateformat,A node.js package for Steven Levithan's excellent dateFormat() function.,git+https://github.com/felixge/node-dateformat.git,"as detected from PackageJson property ""repository.url""",https://github.com/felixge/node-dateformat,"as detected from PackageJson property ""homepage""",https://github.com/felixge/node-dateformat/issues,"as detected from PackageJson property ""bugs.url""",,,,,,active,Active in npm registry,2025-12-23T08:17:38.364Z
library,json-stringify-safe@5.0.1,ISC,,Isaac Z. Schlueter,json-stringify-safe,5.0.1,pkg:npm/json-stringify-safe@5.0.1,node_modules/json-stringify-safe,Like JSON.stringify~ but doesn't blow up on circular refs.,git://github.com/isaacs/json-stringify-safe.git,"as detected from PackageJson property ""repository.url""",https://github.com/isaacs/json-stringify-safe,"as detected from PackageJson property ""homepage""",https://github.com/isaacs/json-stringify-safe/issues,"as detected from PackageJson property ""bugs.url""",https://registry.npmjs.org/json-stringify-safe/-/json-stringify-safe-5.0.1.tgz,"as detected from npm-ls property ""resolved""",,,i@izs.me,active,Active in npm registry,2022-06-19T06:27:33.261Z
library,meow@8.1.2,MIT,,Sindre Sorhus,meow,8.1.2,pkg:npm/meow@8.1.2?vcs_url=git%2Bhttps%3A%2F%2Fgithub.com%2Fsindresorhus%2Fmeow.git,node_modules/meow,CLI app helper,git+https://github.com/sindresorhus/meow.git,"as detected from PackageJson property ""repository.url""",https://github.com/sindresorhus/meow#readme,"as detected from PackageJson property ""homepage""",https://github.com/sindresorhus/meow/issues,"as detected from PackageJson property ""bugs.url""",,,,,sindresorhus@gmail.com,active,Active in npm registry,2026-02-20T10:30:43.974Z
library,meow@8.1.2|read-pkg-up@7.0.1,MIT,,Sindre Sorhus,read-pkg-up,7.0.1,pkg:npm/read-pkg-up@7.0.1,node_modules/meow/node_modules/read-pkg-up,Read the closest package.json file,git+https://github.com/sindresorhus/read-pkg-up.git,"as detected from PackageJson property ""repository.url""",https://github.com/sindresorhus/read-pkg-up#readme,"as detected from PackageJson property ""homepage""",https://github.com/sindresorhus/read-pkg-up/issues,"as detected from PackageJson property ""bugs.url""",https://registry.npmjs.org/read-pkg-up/-/read-pkg-up-7.0.1.tgz,"as detected from npm-ls property ""resolved""",,,sindresorhus@gmail.com,active,Active in npm registry,2023-11-04T09:32:35.174Z
library,meow@8.1.2|read-pkg-up@7.0.1|type-fest@0.8.1,,,Sindre Sorhus,type-fest,0.8.1,pkg:npm/type-fest@0.8.1,node_modules/meow/node_modules/read-pkg-up/node_modules/type-fest,A collection of essential TypeScript types,git+https://github.com/sindresorhus/type-fest.git,"as detected from PackageJson property ""repository.url""",https://github.com/sindresorhus/type-fest#readme,"as detected from PackageJson property ""homepage""",https://github.com/sindresorhus/type-fest/issues,"as detected from PackageJson property ""bugs.url""",https://registry.npmjs.org/type-fest/-/type-fest-0.8.1.tgz,"as detected from npm-ls property ""resolved""",,,sindresorhus@gmail.com,active,Active in npm registry,2026-08-30T23:58:44.826Z
library,meow@8.1.2|find-up@4.1.0,MIT,,Sindre Sorhus,find-up,4.1.0,pkg:npm/find-up@4.1.0,node_modules/meow/node_modules/find-up,Find a file or directory by walking up parent directories,git+https://github.com/sindresorhus/find-up.git,"as detected from PackageJson property ""repository.url""",https://github.com/sindresorhus/find-up#readme,"as detected from PackageJson property ""homepage""",https://github.com/sindresorhus/find-up/issues,"as detected from PackageJson property ""bugs.url""",https://registry.npmjs.org/find-up/-/find-up-4.1.0.tgz,"as detected from npm-ls property ""resolved""",,,sindresorhus@gmail.com,active,Active in npm registry,2025-09-16T01:13:57.276Z
library,meow@8.1.2|locate-path@5.0.0,MIT,,Sindre Sorhus,locate-path,5.0.0,pkg:npm/locate-path@5.0.0,node_modules/meow/node_modules/locate-path,Get the first path that exists on disk of multiple paths,git+https://github.com/sindresorhus/locate-path.git,"as detected from PackageJson property ""repository.url""",https://github.com/sindresorhus/locate-path#readme,"as detected from PackageJson property ""homepage""",https://github.com/sindresorhus/locate-path/issues,"as detected from PackageJson property ""bugs.url""",https://registry.npmjs.org/locate-path/-/locate-path-5.0.0.tgz,"as detected from npm-ls property ""resolved""",,,sindresorhus@gmail.com,active,Active in npm registry,2025-09-15T23:17:38.996Z
library,meow@8.1.2|p-locate@4.1.0,MIT,,Sindre Sorhus,p-locate,4.1.0,pkg:npm/p-locate@4.1.0,node_modules/meow/node_modules/p-locate,Get the first fulfilled promise that satisfies the provided testing function,git+https://github.com/sindresorhus/p-locate.git,"as detected from PackageJson property ""repository.url""",https://github.com/sindresorhus/p-locate#readme,"as detected from PackageJson property ""homepage""",https://github.com/sindresorhus/p-locate/issues,"as detected from PackageJson property ""bugs.url""",https://registry.npmjs.org/p-locate/-/p-locate-4.1.0.tgz,"as detected from npm-ls property ""resolved""",,,sindresorhus@gmail.com,active,Active in npm registry,2026-02-03T07:57:50.017Z
library,meow@8.1.2|p-limit@2.3.0,MIT,,Sindre Sorhus,p-limit,2.3.0,pkg:npm/p-limit@2.3.0,node_modules/meow/node_modules/p-limit,Run multiple promise-returning & async functions with limited concurrency,git+https://github.com/sindresorhus/p-limit.git,"as detected from PackageJson property ""repository.url""",https://github.com/sindresorhus/p-limit#readme,"as detected from PackageJson property ""homepage""",https://github.com/sindresorhus/p-limit/issues,"as detected from PackageJson property ""bugs.url""",https://registry.npmjs.org/p-limit/-/p-limit-2.3.0.tgz,"as detected from npm-ls property ""resolved""",,,sindresorhus@gmail.com,active,Active in npm registry,2026-08-31T16:53:23.147Z
library,meow@8.1.2|read-pkg@5.2.0,MIT,,Sindre Sorhus,read-pkg,5.2.0,pkg:npm/read-pkg@5.2.0,node_modules/meow/node_modules/read-pkg,Read a package.json file,git+https://github.com/sindresorhus/read-pkg.git,"as detected from PackageJson property ""repository.url""",https://github.com/sindresorhus/read-pkg#readme,"as detected from PackageJson property ""homepage""",https://github.com/sindresorhus/read-pkg/issues,"as detected from PackageJson property ""bugs.url""",https://registry.npmjs.org/read-pkg/-/read-pkg-5.2.0.tgz,"as detected from npm-ls property ""resolved""",,,sindresorhus@gmail.com,active,Active in npm registry,2026-02-08T14:30:35.043Z
library,meow@8.1.2|read-pkg@5.2.0|normalize-package-data@2.5.0,BSD-2-Clause,,Meryn Stol,normalize-package-data,2.5.0,pkg:npm/normalize-package-data@2.5.0,node_modules/meow/node_modules/read-pkg/node_modules/normalize-package-data,Normalizes data that can be found in package.json files.,git://github.com/npm/normalize-package-data.git,"as detected from PackageJson property ""repository.url""",https://github.com/npm/normalize-package-data#readme,"as detected from PackageJson property ""homepage""",https://github.com/npm/normalize-package-data/issues,"as detected from PackageJson property ""bugs.url""",https://registry.npmjs.org/normalize-package-data/-/normalize-package-data-2.5.0.tgz,"as detected from npm-ls property ""resolved""",,,merynstol@gmail.com,active,Active in npm registry,2026-09-09T20:10:59.459Z
library,meow@8.1.2|read-pkg@5.2.0|type-fest@0.6.0,,,Sindre Sorhus,type-fest,0.6.0,pkg:npm/type-fest@0.6.0,node_modules/meow/node_modules/read-pkg/node_modules/type-fest,A collection of essential TypeScript types,git+https://github.com/sindresorhus/type-fest.git,"as detected from PackageJson property ""repository.url""",https://github.com/sindresorhus/type-fest#readme,"as detected from PackageJson property ""homepage""",https://github.com/sindresorhus/type-fest/issues,"as detected from PackageJson property ""bugs.url""",https://registry.npmjs.org/type-fest/-/type-fest-0.6.0.tgz,"as detected from npm-ls property ""resolved""",,,sindresorhus@gmail.com,active,Active in npm registry,2026-08-30T23:58:44.826Z
library,meow@8.1.2|hosted-git-info@2.8.9,ISC,,Rebecca Turner,hosted-git-info,2.8.9,pkg:npm/hosted-git-info@2.8.9,node_modules/meow/node_modules/hosted-git-info,Provides metadata and conversions from repository urls for Github~ Bitbucket and Gitlab,git+https://github.com/npm/hosted-git-info.git,"as detected from PackageJson property ""repository.url""",https://github.com/npm/hosted-git-info,"as detected from PackageJson property ""homepage""",https://github.com/npm/hosted-git-info/issues,"as detected from PackageJson property ""bugs.url""",https://registry.npmjs.org/hosted-git-info/-/hosted-git-info-2.8.9.tgz,"as detected from npm-ls property ""resolved""",,,me@re-becca.org,active,Active in npm registry,2026-09-09T20:10:53.427Z
library,meow@8.1.2|semver@5.7.2,ISC,,GitHub Inc.,semver,5.7.2,pkg:npm/semver@5.7.2,node_modules/meow/node_modules/semver,The semantic version parser used by npm.,git+https://github.com/npm/node-semver.git,"as detected from PackageJson property ""repository.url""",https://github.com/npm/node-semver#readme,"as detected from PackageJson property ""homepage""",https://github.com/npm/node-semver/issues,"as detected from PackageJson property ""bugs.url""",https://registry.npmjs.org/semver/-/semver-5.7.2.tgz,"as detected from npm-ls property ""resolved""",,,,active,Active in npm registry,2026-09-09T20:11:27.644Z
library,meow@8.1.2|parse-json@5.2.0,MIT,,Sindre Sorhus,parse-json,5.2.0,pkg:npm/parse-json@5.2.0,node_modules/meow/node_modules/parse-json,Parse JSON with more helpful errors,git+https://github.com/sindresorhus/parse-json.git,"as detected from PackageJson property ""repository.url""",https://github.com/sindresorhus/parse-json#readme,"as detected from PackageJson property ""homepage""",https://github.com/sindresorhus/parse-json/issues,"as detected from PackageJson property ""bugs.url""",https://registry.npmjs.org/parse-json/-/parse-json-5.2.0.tgz,"as detected from npm-ls property ""resolved""",,,sindresorhus@gmail.com,active,Active in npm registry,2025-04-09T09:02:03.484Z
library,meow@8.1.2|type-fest@0.18.1,,,Sindre Sorhus,type-fest,0.18.1,pkg:npm/type-fest@0.18.1,node_modules/meow/node_modules/type-fest,A collection of essential TypeScript types,git+https://github.com/sindresorhus/type-fest.git,"as detected from PackageJson property ""repository.url""",https://github.com/sindresorhus/type-fest#readme,"as detected from PackageJson property ""homepage""",https://github.com/sindresorhus/type-fest/issues,"as detected from PackageJson property ""bugs.url""",https://registry.npmjs.org/type-fest/-/type-fest-0.18.1.tgz,"as detected from npm-ls property ""resolved""",,,sindresorhus@gmail.com,active,Active in npm registry,2026-08-30T23:58:44.826Z
library,conventional-commits-parser@3.2.4,MIT,,Steve Mao,conventional-commits-parser,3.2.4,pkg:npm/conventional-commits-parser@3.2.4?vcs_url=git%2Bhttps%3A%2F%2Fgithub.com%2Fconventional-changelog%2Fconventional-changelog.git,node_modules/conventional-commits-parser,Parse raw conventional commits,git+https://github.com/conventional-changelog/conventional-changelog.git,"as detected from PackageJson property ""repository.url""",https://github.com/conventional-changelog/conventional-changelog/tree/master/packages/conventional-commits-parser#readme,"as detected from PackageJson property ""homepage""",https://github.com/conventional-changelog/conventional-changelog/issues,"as detected from PackageJson property ""bugs.url""",,,,,maochenyan@gmail.com,active,Active in npm registry,2026-07-31T15:01:24.070Z
library,get-pkg-repo@4.2.1,MIT,,Steve Mao,get-pkg-repo,4.2.1,pkg:npm/get-pkg-repo@4.2.1,node_modules/get-pkg-repo,Get repository user and project information from package.json file contents.,git+https://github.com/conventional-changelog/get-pkg-repo.git,"as detected from PackageJson property ""repository.url""",https://github.com/conventional-changelog/get-pkg-repo#readme,"as detected from PackageJson property ""homepage""",https://github.com/conventional-changelog/get-pkg-repo/issues,"as detected from PackageJson property ""bugs.url""",https://registry.npmjs.org/get-pkg-repo/-/get-pkg-repo-4.2.1.tgz,"as detected from npm-ls property ""resolved""",,,maochenyan@gmail.com,active,Active in npm registry,2022-06-18T07:52:44.515Z
library,get-pkg-repo@4.2.1|through2@2.0.5,MIT,,Rod Vagg,through2,2.0.5,pkg:npm/through2@2.0.5,node_modules/get-pkg-repo/node_modules/through2,A tiny wrapper around Node streams2 Transform to avoid explicit subclassing noise,git+https://github.com/rvagg/through2.git,"as detected from PackageJson property ""repository.url""",https://github.com/rvagg/through2#readme,"as detected from PackageJson property ""homepage""",https://github.com/rvagg/through2/issues,"as detected from PackageJson property ""bugs.url""",https://registry.npmjs.org/through2/-/through2-2.0.5.tgz,"as detected from npm-ls property ""resolved""",,,r@va.gg,active,Active in npm registry,2026-07-30T05:27:52.569Z
library,get-pkg-repo@4.2.1|yargs@16.2.2,MIT,,,yargs,16.2.2,pkg:npm/yargs@16.2.2,node_modules/get-pkg-repo/node_modules/yargs,yargs the modern~ pirate-themed~ successor to optimist.,git+https://github.com/yargs/yargs.git,"as detected from PackageJson property ""repository.url""",https://yargs.js.org/,"as detected from PackageJson property ""homepage""",https://github.com/yargs/yargs/issues,"as detected from PackageJson property ""bugs.url""",https://registry.npmjs.org/yargs/-/yargs-16.2.2.tgz,"as detected from npm-ls property ""resolved""",,,,active,Active in npm registry,2026-07-26T04:07:48.820Z
library,get-pkg-repo@4.2.1|cliui@7.0.4,ISC,,Ben Coe,cliui,7.0.4,pkg:npm/cliui@7.0.4,node_modules/get-pkg-repo/node_modules/cliui,easily create complex multi-column command-line-interfaces,git+https://github.com/yargs/cliui.git,"as detected from PackageJson property ""repository.url""",https://github.com/yargs/cliui#readme,"as detected from PackageJson property ""homepage""",https://github.com/yargs/cliui/issues,"as detected from PackageJson property ""bugs.url""",https://registry.npmjs.org/cliui/-/cliui-7.0.4.tgz,"as detected from npm-ls property ""resolved""",,,ben@npmjs.com,active,Active in npm registry,2025-03-17T02:36:25.675Z
library,@hutson/parse-repository-url@3.0.2,Apache-2.0,@hutson,Hutson Betts,parse-repository-url,3.0.2,pkg:npm/%40hutson/parse-repository-url@3.0.2,node_modules/@hutson/parse-repository-url,Parse repository URLs to extract~ SCM platform~ domain~ user~ and project information.,git+https://gitlab.com/hyper-expanse/open-source/parse-repository-url.git,"as detected from PackageJson property ""repository.url""",https://gitlab.com/hyper-expanse/open-source/parse-repository-url#readme,"as detected from PackageJson property ""homepage""",https://gitlab.com/hyper-expanse/open-source/parse-repository-url/issues,"as detected from PackageJson property ""bugs.url""",https://registry.npmjs.org/@hutson/parse-repository-url/-/parse-repository-url-3.0.2.tgz,"as detected from npm-ls property ""resolved""",,,hutson@hyper-expanse.net,active,Active in npm registry,2022-04-05T18:49:49.833Z
library,hosted-git-info@4.1.0,ISC,,Rebecca Turner,hosted-git-info,4.1.0,pkg:npm/hosted-git-info@4.1.0,node_modules/hosted-git-info,Provides metadata and conversions from repository urls for GitHub~ Bitbucket and GitLab,git+https://github.com/npm/hosted-git-info.git,"as detected from PackageJson property ""repository.url""",https://github.com/npm/hosted-git-info,"as detected from PackageJson property ""homepage""",https://github.com/npm/hosted-git-info/issues,"as detected from PackageJson property ""bugs.url""",https://registry.npmjs.org/hosted-git-info/-/hosted-git-info-4.1.0.tgz,"as detected from npm-ls property ""resolved""",,,me@re-becca.org,active,Active in npm registry,2026-09-09T20:10:53.427Z
library,hosted-git-info@4.1.0|lru-cache@6.0.0,ISC,,Isaac Z. Schlueter,lru-cache,6.0.0,pkg:npm/lru-cache@6.0.0,node_modules/hosted-git-info/node_modules/lru-cache,A cache object that deletes the least-recently-used items.,git://github.com/isaacs/node-lru-cache.git,"as detected from PackageJson property ""repository.url""",https://github.com/isaacs/node-lru-cache#readme,"as detected from PackageJson property ""homepage""",https://github.com/isaacs/node-lru-cache/issues,"as detected from PackageJson property ""bugs.url""",https://registry.npmjs.org/lru-cache/-/lru-cache-6.0.0.tgz,"as detected from npm-ls property ""resolved""",,,i@izs.me,active,Active in npm registry,2026-07-07T23:27:14.455Z
library,hosted-git-info@4.1.0|yallist@4.0.0,ISC,,Isaac Z. Schlueter,yallist,4.0.0,pkg:npm/yallist@4.0.0,node_modules/hosted-git-info/node_modules/yallist,Yet Another Linked List,git+https://github.com/isaacs/yallist.git,"as detected from PackageJson property ""repository.url""",https://github.com/isaacs/yallist#readme,"as detected from PackageJson property ""homepage""",https://github.com/isaacs/yallist/issues,"as detected from PackageJson property ""bugs.url""",https://registry.npmjs.org/yallist/-/yallist-4.0.0.tgz,"as detected from npm-ls property ""resolved""",,,i@izs.me,active,Active in npm registry,2024-04-09T19:21:45.008Z
library,git-raw-commits@2.0.11,MIT,,Steve Mao,git-raw-commits,2.0.11,pkg:npm/git-raw-commits@2.0.11?vcs_url=git%2Bhttps%3A%2F%2Fgithub.com%2Fconventional-changelog%2Fconventional-changelog.git,node_modules/git-raw-commits,Get raw git commits out of your repository using git-log(1),git+https://github.com/conventional-changelog/conventional-changelog.git,"as detected from PackageJson property ""repository.url""",https://github.com/conventional-changelog/conventional-changelog/tree/master/packages/git-raw-commits#readme,"as detected from PackageJson property ""homepage""",https://github.com/conventional-changelog/conventional-changelog/issues,"as detected from PackageJson property ""bugs.url""",,,,,maochenyan@gmail.com,deprecated,Deprecated and no longer maintained. Use @conventional-changelog/git-client instead.,2026-06-25T14:18:43.808Z
library,git-remote-origin-url@2.0.0,MIT,,Sindre Sorhus,git-remote-origin-url,2.0.0,pkg:npm/git-remote-origin-url@2.0.0,node_modules/git-remote-origin-url,Get the remote origin url of a git repository,git+https://github.com/sindresorhus/git-remote-origin-url.git,"as detected from PackageJson property ""repository.url""",https://github.com/sindresorhus/git-remote-origin-url#readme,"as detected from PackageJson property ""homepage""",https://github.com/sindresorhus/git-remote-origin-url/issues,"as detected from PackageJson property ""bugs.url""",https://registry.npmjs.org/git-remote-origin-url/-/git-remote-origin-url-2.0.0.tgz,"as detected from npm-ls property ""resolved""",,,sindresorhus@gmail.com,active,Active in npm registry,2023-06-16T22:40:27.274Z
library,git-remote-origin-url@2.0.0|pify@2.3.0,MIT,,Sindre Sorhus,pify,2.3.0,pkg:npm/pify@2.3.0,node_modules/git-remote-origin-url/node_modules/pify,Promisify a callback-style function,git+https://github.com/sindresorhus/pify.git,"as detected from PackageJson property ""repository.url""",https://github.com/sindresorhus/pify#readme,"as detected from PackageJson property ""homepage""",https://github.com/sindresorhus/pify/issues,"as detected from PackageJson property ""bugs.url""",https://registry.npmjs.org/pify/-/pify-2.3.0.tgz,"as detected from npm-ls property ""resolved""",,,sindresorhus@gmail.com,active,Active in npm registry,2023-06-17T00:08:09.166Z
library,gitconfiglocal@1.0.0,,,Ryan Day,gitconfiglocal,1.0.0,pkg:npm/gitconfiglocal@1.0.0,node_modules/gitconfiglocal,parse the .git/config file into a useful data structure,git://github.com/soldair/node-gitconfiglocal.git,"as detected from PackageJson property ""repository.url""",https://github.com/soldair/node-gitconfiglocal#readme,"as detected from PackageJson property ""homepage""",https://github.com/soldair/node-gitconfiglocal/issues,"as detected from PackageJson property ""bugs.url""",https://registry.npmjs.org/gitconfiglocal/-/gitconfiglocal-1.0.0.tgz,"as detected from npm-ls property ""resolved""",,,,active,Active in npm registry,2022-06-18T12:24:13.683Z
library,git-semver-tags@4.1.1,MIT,,Steve Mao,git-semver-tags,4.1.1,pkg:npm/git-semver-tags@4.1.1?vcs_url=git%2Bhttps%3A%2F%2Fgithub.com%2Fconventional-changelog%2Fconventional-changelog.git,node_modules/git-semver-tags,Get all git semver tags of your repository in reverse chronological order,git+https://github.com/conventional-changelog/conventional-changelog.git,"as detected from PackageJson property ""repository.url""",https://github.com/conventional-changelog/conventional-changelog/tree/master/packages/git-semver-tags#readme,"as detected from PackageJson property ""homepage""",https://github.com/conventional-changelog/conventional-changelog/issues,"as detected from PackageJson property ""bugs.url""",,,,,maochenyan@gmail.com,deprecated,Deprecated and no longer maintained. Use @conventional-changelog/git-client instead.,2026-06-25T14:19:19.575Z
library,git-semver-tags@4.1.1|semver@6.3.1,ISC,,GitHub Inc.,semver,6.3.1,pkg:npm/semver@6.3.1,node_modules/git-semver-tags/node_modules/semver,The semantic version parser used by npm.,git+https://github.com/npm/node-semver.git,"as detected from PackageJson property ""repository.url""",https://github.com/npm/node-semver#readme,"as detected from PackageJson property ""homepage""",https://github.com/npm/node-semver/issues,"as detected from PackageJson property ""bugs.url""",https://registry.npmjs.org/semver/-/semver-6.3.1.tgz,"as detected from npm-ls property ""resolved""",,,,active,Active in npm registry,2026-09-09T20:11:27.644Z
library,normalize-package-data@3.0.3,BSD-2-Clause,,Meryn Stol,normalize-package-data,3.0.3,pkg:npm/normalize-package-data@3.0.3,node_modules/normalize-package-data,Normalizes data that can be found in package.json files.,git://github.com/npm/normalize-package-data.git,"as detected from PackageJson property ""repository.url""",https://github.com/npm/normalize-package-data#readme,"as detected from PackageJson property ""homepage""",https://github.com/npm/normalize-package-data/issues,"as detected from PackageJson property ""bugs.url""",https://registry.npmjs.org/normalize-package-data/-/normalize-package-data-3.0.3.tgz,"as detected from npm-ls property ""resolved""",,,merynstol@gmail.com,active,Active in npm registry,2026-09-09T20:10:59.459Z
library,validate-npm-package-license@3.0.4,Apache-2.0,,Kyle E. Mitchell,validate-npm-package-license,3.0.4,pkg:npm/validate-npm-package-license@3.0.4,node_modules/validate-npm-package-license,Give me a string and I'll tell you if it's a valid npm package license string,git+https://github.com/kemitchell/validate-npm-package-license.js.git,"as detected from PackageJson property ""repository.url""",https://github.com/kemitchell/validate-npm-package-license.js#readme,"as detected from PackageJson property ""homepage""",https://github.com/kemitchell/validate-npm-package-license.js/issues,"as detected from PackageJson property ""bugs.url""",https://registry.npmjs.org/validate-npm-package-license/-/validate-npm-package-license-3.0.4.tgz,"as detected from npm-ls property ""resolved""",,,kyle@kemitchell.com,active,Active in npm registry,2022-06-28T08:28:46.613Z
library,spdx-correct@3.2.0,Apache-2.0,,,spdx-correct,3.2.0,pkg:npm/spdx-correct@3.2.0,node_modules/spdx-correct,correct invalid SPDX expressions,git+https://github.com/jslicense/spdx-correct.js.git,"as detected from PackageJson property ""repository.url""",https://github.com/jslicense/spdx-correct.js#readme,"as detected from PackageJson property ""homepage""",https://github.com/jslicense/spdx-correct.js/issues,"as detected from PackageJson property ""bugs.url""",https://registry.npmjs.org/spdx-correct/-/spdx-correct-3.2.0.tgz,"as detected from npm-ls property ""resolved""",,,,active,Active in npm registry,2023-03-07T01:53:18.477Z
library,spdx-expression-parse@3.0.1,MIT,,Kyle E. Mitchell,spdx-expression-parse,3.0.1,pkg:npm/spdx-expression-parse@3.0.1?vcs_url=git%2Bhttps%3A%2F%2Fgithub.com%2Fjslicense%2Fspdx-expression-parse.js.git,node_modules/spdx-expression-parse,parse SPDX license expressions,git+https://github.com/jslicense/spdx-expression-parse.js.git,"as detected from PackageJson property ""repository.url""",https://github.com/jslicense/spdx-expression-parse.js#readme,"as detected from PackageJson property ""homepage""",https://github.com/jslicense/spdx-expression-parse.js/issues,"as detected from PackageJson property ""bugs.url""",,,,,kyle@kemitchell.com,active,Active in npm registry,2026-07-16T01:01:41.310Z
library,spdx-license-ids@3.0.23,CC0-1.0,,Shinnosuke Watanabe,spdx-license-ids,3.0.23,pkg:npm/spdx-license-ids@3.0.23,node_modules/spdx-license-ids,A list of SPDX license identifiers,git+https://github.com/jslicense/spdx-license-ids.git,"as detected from PackageJson property ""repository.url""",https://github.com/jslicense/spdx-license-ids#readme,"as detected from PackageJson property ""homepage""",https://github.com/jslicense/spdx-license-ids/issues,"as detected from PackageJson property ""bugs.url""",https://registry.npmjs.org/spdx-license-ids/-/spdx-license-ids-3.0.23.tgz,"as detected from npm-ls property ""resolved""",,,,active,Active in npm registry,2026-02-20T23:02:58.073Z
library,spdx-exceptions@2.5.0,CC-BY-3.0,,The Linux Foundation,spdx-exceptions,2.5.0,pkg:npm/spdx-exceptions@2.5.0,node_modules/spdx-exceptions,list of SPDX standard license exceptions,git+https://github.com/kemitchell/spdx-exceptions.json.git,"as detected from PackageJson property ""repository.url""",https://github.com/kemitchell/spdx-exceptions.json#readme,"as detected from PackageJson property ""homepage""",https://github.com/kemitchell/spdx-exceptions.json/issues,"as detected from PackageJson property ""bugs.url""",https://registry.npmjs.org/spdx-exceptions/-/spdx-exceptions-2.5.0.tgz,"as detected from npm-ls property ""resolved""",,,,active,Active in npm registry,2024-02-15T03:06:38.787Z
library,read-pkg-up@3.0.0,MIT,,Sindre Sorhus,read-pkg-up,3.0.0,pkg:npm/read-pkg-up@3.0.0,node_modules/read-pkg-up,Read the closest package.json file,git+https://github.com/sindresorhus/read-pkg-up.git,"as detected from PackageJson property ""repository.url""",https://github.com/sindresorhus/read-pkg-up#readme,"as detected from PackageJson property ""homepage""",https://github.com/sindresorhus/read-pkg-up/issues,"as detected from PackageJson property ""bugs.url""",https://registry.npmjs.org/read-pkg-up/-/read-pkg-up-3.0.0.tgz,"as detected from npm-ls property ""resolved""",,,sindresorhus@gmail.com,active,Active in npm registry,2023-11-04T09:32:35.174Z
library,read-pkg-up@3.0.0|find-up@2.1.0,MIT,,Sindre Sorhus,find-up,2.1.0,pkg:npm/find-up@2.1.0,node_modules/read-pkg-up/node_modules/find-up,Find a file by walking up parent directories,git+https://github.com/sindresorhus/find-up.git,"as detected from PackageJson property ""repository.url""",https://github.com/sindresorhus/find-up#readme,"as detected from PackageJson property ""homepage""",https://github.com/sindresorhus/find-up/issues,"as detected from PackageJson property ""bugs.url""",https://registry.npmjs.org/find-up/-/find-up-2.1.0.tgz,"as detected from npm-ls property ""resolved""",,,sindresorhus@gmail.com,active,Active in npm registry,2025-09-16T01:13:57.276Z
library,read-pkg-up@3.0.0|locate-path@2.0.0,MIT,,Sindre Sorhus,locate-path,2.0.0,pkg:npm/locate-path@2.0.0,node_modules/read-pkg-up/node_modules/locate-path,Get the first path that exists on disk of multiple paths,git+https://github.com/sindresorhus/locate-path.git,"as detected from PackageJson property ""repository.url""",https://github.com/sindresorhus/locate-path#readme,"as detected from PackageJson property ""homepage""",https://github.com/sindresorhus/locate-path/issues,"as detected from PackageJson property ""bugs.url""",https://registry.npmjs.org/locate-path/-/locate-path-2.0.0.tgz,"as detected from npm-ls property ""resolved""",,,sindresorhus@gmail.com,active,Active in npm registry,2025-09-15T23:17:38.996Z
library,read-pkg-up@3.0.0|p-locate@2.0.0,MIT,,Sindre Sorhus,p-locate,2.0.0,pkg:npm/p-locate@2.0.0,node_modules/read-pkg-up/node_modules/p-locate,Get the first fulfilled promise that satisfies the provided testing function,git+https://github.com/sindresorhus/p-locate.git,"as detected from PackageJson property ""repository.url""",https://github.com/sindresorhus/p-locate#readme,"as detected from PackageJson property ""homepage""",https://github.com/sindresorhus/p-locate/issues,"as detected from PackageJson property ""bugs.url""",https://registry.npmjs.org/p-locate/-/p-locate-2.0.0.tgz,"as detected from npm-ls property ""resolved""",,,sindresorhus@gmail.com,active,Active in npm registry,2026-02-03T07:57:50.017Z
library,read-pkg-up@3.0.0|p-limit@1.3.0,MIT,,Sindre Sorhus,p-limit,1.3.0,pkg:npm/p-limit@1.3.0,node_modules/read-pkg-up/node_modules/p-limit,Run multiple promise-returning & async functions with limited concurrency,git+https://github.com/sindresorhus/p-limit.git,"as detected from PackageJson property ""repository.url""",https://github.com/sindresorhus/p-limit#readme,"as detected from PackageJson property ""homepage""",https://github.com/sindresorhus/p-limit/issues,"as detected from PackageJson property ""bugs.url""",https://registry.npmjs.org/p-limit/-/p-limit-1.3.0.tgz,"as detected from npm-ls property ""resolved""",,,sindresorhus@gmail.com,active,Active in npm registry,2026-08-31T16:53:23.147Z
library,read-pkg-up@3.0.0|p-try@1.0.0,MIT,,Sindre Sorhus,p-try,1.0.0,pkg:npm/p-try@1.0.0,node_modules/read-pkg-up/node_modules/p-try,`Promise#try()` ponyfill - Starts a promise chain,git+https://github.com/sindresorhus/p-try.git,"as detected from PackageJson property ""repository.url""",https://github.com/sindresorhus/p-try#readme,"as detected from PackageJson property ""homepage""",https://github.com/sindresorhus/p-try/issues,"as detected from PackageJson property ""bugs.url""",https://registry.npmjs.org/p-try/-/p-try-1.0.0.tgz,"as detected from npm-ls property ""resolved""",,,sindresorhus@gmail.com,active,Active in npm registry,2022-06-23T05:53:30.738Z
library,read-pkg-up@3.0.0|path-exists@3.0.0,MIT,,Sindre Sorhus,path-exists,3.0.0,pkg:npm/path-exists@3.0.0,node_modules/read-pkg-up/node_modules/path-exists,Check if a path exists,git+https://github.com/sindresorhus/path-exists.git,"as detected from PackageJson property ""repository.url""",https://github.com/sindresorhus/path-exists#readme,"as detected from PackageJson property ""homepage""",https://github.com/sindresorhus/path-exists/issues,"as detected from PackageJson property ""bugs.url""",https://registry.npmjs.org/path-exists/-/path-exists-3.0.0.tgz,"as detected from npm-ls property ""resolved""",,,sindresorhus@gmail.com,active,Active in npm registry,2024-10-22T17:26:44.383Z
library,read-pkg@3.0.0,MIT,,Sindre Sorhus,read-pkg,3.0.0,pkg:npm/read-pkg@3.0.0?vcs_url=git%2Bhttps%3A%2F%2Fgithub.com%2Fsindresorhus%2Fread-pkg.git,node_modules/read-pkg,Read a package.json file,git+https://github.com/sindresorhus/read-pkg.git,"as detected from PackageJson property ""repository.url""",https://github.com/sindresorhus/read-pkg#readme,"as detected from PackageJson property ""homepage""",https://github.com/sindresorhus/read-pkg/issues,"as detected from PackageJson property ""bugs.url""",,,,,sindresorhus@gmail.com,active,Active in npm registry,2026-02-08T14:30:35.043Z
library,read-pkg@3.0.0|load-json-file@4.0.0,MIT,,Sindre Sorhus,load-json-file,4.0.0,pkg:npm/load-json-file@4.0.0,node_modules/read-pkg/node_modules/load-json-file,Read and parse a JSON file,git+https://github.com/sindresorhus/load-json-file.git,"as detected from PackageJson property ""repository.url""",https://github.com/sindresorhus/load-json-file#readme,"as detected from PackageJson property ""homepage""",https://github.com/sindresorhus/load-json-file/issues,"as detected from PackageJson property ""bugs.url""",https://registry.npmjs.org/load-json-file/-/load-json-file-4.0.0.tgz,"as detected from npm-ls property ""resolved""",,,sindresorhus@gmail.com,active,Active in npm registry,2023-06-17T00:08:15.329Z
library,read-pkg@3.0.0|parse-json@4.0.0,MIT,,Sindre Sorhus,parse-json,4.0.0,pkg:npm/parse-json@4.0.0,node_modules/read-pkg/node_modules/parse-json,Parse JSON with more helpful errors,git+https://github.com/sindresorhus/parse-json.git,"as detected from PackageJson property ""repository.url""",https://github.com/sindresorhus/parse-json#readme,"as detected from PackageJson property ""homepage""",https://github.com/sindresorhus/parse-json/issues,"as detected from PackageJson property ""bugs.url""",https://registry.npmjs.org/parse-json/-/parse-json-4.0.0.tgz,"as detected from npm-ls property ""resolved""",,,sindresorhus@gmail.com,active,Active in npm registry,2025-04-09T09:02:03.484Z
library,read-pkg@3.0.0|pify@3.0.0,MIT,,Sindre Sorhus,pify,3.0.0,pkg:npm/pify@3.0.0,node_modules/read-pkg/node_modules/pify,Promisify a callback-style function,git+https://github.com/sindresorhus/pify.git,"as detected from PackageJson property ""repository.url""",https://github.com/sindresorhus/pify#readme,"as detected from PackageJson property ""homepage""",https://github.com/sindresorhus/pify/issues,"as detected from PackageJson property ""bugs.url""",https://registry.npmjs.org/pify/-/pify-3.0.0.tgz,"as detected from npm-ls property ""resolved""",,,sindresorhus@gmail.com,active,Active in npm registry,2023-06-17T00:08:09.166Z
library,read-pkg@3.0.0|strip-bom@3.0.0,MIT,,Sindre Sorhus,strip-bom,3.0.0,pkg:npm/strip-bom@3.0.0,node_modules/read-pkg/node_modules/strip-bom,Strip UTF-8 byte order mark (BOM) from a string,git+https://github.com/sindresorhus/strip-bom.git,"as detected from PackageJson property ""repository.url""",https://github.com/sindresorhus/strip-bom#readme,"as detected from PackageJson property ""homepage""",https://github.com/sindresorhus/strip-bom/issues,"as detected from PackageJson property ""bugs.url""",https://registry.npmjs.org/strip-bom/-/strip-bom-3.0.0.tgz,"as detected from npm-ls property ""resolved""",,,sindresorhus@gmail.com,active,Active in npm registry,2023-07-12T19:14:14.322Z
library,read-pkg@3.0.0|normalize-package-data@2.5.0,BSD-2-Clause,,Meryn Stol,normalize-package-data,2.5.0,pkg:npm/normalize-package-data@2.5.0,node_modules/read-pkg/node_modules/normalize-package-data,Normalizes data that can be found in package.json files.,git://github.com/npm/normalize-package-data.git,"as detected from PackageJson property ""repository.url""",https://github.com/npm/normalize-package-data#readme,"as detected from PackageJson property ""homepage""",https://github.com/npm/normalize-package-data/issues,"as detected from PackageJson property ""bugs.url""",https://registry.npmjs.org/normalize-package-data/-/normalize-package-data-2.5.0.tgz,"as detected from npm-ls property ""resolved""",,,merynstol@gmail.com,active,Active in npm registry,2026-09-09T20:10:59.459Z
library,read-pkg@3.0.0|hosted-git-info@2.8.9,ISC,,Rebecca Turner,hosted-git-info,2.8.9,pkg:npm/hosted-git-info@2.8.9,node_modules/read-pkg/node_modules/hosted-git-info,Provides metadata and conversions from repository urls for Github~ Bitbucket and Gitlab,git+https://github.com/npm/hosted-git-info.git,"as detected from PackageJson property ""repository.url""",https://github.com/npm/hosted-git-info,"as detected from PackageJson property ""homepage""",https://github.com/npm/hosted-git-info/issues,"as detected from PackageJson property ""bugs.url""",https://registry.npmjs.org/hosted-git-info/-/hosted-git-info-2.8.9.tgz,"as detected from npm-ls property ""resolved""",,,me@re-becca.org,active,Active in npm registry,2026-09-09T20:10:53.427Z
library,read-pkg@3.0.0|semver@5.7.2,ISC,,GitHub Inc.,semver,5.7.2,pkg:npm/semver@5.7.2,node_modules/read-pkg/node_modules/semver,The semantic version parser used by npm.,git+https://github.com/npm/node-semver.git,"as detected from PackageJson property ""repository.url""",https://github.com/npm/node-semver#readme,"as detected from PackageJson property ""homepage""",https://github.com/npm/node-semver/issues,"as detected from PackageJson property ""bugs.url""",https://registry.npmjs.org/semver/-/semver-5.7.2.tgz,"as detected from npm-ls property ""resolved""",,,,active,Active in npm registry,2026-09-09T20:11:27.644Z
library,read-pkg@3.0.0|path-type@3.0.0,MIT,,Sindre Sorhus,path-type,3.0.0,pkg:npm/path-type@3.0.0,node_modules/read-pkg/node_modules/path-type,Check if a path is a file~ directory~ or symlink,git+https://github.com/sindresorhus/path-type.git,"as detected from PackageJson property ""repository.url""",https://github.com/sindresorhus/path-type#readme,"as detected from PackageJson property ""homepage""",https://github.com/sindresorhus/path-type/issues,"as detected from PackageJson property ""bugs.url""",https://registry.npmjs.org/path-type/-/path-type-3.0.0.tgz,"as detected from npm-ls property ""resolved""",,,sindresorhus@gmail.com,active,Active in npm registry,2024-07-26T10:54:40.159Z
library,error-ex@1.3.4,MIT,,,error-ex,1.3.4,pkg:npm/error-ex@1.3.4?vcs_url=git%2Bhttps%3A%2F%2Fgithub.com%2Fqix-%2Fnode-error-ex.git,node_modules/error-ex,Easy error subclassing and stack customization,git+https://github.com/qix-/node-error-ex.git,"as detected from PackageJson property ""repository.url""",https://github.com/qix-/node-error-ex#readme,"as detected from PackageJson property ""homepage""",https://github.com/qix-/node-error-ex/issues,"as detected from PackageJson property ""bugs.url""",,,,,,active,Active in npm registry,2025-09-15T14:58:41.446Z
library,json-parse-better-errors@1.0.2,MIT,,Kat Marchán,json-parse-better-errors,1.0.2,pkg:npm/json-parse-better-errors@1.0.2?vcs_url=git%2Bhttps%3A%2F%2Fgithub.com%2Fzkat%2Fjson-parse-better-errors.git,node_modules/json-parse-better-errors,JSON.parse with context information on error,git+https://github.com/zkat/json-parse-better-errors.git,"as detected from PackageJson property ""repository.url""",https://github.com/zkat/json-parse-better-errors#readme,"as detected from PackageJson property ""homepage""",https://github.com/zkat/json-parse-better-errors/issues,"as detected from PackageJson property ""bugs.url""",,,,,kzm@zkat.tech,active,Active in npm registry,2022-05-06T21:52:03.592Z
library,conventional-changelog-ember@2.0.9,ISC,,Steve Mao,conventional-changelog-ember,2.0.9,pkg:npm/conventional-changelog-ember@2.0.9,node_modules/conventional-changelog-ember,conventional-changelog ember preset,git+https://github.com/conventional-changelog/conventional-changelog.git,"as detected from PackageJson property ""repository.url""",https://github.com/conventional-changelog/conventional-changelog/tree/master/packages/conventional-changelog-ember#readme,"as detected from PackageJson property ""homepage""",https://github.com/conventional-changelog/conventional-changelog/issues,"as detected from PackageJson property ""bugs.url""",https://registry.npmjs.org/conventional-changelog-ember/-/conventional-changelog-ember-2.0.9.tgz,"as detected from npm-ls property ""resolved""",,,,deprecated,This preset is deprecated. Please use conventional-changelog-conventionalcommits or conventional-changelog-angular instead.,2026-06-26T20:00:13.117Z
library,conventional-changelog-eslint@3.0.9,ISC,,Steve Mao,conventional-changelog-eslint,3.0.9,pkg:npm/conventional-changelog-eslint@3.0.9,node_modules/conventional-changelog-eslint,conventional-changelog eslint preset,git+https://github.com/conventional-changelog/conventional-changelog.git,"as detected from PackageJson property ""repository.url""",https://github.com/conventional-changelog/conventional-changelog/tree/master/packages/conventional-changelog-eslint#readme,"as detected from PackageJson property ""homepage""",https://github.com/conventional-changelog/conventional-changelog/issues,"as detected from PackageJson property ""bugs.url""",https://registry.npmjs.org/conventional-changelog-eslint/-/conventional-changelog-eslint-3.0.9.tgz,"as detected from npm-ls property ""resolved""",,,,deprecated,This preset is deprecated. Please use conventional-changelog-conventionalcommits or conventional-changelog-angular instead.,2026-06-26T19:58:07.174Z
library,conventional-changelog-express@2.0.6,ISC,,Steve Mao,conventional-changelog-express,2.0.6,pkg:npm/conventional-changelog-express@2.0.6,node_modules/conventional-changelog-express,conventional-changelog express preset,git+https://github.com/conventional-changelog/conventional-changelog.git,"as detected from PackageJson property ""repository.url""",https://github.com/conventional-changelog/conventional-changelog/tree/master/packages/conventional-changelog-express#readme,"as detected from PackageJson property ""homepage""",https://github.com/conventional-changelog/conventional-changelog/issues,"as detected from PackageJson property ""bugs.url""",https://registry.npmjs.org/conventional-changelog-express/-/conventional-changelog-express-2.0.6.tgz,"as detected from npm-ls property ""resolved""",,,,deprecated,This preset is deprecated. Please use conventional-changelog-conventionalcommits or conventional-changelog-angular instead.,2026-06-26T19:59:38.427Z
library,conventional-changelog-jquery@3.0.11,ISC,,Steve Mao,conventional-changelog-jquery,3.0.11,pkg:npm/conventional-changelog-jquery@3.0.11,node_modules/conventional-changelog-jquery,conventional-changelog jquery preset,git+https://github.com/conventional-changelog/conventional-changelog.git,"as detected from PackageJson property ""repository.url""",https://github.com/conventional-changelog/conventional-changelog/tree/master/packages/conventional-changelog-jquery#readme,"as detected from PackageJson property ""homepage""",https://github.com/conventional-changelog/conventional-changelog/issues,"as detected from PackageJson property ""bugs.url""",https://registry.npmjs.org/conventional-changelog-jquery/-/conventional-changelog-jquery-3.0.11.tgz,"as detected from npm-ls property ""resolved""",,,,deprecated,This preset is deprecated. Please use conventional-changelog-conventionalcommits or conventional-changelog-angular instead.,2026-06-26T19:59:50.774Z
library,conventional-changelog-jshint@2.0.9,ISC,,Steve Mao,conventional-changelog-jshint,2.0.9,pkg:npm/conventional-changelog-jshint@2.0.9,node_modules/conventional-changelog-jshint,conventional-changelog jshint preset,git+https://github.com/conventional-changelog/conventional-changelog.git,"as detected from PackageJson property ""repository.url""",https://github.com/conventional-changelog/conventional-changelog/tree/master/packages/conventional-changelog-jshint#readme,"as detected from PackageJson property ""homepage""",https://github.com/conventional-changelog/conventional-changelog/issues,"as detected from PackageJson property ""bugs.url""",https://registry.npmjs.org/conventional-changelog-jshint/-/conventional-changelog-jshint-2.0.9.tgz,"as detected from npm-ls property ""resolved""",,,,deprecated,This preset is deprecated. Please use conventional-changelog-conventionalcommits or conventional-changelog-angular instead.,2026-06-26T19:58:23.053Z
library,conventional-changelog-preset-loader@2.3.4,MIT,,,conventional-changelog-preset-loader,2.3.4,pkg:npm/conventional-changelog-preset-loader@2.3.4,node_modules/conventional-changelog-preset-loader,Configuration preset loader for `conventional-changelog`.,git+https://github.com/conventional-changelog/conventional-changelog.git,"as detected from PackageJson property ""repository.url""",https://github.com/conventional-changelog/conventional-changelog/tree/master/packages/conventional-changelog-preset-loader#readme,"as detected from PackageJson property ""homepage""",https://github.com/conventional-changelog/conventional-changelog/issues,"as detected from PackageJson property ""bugs.url""",https://registry.npmjs.org/conventional-changelog-preset-loader/-/conventional-changelog-preset-loader-2.3.4.tgz,"as detected from npm-ls property ""resolved""",,,,active,Active in npm registry,2026-07-04T21:47:43.567Z
library,conventional-recommended-bump@6.1.0,MIT,,Steve Mao,conventional-recommended-bump,6.1.0,pkg:npm/conventional-recommended-bump@6.1.0,node_modules/conventional-recommended-bump,Get a recommended version bump based on conventional commits,git+https://github.com/conventional-changelog/conventional-changelog.git,"as detected from PackageJson property ""repository.url""",https://github.com/conventional-changelog/conventional-changelog/tree/master/packages/conventional-recommended-bump#readme,"as detected from PackageJson property ""homepage""",https://github.com/conventional-changelog/conventional-changelog/issues,"as detected from PackageJson property ""bugs.url""",https://registry.npmjs.org/conventional-recommended-bump/-/conventional-recommended-bump-6.1.0.tgz,"as detected from npm-ls property ""resolved""",,,maochenyan@gmail.com,active,Active in npm registry,2026-07-09T19:36:05.748Z
library,concat-stream@2.0.0,MIT,,Max Ogden,concat-stream,2.0.0,pkg:npm/concat-stream@2.0.0,node_modules/concat-stream,writable stream that concatenates strings or binary data and calls a callback with the result,git+ssh://git@github.com/maxogden/concat-stream.git,"as detected from PackageJson property ""repository.url""",https://github.com/maxogden/concat-stream#readme,"as detected from PackageJson property ""homepage""",http://github.com/maxogden/concat-stream/issues,"as detected from PackageJson property ""bugs.url""",https://registry.npmjs.org/concat-stream/-/concat-stream-2.0.0.tgz,"as detected from npm-ls property ""resolved""",,,max@maxogden.com,active,Active in npm registry,2023-07-12T19:11:29.994Z
library,concat-stream@2.0.0|readable-stream@3.6.2,MIT,,,readable-stream,3.6.2,pkg:npm/readable-stream@3.6.2,node_modules/concat-stream/node_modules/readable-stream,Streams3~ a user-land copy of the stream library from Node.js,git://github.com/nodejs/readable-stream.git,"as detected from PackageJson property ""repository.url""",https://github.com/nodejs/readable-stream#readme,"as detected from PackageJson property ""homepage""",https://github.com/nodejs/readable-stream/issues,"as detected from PackageJson property ""bugs.url""",https://registry.npmjs.org/readable-stream/-/readable-stream-3.6.2.tgz,"as detected from npm-ls property ""resolved""",,,,active,Active in npm registry,2025-01-07T09:15:39.036Z
library,buffer-from@1.1.2,MIT,,,buffer-from,1.1.2,pkg:npm/buffer-from@1.1.2,node_modules/buffer-from,,git+https://github.com/LinusU/buffer-from.git,"as detected from PackageJson property ""repository.url""",https://github.com/LinusU/buffer-from#readme,"as detected from PackageJson property ""homepage""",https://github.com/LinusU/buffer-from/issues,"as detected from PackageJson property ""bugs.url""",https://registry.npmjs.org/buffer-from/-/buffer-from-1.1.2.tgz,"as detected from npm-ls property ""resolved""",,,,active,Active in npm registry,2022-06-13T05:15:19.171Z
library,typedarray@0.0.6,MIT,,James Halliday,typedarray,0.0.6,pkg:npm/typedarray@0.0.6,node_modules/typedarray,TypedArray polyfill for old browsers,git://github.com/substack/typedarray.git,"as detected from PackageJson property ""repository.url""",https://github.com/substack/typedarray,"as detected from PackageJson property ""homepage""",https://github.com/substack/typedarray/issues,"as detected from PackageJson property ""bugs.url""",https://registry.npmjs.org/typedarray/-/typedarray-0.0.6.tgz,"as detected from npm-ls property ""resolved""",,,mail@substack.net,active,Active in npm registry,2023-07-12T19:11:35.411Z
library,lodash.ismatch@4.4.0,MIT,,John-David Dalton,lodash.ismatch,4.4.0,pkg:npm/lodash.ismatch@4.4.0,node_modules/lodash.ismatch,The lodash method `_.isMatch` exported as a module.,git+https://github.com/lodash/lodash.git,"as detected from PackageJson property ""repository.url""",https://lodash.com/,"as detected from PackageJson property ""homepage""",https://github.com/lodash/lodash/issues,"as detected from PackageJson property ""bugs.url""",https://registry.npmjs.org/lodash.ismatch/-/lodash.ismatch-4.4.0.tgz,"as detected from npm-ls property ""resolved""",,,john.david.dalton@gmail.com,active,Active in npm registry,2022-06-19T13:36:01.961Z
library,modify-values@1.0.1,MIT,,Sindre Sorhus,modify-values,1.0.1,pkg:npm/modify-values@1.0.1,node_modules/modify-values,Modify the values of an object,git+https://github.com/sindresorhus/modify-values.git,"as detected from PackageJson property ""repository.url""",https://github.com/sindresorhus/modify-values#readme,"as detected from PackageJson property ""homepage""",https://github.com/sindresorhus/modify-values/issues,"as detected from PackageJson property ""bugs.url""",https://registry.npmjs.org/modify-values/-/modify-values-1.0.1.tgz,"as detected from npm-ls property ""resolved""",,,sindresorhus@gmail.com,active,Active in npm registry,2022-06-20T03:16:11.735Z
library,is-text-path@1.0.1,MIT,,Sindre Sorhus,is-text-path,1.0.1,pkg:npm/is-text-path@1.0.1,node_modules/is-text-path,Check if a filepath is a text file,git+https://github.com/sindresorhus/is-text-path.git,"as detected from PackageJson property ""repository.url""",https://github.com/sindresorhus/is-text-path#readme,"as detected from PackageJson property ""homepage""",https://github.com/sindresorhus/is-text-path/issues,"as detected from PackageJson property ""bugs.url""",https://registry.npmjs.org/is-text-path/-/is-text-path-1.0.1.tgz,"as detected from npm-ls property ""resolved""",,,sindresorhus@gmail.com,active,Active in npm registry,2024-04-30T16:54:38.490Z
library,text-extensions@1.9.0,MIT,,Sindre Sorhus,text-extensions,1.9.0,pkg:npm/text-extensions@1.9.0,node_modules/text-extensions,List of text file extensions,git+https://github.com/sindresorhus/text-extensions.git,"as detected from PackageJson property ""repository.url""",https://github.com/sindresorhus/text-extensions#readme,"as detected from PackageJson property ""homepage""",https://github.com/sindresorhus/text-extensions/issues,"as detected from PackageJson property ""bugs.url""",https://registry.npmjs.org/text-extensions/-/text-extensions-1.9.0.tgz,"as detected from npm-ls property ""resolved""",,,sindresorhus@gmail.com,active,Active in npm registry,2024-10-29T09:38:15.119Z
library,JSONStream@1.3.5,,,Dominic Tarr,JSONStream,1.3.5,pkg:npm/jsonstream@1.3.5,node_modules/JSONStream,rawStream.pipe(JSONStream.parse()).pipe(streamOfObjects),git://github.com/dominictarr/JSONStream.git,"as detected from PackageJson property ""repository.url""",http://github.com/dominictarr/JSONStream,"as detected from PackageJson property ""homepage""",https://github.com/dominictarr/JSONStream/issues,"as detected from PackageJson property ""bugs.url""",https://registry.npmjs.org/JSONStream/-/JSONStream-1.3.5.tgz,"as detected from npm-ls property ""resolved""",,,dominic.tarr@gmail.com,active,Active in npm registry,2026-06-15T08:03:18.454Z
library,split2@3.2.2,ISC,,Matteo Collina,split2,3.2.2,pkg:npm/split2@3.2.2,node_modules/split2,split a Text Stream into a Line Stream~ using Stream 3,git+https://github.com/mcollina/split2.git,"as detected from PackageJson property ""repository.url""",https://github.com/mcollina/split2#readme,"as detected from PackageJson property ""homepage""",http://github.com/mcollina/split2/issues,"as detected from PackageJson property ""bugs.url""",https://registry.npmjs.org/split2/-/split2-3.2.2.tgz,"as detected from npm-ls property ""resolved""",,,hello@matteocollina.com,active,Active in npm registry,2023-03-26T08:33:02.484Z
library,split2@3.2.2|readable-stream@3.6.2,MIT,,,readable-stream,3.6.2,pkg:npm/readable-stream@3.6.2,node_modules/split2/node_modules/readable-stream,Streams3~ a user-land copy of the stream library from Node.js,git://github.com/nodejs/readable-stream.git,"as detected from PackageJson property ""repository.url""",https://github.com/nodejs/readable-stream#readme,"as detected from PackageJson property ""homepage""",https://github.com/nodejs/readable-stream/issues,"as detected from PackageJson property ""bugs.url""",https://registry.npmjs.org/readable-stream/-/readable-stream-3.6.2.tgz,"as detected from npm-ls property ""resolved""",,,,active,Active in npm registry,2025-01-07T09:15:39.036Z
library,dargs@7.0.0,MIT,,Sindre Sorhus,dargs,7.0.0,pkg:npm/dargs@7.0.0,node_modules/dargs,Reverse minimist. Convert an object of options into an array of command-line arguments.,git+https://github.com/sindresorhus/dargs.git,"as detected from PackageJson property ""repository.url""",https://github.com/sindresorhus/dargs#readme,"as detected from PackageJson property ""homepage""",https://github.com/sindresorhus/dargs/issues,"as detected from PackageJson property ""bugs.url""",https://registry.npmjs.org/dargs/-/dargs-7.0.0.tgz,"as detected from npm-ls property ""resolved""",,,sindresorhus@gmail.com,active,Active in npm registry,2023-03-08T01:53:56.339Z
library,camelcase-keys@6.2.2,MIT,,Sindre Sorhus,camelcase-keys,6.2.2,pkg:npm/camelcase-keys@6.2.2,node_modules/camelcase-keys,Convert object keys to camel case,git+https://github.com/sindresorhus/camelcase-keys.git,"as detected from PackageJson property ""repository.url""",https://github.com/sindresorhus/camelcase-keys#readme,"as detected from PackageJson property ""homepage""",https://github.com/sindresorhus/camelcase-keys/issues,"as detected from PackageJson property ""bugs.url""",https://registry.npmjs.org/camelcase-keys/-/camelcase-keys-6.2.2.tgz,"as detected from npm-ls property ""resolved""",,,sindresorhus@gmail.com,active,Active in npm registry,2026-01-25T07:35:35.245Z
library,map-obj@4.3.0,MIT,,Sindre Sorhus,map-obj,4.3.0,pkg:npm/map-obj@4.3.0,node_modules/map-obj,Map object keys and values into a new object,git+https://github.com/sindresorhus/map-obj.git,"as detected from PackageJson property ""repository.url""",https://github.com/sindresorhus/map-obj#readme,"as detected from PackageJson property ""homepage""",https://github.com/sindresorhus/map-obj/issues,"as detected from PackageJson property ""bugs.url""",https://registry.npmjs.org/map-obj/-/map-obj-4.3.0.tgz,"as detected from npm-ls property ""resolved""",,,sindresorhus@gmail.com,active,Active in npm registry,2025-09-21T07:21:48.351Z
library,quick-lru@4.0.1,MIT,,Sindre Sorhus,quick-lru,4.0.1,pkg:npm/quick-lru@4.0.1,node_modules/quick-lru,Simple Least Recently Used (LRU) cache,git+https://github.com/sindresorhus/quick-lru.git,"as detected from PackageJson property ""repository.url""",https://github.com/sindresorhus/quick-lru#readme,"as detected from PackageJson property ""homepage""",https://github.com/sindresorhus/quick-lru/issues,"as detected from PackageJson property ""bugs.url""",https://registry.npmjs.org/quick-lru/-/quick-lru-4.0.1.tgz,"as detected from npm-ls property ""resolved""",,,sindresorhus@gmail.com,active,Active in npm registry,2025-10-10T07:56:05.297Z
library,decamelize-keys@1.1.1,MIT,,Sindre Sorhus,decamelize-keys,1.1.1,pkg:npm/decamelize-keys@1.1.1,node_modules/decamelize-keys,Convert object keys from camelCase to lowercase with a custom separator,git+https://github.com/sindresorhus/decamelize-keys.git,"as detected from PackageJson property ""repository.url""",https://github.com/sindresorhus/decamelize-keys#readme,"as detected from PackageJson property ""homepage""",https://github.com/sindresorhus/decamelize-keys/issues,"as detected from PackageJson property ""bugs.url""",https://registry.npmjs.org/decamelize-keys/-/decamelize-keys-1.1.1.tgz,"as detected from npm-ls property ""resolved""",,,sindresorhus@gmail.com,active,Active in npm registry,2023-06-17T00:08:53.952Z
library,decamelize-keys@1.1.1|map-obj@1.0.1,MIT,,Sindre Sorhus,map-obj,1.0.1,pkg:npm/map-obj@1.0.1,node_modules/decamelize-keys/node_modules/map-obj,Map object keys and values into a new object,git+https://github.com/sindresorhus/map-obj.git,"as detected from PackageJson property ""repository.url""",https://github.com/sindresorhus/map-obj#readme,"as detected from PackageJson property ""homepage""",https://github.com/sindresorhus/map-obj/issues,"as detected from PackageJson property ""bugs.url""",https://registry.npmjs.org/map-obj/-/map-obj-1.0.1.tgz,"as detected from npm-ls property ""resolved""",,,sindresorhus@gmail.com,active,Active in npm registry,2025-09-21T07:21:48.351Z
library,hard-rejection@2.1.0,MIT,,Sindre Sorhus,hard-rejection,2.1.0,pkg:npm/hard-rejection@2.1.0,node_modules/hard-rejection,Make unhandled promise rejections fail hard right away instead of the default silent fail,git+https://github.com/sindresorhus/hard-rejection.git,"as detected from PackageJson property ""repository.url""",https://github.com/sindresorhus/hard-rejection#readme,"as detected from PackageJson property ""homepage""",https://github.com/sindresorhus/hard-rejection/issues,"as detected from PackageJson property ""bugs.url""",https://registry.npmjs.org/hard-rejection/-/hard-rejection-2.1.0.tgz,"as detected from npm-ls property ""resolved""",,,sindresorhus@gmail.com,active,Active in npm registry,2023-06-17T00:11:39.980Z
library,minimist-options@4.1.0,MIT,,Vadim Demedes,minimist-options,4.1.0,pkg:npm/minimist-options@4.1.0,node_modules/minimist-options,Pretty options for minimist,git+https://github.com/vadimdemedes/minimist-options.git,"as detected from PackageJson property ""repository.url""",https://github.com/vadimdemedes/minimist-options#readme,"as detected from PackageJson property ""homepage""",https://github.com/vadimdemedes/minimist-options/issues,"as detected from PackageJson property ""bugs.url""",https://registry.npmjs.org/minimist-options/-/minimist-options-4.1.0.tgz,"as detected from npm-ls property ""resolved""",,,vdemedes@gmail.com,active,Active in npm registry,2022-06-19T21:23:26.056Z
library,arrify@1.0.1,MIT,,Sindre Sorhus,arrify,1.0.1,pkg:npm/arrify@1.0.1,node_modules/arrify,Convert a value to an array,git+https://github.com/sindresorhus/arrify.git,"as detected from PackageJson property ""repository.url""",https://github.com/sindresorhus/arrify#readme,"as detected from PackageJson property ""homepage""",https://github.com/sindresorhus/arrify/issues,"as detected from PackageJson property ""bugs.url""",https://registry.npmjs.org/arrify/-/arrify-1.0.1.tgz,"as detected from npm-ls property ""resolved""",,,sindresorhus@gmail.com,active,Active in npm registry,2023-06-09T21:37:58.190Z
library,is-plain-obj@1.1.0,MIT,,Sindre Sorhus,is-plain-obj,1.1.0,pkg:npm/is-plain-obj@1.1.0,node_modules/is-plain-obj,Check if a value is a plain object,git+https://github.com/sindresorhus/is-plain-obj.git,"as detected from PackageJson property ""repository.url""",https://github.com/sindresorhus/is-plain-obj#readme,"as detected from PackageJson property ""homepage""",https://github.com/sindresorhus/is-plain-obj/issues,"as detected from PackageJson property ""bugs.url""",https://registry.npmjs.org/is-plain-obj/-/is-plain-obj-1.1.0.tgz,"as detected from npm-ls property ""resolved""",,,sindresorhus@gmail.com,active,Active in npm registry,2023-06-09T21:32:02.516Z
library,kind-of@6.0.3,MIT,,Jon Schlinkert,kind-of,6.0.3,pkg:npm/kind-of@6.0.3,node_modules/kind-of,Get the native type of a value.,git+https://github.com/jonschlinkert/kind-of.git,"as detected from PackageJson property ""repository.url""",https://github.com/jonschlinkert/kind-of,"as detected from PackageJson property ""homepage""",https://github.com/jonschlinkert/kind-of/issues,"as detected from PackageJson property ""bugs.url""",https://registry.npmjs.org/kind-of/-/kind-of-6.0.3.tgz,"as detected from npm-ls property ""resolved""",,,,active,Active in npm registry,2023-07-12T19:12:21.548Z
library,@types/normalize-package-data@2.4.4,MIT,@types,,normalize-package-data,2.4.4,pkg:npm/%40types/normalize-package-data@2.4.4#types/normalize-package-data,node_modules/@types/normalize-package-data,TypeScript definitions for normalize-package-data,git+https://github.com/DefinitelyTyped/DefinitelyTyped.git#types/normalize-package-data,"as detected from PackageJson property ""repository.url"" and ""repository.directory""",https://github.com/DefinitelyTyped/DefinitelyTyped/tree/master/types/normalize-package-data,"as detected from PackageJson property ""homepage""",https://github.com/DefinitelyTyped/DefinitelyTyped/issues,"as detected from PackageJson property ""bugs.url""",https://registry.npmjs.org/@types/normalize-package-data/-/normalize-package-data-2.4.4.tgz,"as detected from npm-ls property ""resolved""",,,,active,Active in npm registry,2025-08-03T07:23:43.716Z
library,json-parse-even-better-errors@2.3.1,MIT,,Kat Marchán,json-parse-even-better-errors,2.3.1,pkg:npm/json-parse-even-better-errors@2.3.1,node_modules/json-parse-even-better-errors,JSON.parse with context information on error,git+https://github.com/npm/json-parse-even-better-errors.git,"as detected from PackageJson property ""repository.url""",https://github.com/npm/json-parse-even-better-errors#readme,"as detected from PackageJson property ""homepage""",https://github.com/npm/json-parse-even-better-errors/issues,"as detected from PackageJson property ""bugs.url""",https://registry.npmjs.org/json-parse-even-better-errors/-/json-parse-even-better-errors-2.3.1.tgz,"as detected from npm-ls property ""resolved""",,,kzm@zkat.tech,active,Active in npm registry,2026-09-09T20:10:55.617Z
library,lines-and-columns@1.2.4,MIT,,Brian Donovan,lines-and-columns,1.2.4,pkg:npm/lines-and-columns@1.2.4,node_modules/lines-and-columns,Maps lines and columns to character offsets and back.,git+https://github.com/eventualbuddha/lines-and-columns.git,"as detected from PackageJson property ""repository.url""",https://github.com/eventualbuddha/lines-and-columns#readme,"as detected from PackageJson property ""homepage""",https://github.com/eventualbuddha/lines-and-columns/issues,"as detected from PackageJson property ""bugs.url""",https://registry.npmjs.org/lines-and-columns/-/lines-and-columns-1.2.4.tgz,"as detected from npm-ls property ""resolved""",,,brian@donovans.cc,active,Active in npm registry,2023-11-07T01:41:53.488Z
library,redent@3.0.0,MIT,,Sindre Sorhus,redent,3.0.0,pkg:npm/redent@3.0.0,node_modules/redent,Strip redundant indentation and indent the string,git+https://github.com/sindresorhus/redent.git,"as detected from PackageJson property ""repository.url""",https://github.com/sindresorhus/redent#readme,"as detected from PackageJson property ""homepage""",https://github.com/sindresorhus/redent/issues,"as detected from PackageJson property ""bugs.url""",https://registry.npmjs.org/redent/-/redent-3.0.0.tgz,"as detected from npm-ls property ""resolved""",,,sindresorhus@gmail.com,active,Active in npm registry,2022-06-26T09:41:12.754Z
library,strip-indent@3.0.0,MIT,,Sindre Sorhus,strip-indent,3.0.0,pkg:npm/strip-indent@3.0.0,node_modules/strip-indent,Strip leading whitespace from each line in a string,git+https://github.com/sindresorhus/strip-indent.git,"as detected from PackageJson property ""repository.url""",https://github.com/sindresorhus/strip-indent#readme,"as detected from PackageJson property ""homepage""",https://github.com/sindresorhus/strip-indent/issues,"as detected from PackageJson property ""bugs.url""",https://registry.npmjs.org/strip-indent/-/strip-indent-3.0.0.tgz,"as detected from npm-ls property ""resolved""",,,sindresorhus@gmail.com,active,Active in npm registry,2025-10-12T14:55:54.644Z
library,min-indent@1.0.1,MIT,,James Kyle,min-indent,1.0.1,pkg:npm/min-indent@1.0.1,node_modules/min-indent,Get the shortest leading whitespace from lines in a string,git+https://github.com/thejameskyle/min-indent.git,"as detected from PackageJson property ""repository.url""",https://github.com/thejameskyle/min-indent#readme,"as detected from PackageJson property ""homepage""",https://github.com/thejameskyle/min-indent/issues,"as detected from PackageJson property ""bugs.url""",https://registry.npmjs.org/min-indent/-/min-indent-1.0.1.tgz,"as detected from npm-ls property ""resolved""",,,me@thejameskyle.com,active,Active in npm registry,2022-06-19T20:15:06.658Z
library,trim-newlines@3.0.1,MIT,,Sindre Sorhus,trim-newlines,3.0.1,pkg:npm/trim-newlines@3.0.1,node_modules/trim-newlines,Trim newlines from the start and/or end of a string,git+https://github.com/sindresorhus/trim-newlines.git,"as detected from PackageJson property ""repository.url""",https://github.com/sindresorhus/trim-newlines#readme,"as detected from PackageJson property ""homepage""",https://github.com/sindresorhus/trim-newlines/issues,"as detected from PackageJson property ""bugs.url""",https://registry.npmjs.org/trim-newlines/-/trim-newlines-3.0.1.tgz,"as detected from npm-ls property ""resolved""",,,sindresorhus@gmail.com,active,Active in npm registry,2023-06-17T00:08:37.492Z
library,detect-indent@6.1.0,MIT,,Sindre Sorhus,detect-indent,6.1.0,pkg:npm/detect-indent@6.1.0,node_modules/detect-indent,Detect the indentation of code,git+https://github.com/sindresorhus/detect-indent.git,"as detected from PackageJson property ""repository.url""",https://github.com/sindresorhus/detect-indent#readme,"as detected from PackageJson property ""homepage""",https://github.com/sindresorhus/detect-indent/issues,"as detected from PackageJson property ""bugs.url""",https://registry.npmjs.org/detect-indent/-/detect-indent-6.1.0.tgz,"as detected from npm-ls property ""resolved""",,,sindresorhus@gmail.com,active,Active in npm registry,2025-09-16T01:53:37.088Z
library,detect-newline@3.1.0,MIT,,Sindre Sorhus,detect-newline,3.1.0,pkg:npm/detect-newline@3.1.0,node_modules/detect-newline,Detect the dominant newline character of a string,git+https://github.com/sindresorhus/detect-newline.git,"as detected from PackageJson property ""repository.url""",https://github.com/sindresorhus/detect-newline#readme,"as detected from PackageJson property ""homepage""",https://github.com/sindresorhus/detect-newline/issues,"as detected from PackageJson property ""bugs.url""",https://registry.npmjs.org/detect-newline/-/detect-newline-3.1.0.tgz,"as detected from npm-ls property ""resolved""",,,sindresorhus@gmail.com,active,Active in npm registry,2023-09-22T18:59:49.793Z
library,dotgitignore@2.1.0,ISC,,Ben Coe,dotgitignore,2.1.0,pkg:npm/dotgitignore@2.1.0,node_modules/dotgitignore,find the closest .gitignore file~ parse it~ and apply ignore rules,git+https://github.com/bcoe/dotgitignore.git,"as detected from PackageJson property ""repository.url""",https://github.com/bcoe/dotgitignore#readme,"as detected from PackageJson property ""homepage""",https://github.com/bcoe/dotgitignore/issues,"as detected from PackageJson property ""bugs.url""",https://registry.npmjs.org/dotgitignore/-/dotgitignore-2.1.0.tgz,"as detected from npm-ls property ""resolved""",,,ben@npmjs.com,active,Active in npm registry,2022-04-29T03:49:00.743Z
library,dotgitignore@2.1.0|find-up@3.0.0,MIT,,Sindre Sorhus,find-up,3.0.0,pkg:npm/find-up@3.0.0,node_modules/dotgitignore/node_modules/find-up,Find a file or directory by walking up parent directories,git+https://github.com/sindresorhus/find-up.git,"as detected from PackageJson property ""repository.url""",https://github.com/sindresorhus/find-up#readme,"as detected from PackageJson property ""homepage""",https://github.com/sindresorhus/find-up/issues,"as detected from PackageJson property ""bugs.url""",https://registry.npmjs.org/find-up/-/find-up-3.0.0.tgz,"as detected from npm-ls property ""resolved""",,,sindresorhus@gmail.com,active,Active in npm registry,2025-09-16T01:13:57.276Z
library,dotgitignore@2.1.0|locate-path@3.0.0,MIT,,Sindre Sorhus,locate-path,3.0.0,pkg:npm/locate-path@3.0.0,node_modules/dotgitignore/node_modules/locate-path,Get the first path that exists on disk of multiple paths,git+https://github.com/sindresorhus/locate-path.git,"as detected from PackageJson property ""repository.url""",https://github.com/sindresorhus/locate-path#readme,"as detected from PackageJson property ""homepage""",https://github.com/sindresorhus/locate-path/issues,"as detected from PackageJson property ""bugs.url""",https://registry.npmjs.org/locate-path/-/locate-path-3.0.0.tgz,"as detected from npm-ls property ""resolved""",,,sindresorhus@gmail.com,active,Active in npm registry,2025-09-15T23:17:38.996Z
library,dotgitignore@2.1.0|p-locate@3.0.0,MIT,,Sindre Sorhus,p-locate,3.0.0,pkg:npm/p-locate@3.0.0,node_modules/dotgitignore/node_modules/p-locate,Get the first fulfilled promise that satisfies the provided testing function,git+https://github.com/sindresorhus/p-locate.git,"as detected from PackageJson property ""repository.url""",https://github.com/sindresorhus/p-locate#readme,"as detected from PackageJson property ""homepage""",https://github.com/sindresorhus/p-locate/issues,"as detected from PackageJson property ""bugs.url""",https://registry.npmjs.org/p-locate/-/p-locate-3.0.0.tgz,"as detected from npm-ls property ""resolved""",,,sindresorhus@gmail.com,active,Active in npm registry,2026-02-03T07:57:50.017Z
library,dotgitignore@2.1.0|p-limit@2.3.0,MIT,,Sindre Sorhus,p-limit,2.3.0,pkg:npm/p-limit@2.3.0,node_modules/dotgitignore/node_modules/p-limit,Run multiple promise-returning & async functions with limited concurrency,git+https://github.com/sindresorhus/p-limit.git,"as detected from PackageJson property ""repository.url""",https://github.com/sindresorhus/p-limit#readme,"as detected from PackageJson property ""homepage""",https://github.com/sindresorhus/p-limit/issues,"as detected from PackageJson property ""bugs.url""",https://registry.npmjs.org/p-limit/-/p-limit-2.3.0.tgz,"as detected from npm-ls property ""resolved""",,,sindresorhus@gmail.com,active,Active in npm registry,2026-08-31T16:53:23.147Z
library,dotgitignore@2.1.0|path-exists@3.0.0,MIT,,Sindre Sorhus,path-exists,3.0.0,pkg:npm/path-exists@3.0.0,node_modules/dotgitignore/node_modules/path-exists,Check if a path exists,git+https://github.com/sindresorhus/path-exists.git,"as detected from PackageJson property ""repository.url""",https://github.com/sindresorhus/path-exists#readme,"as detected from PackageJson property ""homepage""",https://github.com/sindresorhus/path-exists/issues,"as detected from PackageJson property ""bugs.url""",https://registry.npmjs.org/path-exists/-/path-exists-3.0.0.tgz,"as detected from npm-ls property ""resolved""",,,sindresorhus@gmail.com,active,Active in npm registry,2024-10-22T17:26:44.383Z
library,dotgitignore@2.1.0|minimatch@3.1.5,ISC,,Isaac Z. Schlueter,minimatch,3.1.5,pkg:npm/minimatch@3.1.5,node_modules/dotgitignore/node_modules/minimatch,a glob matcher in javascript,git://github.com/isaacs/minimatch.git,"as detected from PackageJson property ""repository.url""",https://github.com/isaacs/minimatch#readme,"as detected from PackageJson property ""homepage""",https://github.com/isaacs/minimatch/issues,"as detected from PackageJson property ""bugs.url""",https://registry.npmjs.org/minimatch/-/minimatch-3.1.5.tgz,"as detected from npm-ls property ""resolved""",,,i@izs.me,active,Active in npm registry,2026-07-27T19:00:09.643Z
library,figures@3.2.0,MIT,,Sindre Sorhus,figures,3.2.0,pkg:npm/figures@3.2.0,node_modules/figures,Unicode symbols with Windows CMD fallbacks,git+https://github.com/sindresorhus/figures.git,"as detected from PackageJson property ""repository.url""",https://github.com/sindresorhus/figures#readme,"as detected from PackageJson property ""homepage""",https://github.com/sindresorhus/figures/issues,"as detected from PackageJson property ""bugs.url""",https://registry.npmjs.org/figures/-/figures-3.2.0.tgz,"as detected from npm-ls property ""resolved""",,,sindresorhus@gmail.com,active,Active in npm registry,2024-03-04T19:16:05.634Z
library,figures@3.2.0|escape-string-regexp@1.0.5,MIT,,Sindre Sorhus,escape-string-regexp,1.0.5,pkg:npm/escape-string-regexp@1.0.5,node_modules/figures/node_modules/escape-string-regexp,Escape RegExp special characters,git+https://github.com/sindresorhus/escape-string-regexp.git,"as detected from PackageJson property ""repository.url""",https://github.com/sindresorhus/escape-string-regexp#readme,"as detected from PackageJson property ""homepage""",https://github.com/sindresorhus/escape-string-regexp/issues,"as detected from PackageJson property ""bugs.url""",https://registry.npmjs.org/escape-string-regexp/-/escape-string-regexp-1.0.5.tgz,"as detected from npm-ls property ""resolved""",,,sindresorhus@gmail.com,active,Active in npm registry,2023-04-25T16:42:41.472Z
library,locate-path@6.0.0,MIT,,Sindre Sorhus,locate-path,6.0.0,pkg:npm/locate-path@6.0.0,node_modules/locate-path,Get the first path that exists on disk of multiple paths,git+https://github.com/sindresorhus/locate-path.git,"as detected from PackageJson property ""repository.url""",https://github.com/sindresorhus/locate-path#readme,"as detected from PackageJson property ""homepage""",https://github.com/sindresorhus/locate-path/issues,"as detected from PackageJson property ""bugs.url""",https://registry.npmjs.org/locate-path/-/locate-path-6.0.0.tgz,"as detected from npm-ls property ""resolved""",,,sindresorhus@gmail.com,active,Active in npm registry,2025-09-15T23:17:38.996Z
library,p-locate@5.0.0,MIT,,Sindre Sorhus,p-locate,5.0.0,pkg:npm/p-locate@5.0.0,node_modules/p-locate,Get the first fulfilled promise that satisfies the provided testing function,git+https://github.com/sindresorhus/p-locate.git,"as detected from PackageJson property ""repository.url""",https://github.com/sindresorhus/p-locate#readme,"as detected from PackageJson property ""homepage""",https://github.com/sindresorhus/p-locate/issues,"as detected from PackageJson property ""bugs.url""",https://registry.npmjs.org/p-locate/-/p-locate-5.0.0.tgz,"as detected from npm-ls property ""resolved""",,,sindresorhus@gmail.com,active,Active in npm registry,2026-02-03T07:57:50.017Z
library,p-limit@3.1.0,MIT,,Sindre Sorhus,p-limit,3.1.0,pkg:npm/p-limit@3.1.0,node_modules/p-limit,Run multiple promise-returning & async functions with limited concurrency,git+https://github.com/sindresorhus/p-limit.git,"as detected from PackageJson property ""repository.url""",https://github.com/sindresorhus/p-limit#readme,"as detected from PackageJson property ""homepage""",https://github.com/sindresorhus/p-limit/issues,"as detected from PackageJson property ""bugs.url""",https://registry.npmjs.org/p-limit/-/p-limit-3.1.0.tgz,"as detected from npm-ls property ""resolved""",,,sindresorhus@gmail.com,active,Active in npm registry,2026-08-31T16:53:23.147Z
library,yocto-queue@0.1.0,MIT,,Sindre Sorhus,yocto-queue,0.1.0,pkg:npm/yocto-queue@0.1.0,node_modules/yocto-queue,Tiny queue data structure,git+https://github.com/sindresorhus/yocto-queue.git,"as detected from PackageJson property ""repository.url""",https://github.com/sindresorhus/yocto-queue#readme,"as detected from PackageJson property ""homepage""",https://github.com/sindresorhus/yocto-queue/issues,"as detected from PackageJson property ""bugs.url""",https://registry.npmjs.org/yocto-queue/-/yocto-queue-0.1.0.tgz,"as detected from npm-ls property ""resolved""",,,sindresorhus@gmail.com,active,Active in npm registry,2025-11-11T06:32:09.168Z
library,stringify-package@1.0.1,ISC,,Kat Marchán,stringify-package,1.0.1,pkg:npm/stringify-package@1.0.1,node_modules/stringify-package,stringifies npm-written json files,git+https://github.com/npm/stringify-package.git,"as detected from PackageJson property ""repository.url""",https://github.com/npm/stringify-package,"as detected from PackageJson property ""homepage""",https://github.com/npm/stringify-package/issues,"as detected from PackageJson property ""bugs.url""",https://registry.npmjs.org/stringify-package/-/stringify-package-1.0.1.tgz,"as detected from npm-ls property ""resolved""",,,kzm@zkat.tech,deprecated,"This module is not used anymore, and has been replaced by @npmcli/package-json",2026-09-09T20:11:29.126Z
library,standard@17.1.2,MIT,,Feross Aboukhadijeh,standard,17.1.2,pkg:npm/standard@17.1.2,node_modules/standard,JavaScript Standard Style,git://github.com/standard/standard.git,"as detected from PackageJson property ""repository.url""",https://standardjs.com,"as detected from PackageJson property ""homepage""",https://github.com/standard/standard/issues,"as detected from PackageJson property ""bugs.url""",https://registry.npmjs.org/standard/-/standard-17.1.2.tgz,"as detected from npm-ls property ""resolved""",,,feross@feross.org,active,Active in npm registry,2026-08-18T15:51:30.556Z
library,eslint-config-standard-jsx@11.0.0,MIT,,Feross Aboukhadijeh,eslint-config-standard-jsx,11.0.0,pkg:npm/eslint-config-standard-jsx@11.0.0,node_modules/eslint-config-standard-jsx,JavaScript Standard Style JSX support - ESLint Shareable Config,git://github.com/standard/eslint-config-standard-jsx.git,"as detected from PackageJson property ""repository.url""",https://github.com/standard/eslint-config-standard-jsx,"as detected from PackageJson property ""homepage""",https://github.com/standard/eslint-config-standard-jsx/issues,"as detected from PackageJson property ""bugs.url""",https://registry.npmjs.org/eslint-config-standard-jsx/-/eslint-config-standard-jsx-11.0.0.tgz,"as detected from npm-ls property ""resolved""",,,feross@feross.org,active,Active in npm registry,2023-07-13T22:46:20.361Z
library,eslint-plugin-react@7.37.5,MIT,,Yannick Croissant,eslint-plugin-react,7.37.5,pkg:npm/eslint-plugin-react@7.37.5?vcs_url=git%2Bhttps%3A%2F%2Fgithub.com%2Fjsx-eslint%2Feslint-plugin-react.git,node_modules/eslint-plugin-react,React specific linting rules for ESLint,git+https://github.com/jsx-eslint/eslint-plugin-react.git,"as detected from PackageJson property ""repository.url""",https://github.com/jsx-eslint/eslint-plugin-react,"as detected from PackageJson property ""homepage""",https://github.com/jsx-eslint/eslint-plugin-react/issues,"as detected from PackageJson property ""bugs.url""",,,,,yannick.croissant+npm@gmail.com,active,Active in npm registry,2025-04-03T20:01:16.154Z
library,eslint-plugin-react@7.37.5|doctrine@2.1.0,Apache-2.0,,,doctrine,2.1.0,pkg:npm/doctrine@2.1.0,node_modules/eslint-plugin-react/node_modules/doctrine,JSDoc parser,git+https://github.com/eslint/doctrine.git,"as detected from PackageJson property ""repository.url""",https://github.com/eslint/doctrine,"as detected from PackageJson property ""homepage""",https://github.com/eslint/doctrine/issues,"as detected from PackageJson property ""bugs.url""",https://registry.npmjs.org/doctrine/-/doctrine-2.1.0.tgz,"as detected from npm-ls property ""resolved""",,,,active,Active in npm registry,2023-06-22T16:31:41.771Z
library,eslint-plugin-react@7.37.5|minimatch@3.1.5,ISC,,Isaac Z. Schlueter,minimatch,3.1.5,pkg:npm/minimatch@3.1.5,node_modules/eslint-plugin-react/node_modules/minimatch,a glob matcher in javascript,git://github.com/isaacs/minimatch.git,"as detected from PackageJson property ""repository.url""",https://github.com/isaacs/minimatch#readme,"as detected from PackageJson property ""homepage""",https://github.com/isaacs/minimatch/issues,"as detected from PackageJson property ""bugs.url""",https://registry.npmjs.org/minimatch/-/minimatch-3.1.5.tgz,"as detected from npm-ls property ""resolved""",,,i@izs.me,active,Active in npm registry,2026-07-27T19:00:09.643Z
library,eslint-plugin-react@7.37.5|resolve@2.0.0-next.7,MIT,,James Halliday,resolve,2.0.0-next.7,pkg:npm/resolve@2.0.0-next.7,node_modules/eslint-plugin-react/node_modules/resolve,resolve like require.resolve() on behalf of files asynchronously and synchronously,git+ssh://git@github.com/browserify/resolve.git,"as detected from PackageJson property ""repository.url""",https://github.com/browserify/resolve#readme,"as detected from PackageJson property ""homepage""",https://github.com/browserify/resolve/issues,"as detected from PackageJson property ""bugs.url""",https://registry.npmjs.org/resolve/-/resolve-2.0.0-next.7.tgz,"as detected from npm-ls property ""resolved""",,,mail@substack.net,active,Active in npm registry,2026-05-15T20:12:07.875Z
library,eslint-plugin-react@7.37.5|semver@6.3.1,ISC,,GitHub Inc.,semver,6.3.1,pkg:npm/semver@6.3.1,node_modules/eslint-plugin-react/node_modules/semver,The semantic version parser used by npm.,git+https://github.com/npm/node-semver.git,"as detected from PackageJson property ""repository.url""",https://github.com/npm/node-semver#readme,"as detected from PackageJson property ""homepage""",https://github.com/npm/node-semver/issues,"as detected from PackageJson property ""bugs.url""",https://registry.npmjs.org/semver/-/semver-6.3.1.tgz,"as detected from npm-ls property ""resolved""",,,,active,Active in npm registry,2026-09-09T20:11:27.644Z
library,eslint-config-standard@17.1.0,MIT,,Feross Aboukhadijeh,eslint-config-standard,17.1.0,pkg:npm/eslint-config-standard@17.1.0,node_modules/eslint-config-standard,JavaScript Standard Style - ESLint Shareable Config,git://github.com/standard/eslint-config-standard.git,"as detected from PackageJson property ""repository.url""",https://github.com/standard/eslint-config-standard,"as detected from PackageJson property ""homepage""",https://github.com/standard/eslint-config-standard/issues,"as detected from PackageJson property ""bugs.url""",https://registry.npmjs.org/eslint-config-standard/-/eslint-config-standard-17.1.0.tgz,"as detected from npm-ls property ""resolved""",,,feross@feross.org,active,Active in npm registry,2023-06-09T21:31:54.596Z
library,eslint-plugin-import@2.32.0,MIT,,Ben Mosher,eslint-plugin-import,2.32.0,pkg:npm/eslint-plugin-import@2.32.0?vcs_url=git%2Bhttps%3A%2F%2Fgithub.com%2Fimport-js%2Feslint-plugin-import.git,node_modules/eslint-plugin-import,Import with sanity.,git+https://github.com/import-js/eslint-plugin-import.git,"as detected from PackageJson property ""repository.url""",https://github.com/import-js/eslint-plugin-import,"as detected from PackageJson property ""homepage""",https://github.com/import-js/eslint-plugin-import/issues,"as detected from PackageJson property ""bugs.url""",,,,,me@benmosher.com,active,Active in npm registry,2025-06-20T21:59:10.022Z
library,eslint-plugin-import@2.32.0|debug@3.2.7,MIT,,TJ Holowaychuk,debug,3.2.7,pkg:npm/debug@3.2.7,node_modules/eslint-plugin-import/node_modules/debug,small debugging utility,git://github.com/visionmedia/debug.git,"as detected from PackageJson property ""repository.url""",https://github.com/visionmedia/debug#readme,"as detected from PackageJson property ""homepage""",https://github.com/visionmedia/debug/issues,"as detected from PackageJson property ""bugs.url""",https://registry.npmjs.org/debug/-/debug-3.2.7.tgz,"as detected from npm-ls property ""resolved""",,,tj@vision-media.ca,active,Active in npm registry,2025-09-13T17:25:19.913Z
library,eslint-plugin-import@2.32.0|doctrine@2.1.0,Apache-2.0,,,doctrine,2.1.0,pkg:npm/doctrine@2.1.0,node_modules/eslint-plugin-import/node_modules/doctrine,JSDoc parser,git+https://github.com/eslint/doctrine.git,"as detected from PackageJson property ""repository.url""",https://github.com/eslint/doctrine,"as detected from PackageJson property ""homepage""",https://github.com/eslint/doctrine/issues,"as detected from PackageJson property ""bugs.url""",https://registry.npmjs.org/doctrine/-/doctrine-2.1.0.tgz,"as detected from npm-ls property ""resolved""",,,,active,Active in npm registry,2023-06-22T16:31:41.771Z
library,eslint-plugin-import@2.32.0|minimatch@3.1.5,ISC,,Isaac Z. Schlueter,minimatch,3.1.5,pkg:npm/minimatch@3.1.5,node_modules/eslint-plugin-import/node_modules/minimatch,a glob matcher in javascript,git://github.com/isaacs/minimatch.git,"as detected from PackageJson property ""repository.url""",https://github.com/isaacs/minimatch#readme,"as detected from PackageJson property ""homepage""",https://github.com/isaacs/minimatch/issues,"as detected from PackageJson property ""bugs.url""",https://registry.npmjs.org/minimatch/-/minimatch-3.1.5.tgz,"as detected from npm-ls property ""resolved""",,,i@izs.me,active,Active in npm registry,2026-07-27T19:00:09.643Z
library,eslint-plugin-import@2.32.0|semver@6.3.1,ISC,,GitHub Inc.,semver,6.3.1,pkg:npm/semver@6.3.1,node_modules/eslint-plugin-import/node_modules/semver,The semantic version parser used by npm.,git+https://github.com/npm/node-semver.git,"as detected from PackageJson property ""repository.url""",https://github.com/npm/node-semver#readme,"as detected from PackageJson property ""homepage""",https://github.com/npm/node-semver/issues,"as detected from PackageJson property ""bugs.url""",https://registry.npmjs.org/semver/-/semver-6.3.1.tgz,"as detected from npm-ls property ""resolved""",,,,active,Active in npm registry,2026-09-09T20:11:27.644Z
library,eslint-plugin-n@15.7.0,MIT,,Toru Nagashima,eslint-plugin-n,15.7.0,pkg:npm/eslint-plugin-n@15.7.0?vcs_url=git%2Bhttps%3A%2F%2Fgithub.com%2Feslint-community%2Feslint-plugin-n.git,node_modules/eslint-plugin-n,Additional ESLint's rules for Node.js,git+https://github.com/eslint-community/eslint-plugin-n.git,"as detected from PackageJson property ""repository.url""",https://github.com/eslint-community/eslint-plugin-n#readme,"as detected from PackageJson property ""homepage""",https://github.com/eslint-community/eslint-plugin-n/issues,"as detected from PackageJson property ""bugs.url""",,,,,,active,Active in npm registry,2026-08-08T14:03:56.047Z
library,eslint-plugin-n@15.7.0|ignore@5.3.2,MIT,,kael,ignore,5.3.2,pkg:npm/ignore@5.3.2,node_modules/eslint-plugin-n/node_modules/ignore,Ignore is a manager and filter for .gitignore rules~ the one used by eslint~ gitbook and many others.,git+ssh://git@github.com/kaelzhang/node-ignore.git,"as detected from PackageJson property ""repository.url""",https://github.com/kaelzhang/node-ignore#readme,"as detected from PackageJson property ""homepage""",https://github.com/kaelzhang/node-ignore/issues,"as detected from PackageJson property ""bugs.url""",https://registry.npmjs.org/ignore/-/ignore-5.3.2.tgz,"as detected from npm-ls property ""resolved""",,,,active,Active in npm registry,2026-09-08T13:06:01.510Z
library,eslint-plugin-n@15.7.0|minimatch@3.1.5,ISC,,Isaac Z. Schlueter,minimatch,3.1.5,pkg:npm/minimatch@3.1.5,node_modules/eslint-plugin-n/node_modules/minimatch,a glob matcher in javascript,git://github.com/isaacs/minimatch.git,"as detected from PackageJson property ""repository.url""",https://github.com/isaacs/minimatch#readme,"as detected from PackageJson property ""homepage""",https://github.com/isaacs/minimatch/issues,"as detected from PackageJson property ""bugs.url""",https://registry.npmjs.org/minimatch/-/minimatch-3.1.5.tgz,"as detected from npm-ls property ""resolved""",,,i@izs.me,active,Active in npm registry,2026-07-27T19:00:09.643Z
library,eslint-plugin-promise@6.6.0,ISC,,jden,eslint-plugin-promise,6.6.0,pkg:npm/eslint-plugin-promise@6.6.0?vcs_url=git%2Bhttps%3A%2F%2Fgithub.com%2Feslint-community%2Feslint-plugin-promise.git,node_modules/eslint-plugin-promise,Enforce best practices for JavaScript promises,git+https://github.com/eslint-community/eslint-plugin-promise.git,"as detected from PackageJson property ""repository.url""",https://github.com/eslint-community/eslint-plugin-promise,"as detected from PackageJson property ""homepage""",https://github.com/eslint-community/eslint-plugin-promise/issues,"as detected from PackageJson property ""bugs.url""",,,,,jason@denizac.org,active,Active in npm registry,2026-04-27T05:06:55.925Z
library,@rtsao/scc@1.1.0,MIT,@rtsao,,scc,1.1.0,pkg:npm/%40rtsao/scc@1.1.0,node_modules/@rtsao/scc,,git+https://github.com/rtsao/scc.git,"as detected from PackageJson property ""repository.url""",https://github.com/rtsao/scc#readme,"as detected from PackageJson property ""homepage""",https://github.com/rtsao/scc/issues,"as detected from PackageJson property ""bugs.url""",https://registry.npmjs.org/@rtsao/scc/-/scc-1.1.0.tgz,"as detected from npm-ls property ""resolved""",,,,active,Active in npm registry,2022-04-06T20:57:25.666Z
library,array-includes@3.2.0,MIT,,Jordan Harband,array-includes,3.2.0,pkg:npm/array-includes@3.2.0,node_modules/array-includes,An ES7/ES2016 spec-compliant `Array.prototype.includes` shim/polyfill/replacement that works as far down as ES3.,git://github.com/es-shims/array-includes.git,"as detected from PackageJson property ""repository.url""",https://github.com/es-shims/array-includes#readme,"as detected from PackageJson property ""homepage""",https://github.com/es-shims/array-includes/issues,"as detected from PackageJson property ""bugs.url""",https://registry.npmjs.org/array-includes/-/array-includes-3.2.0.tgz,"as detected from npm-ls property ""resolved""",,,ljharb@gmail.com,active,Active in npm registry,2026-09-09T22:45:07.313Z
library,call-bind@1.0.9,MIT,,Jordan Harband,call-bind,1.0.9,pkg:npm/call-bind@1.0.9?vcs_url=git%2Bhttps%3A%2F%2Fgithub.com%2Fljharb%2Fcall-bind.git,node_modules/call-bind,Robustly `.call.bind()` a function,git+https://github.com/ljharb/call-bind.git,"as detected from PackageJson property ""repository.url""",https://github.com/ljharb/call-bind#readme,"as detected from PackageJson property ""homepage""",https://github.com/ljharb/call-bind/issues,"as detected from PackageJson property ""bugs.url""",,,,,ljharb@gmail.com,active,Active in npm registry,2026-04-09T15:38:08.382Z
library,define-properties@1.2.1,MIT,,Jordan Harband,define-properties,1.2.1,pkg:npm/define-properties@1.2.1?vcs_url=git%3A%2F%2Fgithub.com%2Fljharb%2Fdefine-properties.git,node_modules/define-properties,Define multiple non-enumerable properties at once. Uses `Object.defineProperty` when available; falls back to standard assignment in older engines.,git://github.com/ljharb/define-properties.git,"as detected from PackageJson property ""repository.url""",https://github.com/ljharb/define-properties#readme,"as detected from PackageJson property ""homepage""",https://github.com/ljharb/define-properties/issues,"as detected from PackageJson property ""bugs.url""",,,,,ljharb@gmail.com,active,Active in npm registry,2024-03-21T16:50:05.987Z
library,es-abstract@1.24.2,MIT,,Jordan Harband,es-abstract,1.24.2,pkg:npm/es-abstract@1.24.2?vcs_url=git%3A%2F%2Fgithub.com%2Fljharb%2Fes-abstract.git,node_modules/es-abstract,ECMAScript spec abstract operations.,git://github.com/ljharb/es-abstract.git,"as detected from PackageJson property ""repository.url""",https://github.com/ljharb/es-abstract#readme,"as detected from PackageJson property ""homepage""",https://github.com/ljharb/es-abstract/issues,"as detected from PackageJson property ""bugs.url""",,,,,ljharb@gmail.com,active,Active in npm registry,2026-04-07T19:25:10.846Z
library,es-object-atoms@1.1.2,MIT,,Jordan Harband,es-object-atoms,1.1.2,pkg:npm/es-object-atoms@1.1.2?vcs_url=git%2Bhttps%3A%2F%2Fgithub.com%2Fljharb%2Fes-object-atoms.git,node_modules/es-object-atoms,ES Object-related atoms: Object~ ToObject~ RequireObjectCoercible,git+https://github.com/ljharb/es-object-atoms.git,"as detected from PackageJson property ""repository.url""",https://github.com/ljharb/es-object-atoms#readme,"as detected from PackageJson property ""homepage""",https://github.com/ljharb/es-object-atoms/issues,"as detected from PackageJson property ""bugs.url""",,,,,ljharb@gmail.com,active,Active in npm registry,2026-05-22T14:40:04.084Z
library,es-shim-unscopables@1.1.0,MIT,,Jordan Harband,es-shim-unscopables,1.1.0,pkg:npm/es-shim-unscopables@1.1.0,node_modules/es-shim-unscopables,Helper package to shim a method into `Array.prototype[Symbol.unscopables]`,git+https://github.com/ljharb/es-shim-unscopables.git,"as detected from PackageJson property ""repository.url""",https://github.com/ljharb/es-shim-unscopables#readme,"as detected from PackageJson property ""homepage""",https://github.com/ljharb/es-shim-unscopables/issues,"as detected from PackageJson property ""bugs.url""",https://registry.npmjs.org/es-shim-unscopables/-/es-shim-unscopables-1.1.0.tgz,"as detected from npm-ls property ""resolved""",,,ljharb@gmail.com,active,Active in npm registry,2025-02-12T04:10:24.951Z
library,is-string@1.1.1,MIT,,Jordan Harband,is-string,1.1.1,pkg:npm/is-string@1.1.1,node_modules/is-string,Is this value a JS String object or primitive? This module works cross-realm/iframe~ and despite ES6 @@toStringTag.,git://github.com/inspect-js/is-string.git,"as detected from PackageJson property ""repository.url""",https://github.com/inspect-js/is-string#readme,"as detected from PackageJson property ""homepage""",https://github.com/inspect-js/is-string/issues,"as detected from PackageJson property ""bugs.url""",https://registry.npmjs.org/is-string/-/is-string-1.1.1.tgz,"as detected from npm-ls property ""resolved""",,,ljharb@gmail.com,active,Active in npm registry,2024-12-16T02:59:00.595Z
library,math-intrinsics@1.1.0,MIT,,Jordan Harband,math-intrinsics,1.1.0,pkg:npm/math-intrinsics@1.1.0,node_modules/math-intrinsics,ES Math-related intrinsics and helpers~ robustly cached.,git+https://github.com/es-shims/math-intrinsics.git,"as detected from PackageJson property ""repository.url""",https://github.com/es-shims/math-intrinsics#readme,"as detected from PackageJson property ""homepage""",https://github.com/es-shims/math-intrinsics/issues,"as detected from PackageJson property ""bugs.url""",https://registry.npmjs.org/math-intrinsics/-/math-intrinsics-1.1.0.tgz,"as detected from npm-ls property ""resolved""",,,ljharb@gmail.com,active,Active in npm registry,2024-12-19T05:58:10.044Z
library,array.prototype.findlastindex@1.2.6,MIT,,Jordan Harband,array.prototype.findlastindex,1.2.6,pkg:npm/array.prototype.findlastindex@1.2.6,node_modules/array.prototype.findlastindex,An ESnext spec-compliant `Array.prototype.findLastIndex` shim/polyfill/replacement that works as far down as ES3.,git+https://github.com/es-shims/Array.prototype.findLastIndex.git,"as detected from PackageJson property ""repository.url""",https://github.com/es-shims/Array.prototype.findLastIndex#readme,"as detected from PackageJson property ""homepage""",https://github.com/es-shims/Array.prototype.findLastIndex/issues,"as detected from PackageJson property ""bugs.url""",https://registry.npmjs.org/array.prototype.findlastindex/-/array.prototype.findlastindex-1.2.6.tgz,"as detected from npm-ls property ""resolved""",,,ljharb@gmail.com,active,Active in npm registry,2025-03-14T18:20:03.426Z
library,array.prototype.flat@1.3.3,MIT,,Jordan Harband,array.prototype.flat,1.3.3,pkg:npm/array.prototype.flat@1.3.3,node_modules/array.prototype.flat,An ES2019 spec-compliant `Array.prototype.flat` shim/polyfill/replacement that works as far down as ES3.,git://github.com/es-shims/Array.prototype.flat.git,"as detected from PackageJson property ""repository.url""",https://github.com/es-shims/Array.prototype.flat#readme,"as detected from PackageJson property ""homepage""",https://github.com/es-shims/Array.prototype.flat/issues,"as detected from PackageJson property ""bugs.url""",https://registry.npmjs.org/array.prototype.flat/-/array.prototype.flat-1.3.3.tgz,"as detected from npm-ls property ""resolved""",,,ljharb@gmail.com,active,Active in npm registry,2024-12-15T22:32:44.599Z
library,array.prototype.flatmap@1.3.3,MIT,,Jordan Harband,array.prototype.flatmap,1.3.3,pkg:npm/array.prototype.flatmap@1.3.3,node_modules/array.prototype.flatmap,An ES2019 spec-compliant `Array.prototype.flatMap` shim/polyfill/replacement that works as far down as ES3.,git://github.com/es-shims/Array.prototype.flatMap.git,"as detected from PackageJson property ""repository.url""",https://github.com/es-shims/Array.prototype.flatMap#readme,"as detected from PackageJson property ""homepage""",https://github.com/es-shims/Array.prototype.flatMap/issues,"as detected from PackageJson property ""bugs.url""",https://registry.npmjs.org/array.prototype.flatmap/-/array.prototype.flatmap-1.3.3.tgz,"as detected from npm-ls property ""resolved""",,,ljharb@gmail.com,active,Active in npm registry,2024-12-16T00:45:40.122Z
library,eslint-import-resolver-node@0.3.10,MIT,,Ben Mosher,eslint-import-resolver-node,0.3.10,pkg:npm/eslint-import-resolver-node@0.3.10#resolvers/node,node_modules/eslint-import-resolver-node,Node default behavior import resolution plugin for eslint-plugin-import.,git+https://github.com/import-js/eslint-plugin-import.git#resolvers/node,"as detected from PackageJson property ""repository.url"" and ""repository.directory""",https://github.com/import-js/eslint-plugin-import,"as detected from PackageJson property ""homepage""",https://github.com/import-js/eslint-plugin-import/issues,"as detected from PackageJson property ""bugs.url""",https://registry.npmjs.org/eslint-import-resolver-node/-/eslint-import-resolver-node-0.3.10.tgz,"as detected from npm-ls property ""resolved""",,,,active,Active in npm registry,2026-05-15T23:35:40.199Z
library,eslint-import-resolver-node@0.3.10|debug@3.2.7,MIT,,TJ Holowaychuk,debug,3.2.7,pkg:npm/debug@3.2.7,node_modules/eslint-import-resolver-node/node_modules/debug,small debugging utility,git://github.com/visionmedia/debug.git,"as detected from PackageJson property ""repository.url""",https://github.com/visionmedia/debug#readme,"as detected from PackageJson property ""homepage""",https://github.com/visionmedia/debug/issues,"as detected from PackageJson property ""bugs.url""",https://registry.npmjs.org/debug/-/debug-3.2.7.tgz,"as detected from npm-ls property ""resolved""",,,tj@vision-media.ca,active,Active in npm registry,2025-09-13T17:25:19.913Z
library,eslint-import-resolver-node@0.3.10|resolve@2.0.0-next.7,MIT,,James Halliday,resolve,2.0.0-next.7,pkg:npm/resolve@2.0.0-next.7,node_modules/eslint-import-resolver-node/node_modules/resolve,resolve like require.resolve() on behalf of files asynchronously and synchronously,git+ssh://git@github.com/browserify/resolve.git,"as detected from PackageJson property ""repository.url""",https://github.com/browserify/resolve#readme,"as detected from PackageJson property ""homepage""",https://github.com/browserify/resolve/issues,"as detected from PackageJson property ""bugs.url""",https://registry.npmjs.org/resolve/-/resolve-2.0.0-next.7.tgz,"as detected from npm-ls property ""resolved""",,,mail@substack.net,active,Active in npm registry,2026-05-15T20:12:07.875Z
library,node-exports-info@1.6.2,MIT,,Jordan Harband,node-exports-info,1.6.2,pkg:npm/node-exports-info@1.6.2?vcs_url=git%2Bhttps%3A%2F%2Fgithub.com%2Finspect-js%2Fnode-exports-info.git,node_modules/node-exports-info,Info about node `exports` field support: version ranges~ categories~ etc.,git+https://github.com/inspect-js/node-exports-info.git,"as detected from PackageJson property ""repository.url""",https://github.com/inspect-js/node-exports-info#readme,"as detected from PackageJson property ""homepage""",https://github.com/inspect-js/node-exports-info/issues,"as detected from PackageJson property ""bugs.url""",,,,,ljharb@gmail.com,active,Active in npm registry,2026-06-23T20:38:12.109Z
library,node-exports-info@1.6.2|semver@6.3.1,ISC,,GitHub Inc.,semver,6.3.1,pkg:npm/semver@6.3.1,node_modules/node-exports-info/node_modules/semver,The semantic version parser used by npm.,git+https://github.com/npm/node-semver.git,"as detected from PackageJson property ""repository.url""",https://github.com/npm/node-semver#readme,"as detected from PackageJson property ""homepage""",https://github.com/npm/node-semver/issues,"as detected from PackageJson property ""bugs.url""",https://registry.npmjs.org/semver/-/semver-6.3.1.tgz,"as detected from npm-ls property ""resolved""",,,,active,Active in npm registry,2026-09-09T20:11:27.644Z
library,object-keys@1.1.1,MIT,,Jordan Harband,object-keys,1.1.1,pkg:npm/object-keys@1.1.1?vcs_url=git%3A%2F%2Fgithub.com%2Fljharb%2Fobject-keys.git,node_modules/object-keys,An Object.keys replacement~ in case Object.keys is not available. From https://github.com/es-shims/es5-shim,git://github.com/ljharb/object-keys.git,"as detected from PackageJson property ""repository.url""",https://github.com/ljharb/object-keys#readme,"as detected from PackageJson property ""homepage""",https://github.com/ljharb/object-keys/issues,"as detected from PackageJson property ""bugs.url""",,,,,ljharb@gmail.com,active,Active in npm registry,2023-06-09T21:33:04.590Z
library,eslint-module-utils@2.14.0,MIT,,Ben Mosher,eslint-module-utils,2.14.0,pkg:npm/eslint-module-utils@2.14.0#utils,node_modules/eslint-module-utils,Core utilities to support eslint-plugin-import and other module-related plugins.,git+https://github.com/import-js/eslint-plugin-import.git#utils,"as detected from PackageJson property ""repository.url"" and ""repository.directory""",https://github.com/import-js/eslint-plugin-import#readme,"as detected from PackageJson property ""homepage""",https://github.com/import-js/eslint-plugin-import/issues,"as detected from PackageJson property ""bugs.url""",https://registry.npmjs.org/eslint-module-utils/-/eslint-module-utils-2.14.0.tgz,"as detected from npm-ls property ""resolved""",,,me@benmosher.com,active,Active in npm registry,2026-07-03T03:08:46.768Z
library,eslint-module-utils@2.14.0|debug@3.2.7,MIT,,TJ Holowaychuk,debug,3.2.7,pkg:npm/debug@3.2.7,node_modules/eslint-module-utils/node_modules/debug,small debugging utility,git://github.com/visionmedia/debug.git,"as detected from PackageJson property ""repository.url""",https://github.com/visionmedia/debug#readme,"as detected from PackageJson property ""homepage""",https://github.com/visionmedia/debug/issues,"as detected from PackageJson property ""bugs.url""",https://registry.npmjs.org/debug/-/debug-3.2.7.tgz,"as detected from npm-ls property ""resolved""",,,tj@vision-media.ca,active,Active in npm registry,2025-09-13T17:25:19.913Z
library,function-bind@1.1.2,MIT,,Raynos,function-bind,1.1.2,pkg:npm/function-bind@1.1.2,node_modules/function-bind,Implementation of Function.prototype.bind,git+https://github.com/Raynos/function-bind.git,"as detected from PackageJson property ""repository.url""",https://github.com/Raynos/function-bind,"as detected from PackageJson property ""homepage""",https://github.com/Raynos/function-bind/issues,"as detected from PackageJson property ""bugs.url""",https://registry.npmjs.org/function-bind/-/function-bind-1.1.2.tgz,"as detected from npm-ls property ""resolved""",,,raynos2@gmail.com,active,Active in npm registry,2023-10-12T19:08:19.863Z
library,object.fromentries@2.0.8,MIT,,Jordan Harband,object.fromentries,2.0.8,pkg:npm/object.fromentries@2.0.8,node_modules/object.fromentries,ES proposal-spec-compliant Object.fromEntries shim.,git://github.com/es-shims/Object.fromEntries.git,"as detected from PackageJson property ""repository.url""",https://github.com/es-shims/Object.fromEntries#readme,"as detected from PackageJson property ""homepage""",https://github.com/es-shims/Object.fromEntries/issues,"as detected from PackageJson property ""bugs.url""",https://registry.npmjs.org/object.fromentries/-/object.fromentries-2.0.8.tgz,"as detected from npm-ls property ""resolved""",,,ljharb@gmail.com,active,Active in npm registry,2024-03-18T23:25:37.946Z
library,object.groupby@1.0.3,MIT,,Jordan Harband,object.groupby,1.0.3,pkg:npm/object.groupby@1.0.3,node_modules/object.groupby,An ESnext spec-compliant `Object.groupBy` shim/polyfill/replacement that works as far down as ES3.,git+https://github.com/es-shims/Object.groupBy.git,"as detected from PackageJson property ""repository.url""",https://github.com/es-shims/Object.groupBy#readme,"as detected from PackageJson property ""homepage""",https://github.com/es-shims/Object.groupBy/issues,"as detected from PackageJson property ""bugs.url""",https://registry.npmjs.org/object.groupby/-/object.groupby-1.0.3.tgz,"as detected from npm-ls property ""resolved""",,,ljharb@gmail.com,active,Active in npm registry,2024-03-18T18:04:14.161Z
library,object.values@1.2.1,MIT,,Jordan Harband,object.values,1.2.1,pkg:npm/object.values@1.2.1,node_modules/object.values,ES2017 spec-compliant Object.values shim.,git://github.com/es-shims/Object.values.git,"as detected from PackageJson property ""repository.url""",https://github.com/es-shims/Object.values#readme,"as detected from PackageJson property ""homepage""",https://github.com/es-shims/Object.values/issues,"as detected from PackageJson property ""bugs.url""",https://registry.npmjs.org/object.values/-/object.values-1.2.1.tgz,"as detected from npm-ls property ""resolved""",,,ljharb@gmail.com,active,Active in npm registry,2024-12-19T06:39:08.327Z
library,string.prototype.trimend@1.0.10,MIT,,Jordan Harband,string.prototype.trimend,1.0.10,pkg:npm/string.prototype.trimend@1.0.10,node_modules/string.prototype.trimend,ES2019 spec-compliant String.prototype.trimEnd shim.,git://github.com/es-shims/String.prototype.trimEnd.git,"as detected from PackageJson property ""repository.url""",https://github.com/es-shims/String.prototype.trimEnd#readme,"as detected from PackageJson property ""homepage""",https://github.com/es-shims/String.prototype.trimEnd/issues,"as detected from PackageJson property ""bugs.url""",https://registry.npmjs.org/string.prototype.trimend/-/string.prototype.trimend-1.0.10.tgz,"as detected from npm-ls property ""resolved""",,,ljharb@gmail.com,active,Active in npm registry,2026-06-06T06:19:59.873Z
library,tsconfig-paths@3.15.0,MIT,,Jonas Kello,tsconfig-paths,3.15.0,pkg:npm/tsconfig-paths@3.15.0,node_modules/tsconfig-paths,Load node modules according to tsconfig paths~ in run-time or via API.,git+https://github.com/dividab/tsconfig-paths.git,"as detected from PackageJson property ""repository.url""",https://github.com/dividab/tsconfig-paths#readme,"as detected from PackageJson property ""homepage""",https://github.com/dividab/tsconfig-paths/issues,"as detected from PackageJson property ""bugs.url""",https://registry.npmjs.org/tsconfig-paths/-/tsconfig-paths-3.15.0.tgz,"as detected from npm-ls property ""resolved""",,,,active,Active in npm registry,2025-10-14T10:55:58.343Z
library,tsconfig-paths@3.15.0|json5@1.0.2,MIT,,Aseem Kishore,json5,1.0.2,pkg:npm/json5@1.0.2,node_modules/tsconfig-paths/node_modules/json5,JSON for humans.,git+https://github.com/json5/json5.git,"as detected from PackageJson property ""repository.url""",http://json5.org/,"as detected from PackageJson property ""homepage""",https://github.com/json5/json5/issues,"as detected from PackageJson property ""bugs.url""",https://registry.npmjs.org/json5/-/json5-1.0.2.tgz,"as detected from npm-ls property ""resolved""",,,aseem.kishore@gmail.com,active,Active in npm registry,2023-03-04T17:04:33.373Z
library,tsconfig-paths@3.15.0|strip-bom@3.0.0,MIT,,Sindre Sorhus,strip-bom,3.0.0,pkg:npm/strip-bom@3.0.0,node_modules/tsconfig-paths/node_modules/strip-bom,Strip UTF-8 byte order mark (BOM) from a string,git+https://github.com/sindresorhus/strip-bom.git,"as detected from PackageJson property ""repository.url""",https://github.com/sindresorhus/strip-bom#readme,"as detected from PackageJson property ""homepage""",https://github.com/sindresorhus/strip-bom/issues,"as detected from PackageJson property ""bugs.url""",https://registry.npmjs.org/strip-bom/-/strip-bom-3.0.0.tgz,"as detected from npm-ls property ""resolved""",,,sindresorhus@gmail.com,active,Active in npm registry,2023-07-12T19:14:14.322Z
library,@types/json5@0.0.29,MIT,@types,Jason Swearingen,json5,0.0.29,pkg:npm/%40types/json5@0.0.29,node_modules/@types/json5,TypeScript definitions for JSON5,git+https://github.com/DefinitelyTyped/DefinitelyTyped.git,"as detected from PackageJson property ""repository.url""",https://github.com/DefinitelyTyped/DefinitelyTyped#readme,"as detected from PackageJson property ""homepage""",https://github.com/DefinitelyTyped/DefinitelyTyped/issues,"as detected from PackageJson property ""bugs.url""",https://registry.npmjs.org/@types/json5/-/json5-0.0.29.tgz,"as detected from npm-ls property ""resolved""",,,,active,Active in npm registry,2023-07-12T19:27:24.825Z
library,builtins@5.1.0,MIT,,,builtins,5.1.0,pkg:npm/builtins@5.1.0,node_modules/builtins,List of node.js builtin modules,git+https://github.com/juliangruber/builtins.git,"as detected from PackageJson property ""repository.url""",https://github.com/juliangruber/builtins#readme,"as detected from PackageJson property ""homepage""",https://github.com/juliangruber/builtins/issues,"as detected from PackageJson property ""bugs.url""",https://registry.npmjs.org/builtins/-/builtins-5.1.0.tgz,"as detected from npm-ls property ""resolved""",,,,active,Active in npm registry,2026-08-26T13:23:13.342Z
library,eslint-plugin-es@4.1.0,MIT,,Toru Nagashima,eslint-plugin-es,4.1.0,pkg:npm/eslint-plugin-es@4.1.0,node_modules/eslint-plugin-es,ESLint plugin about ECMAScript syntactic features.,git+https://github.com/mysticatea/eslint-plugin-es.git,"as detected from PackageJson property ""repository.url""",https://github.com/mysticatea/eslint-plugin-es#readme,"as detected from PackageJson property ""homepage""",https://github.com/mysticatea/eslint-plugin-es/issues,"as detected from PackageJson property ""bugs.url""",https://registry.npmjs.org/eslint-plugin-es/-/eslint-plugin-es-4.1.0.tgz,"as detected from npm-ls property ""resolved""",,,,active,Active in npm registry,2023-06-08T21:37:54.703Z
library,eslint-plugin-es@4.1.0|eslint-utils@2.1.0,MIT,,Toru Nagashima,eslint-utils,2.1.0,pkg:npm/eslint-utils@2.1.0,node_modules/eslint-plugin-es/node_modules/eslint-utils,Utilities for ESLint plugins.,git+https://github.com/mysticatea/eslint-utils.git,"as detected from PackageJson property ""repository.url""",https://github.com/mysticatea/eslint-utils#readme,"as detected from PackageJson property ""homepage""",https://github.com/mysticatea/eslint-utils/issues,"as detected from PackageJson property ""bugs.url""",https://registry.npmjs.org/eslint-utils/-/eslint-utils-2.1.0.tgz,"as detected from npm-ls property ""resolved""",,,,active,Active in npm registry,2022-05-01T17:19:19.165Z
library,eslint-plugin-es@4.1.0|eslint-visitor-keys@1.3.0,Apache-2.0,,Toru Nagashima,eslint-visitor-keys,1.3.0,pkg:npm/eslint-visitor-keys@1.3.0,node_modules/eslint-plugin-es/node_modules/eslint-visitor-keys,Constants and utilities about visitor keys to traverse AST.,git+https://github.com/eslint/eslint-visitor-keys.git,"as detected from PackageJson property ""repository.url""",https://github.com/eslint/eslint-visitor-keys#readme,"as detected from PackageJson property ""homepage""",https://github.com/eslint/eslint-visitor-keys/issues,"as detected from PackageJson property ""bugs.url""",https://registry.npmjs.org/eslint-visitor-keys/-/eslint-visitor-keys-1.3.0.tgz,"as detected from npm-ls property ""resolved""",,,,active,Active in npm registry,2026-02-20T14:40:48.205Z
library,regexpp@3.2.0,MIT,,Toru Nagashima,regexpp,3.2.0,pkg:npm/regexpp@3.2.0,node_modules/regexpp,Regular expression parser for ECMAScript.,git+https://github.com/mysticatea/regexpp.git,"as detected from PackageJson property ""repository.url""",https://github.com/mysticatea/regexpp#readme,"as detected from PackageJson property ""homepage""",https://github.com/mysticatea/regexpp/issues,"as detected from PackageJson property ""bugs.url""",https://registry.npmjs.org/regexpp/-/regexpp-3.2.0.tgz,"as detected from npm-ls property ""resolved""",,,,active,Active in npm registry,2022-05-15T17:03:11.010Z
library,eslint-utils@3.0.0,MIT,,Toru Nagashima,eslint-utils,3.0.0,pkg:npm/eslint-utils@3.0.0,node_modules/eslint-utils,Utilities for ESLint plugins.,git+https://github.com/mysticatea/eslint-utils.git,"as detected from PackageJson property ""repository.url""",https://github.com/mysticatea/eslint-utils#readme,"as detected from PackageJson property ""homepage""",https://github.com/mysticatea/eslint-utils/issues,"as detected from PackageJson property ""bugs.url""",https://registry.npmjs.org/eslint-utils/-/eslint-utils-3.0.0.tgz,"as detected from npm-ls property ""resolved""",,,,active,Active in npm registry,2022-05-01T17:19:19.165Z
library,eslint-utils@3.0.0|eslint-visitor-keys@2.1.0,Apache-2.0,,Toru Nagashima,eslint-visitor-keys,2.1.0,pkg:npm/eslint-visitor-keys@2.1.0,node_modules/eslint-utils/node_modules/eslint-visitor-keys,Constants and utilities about visitor keys to traverse AST.,git+https://github.com/eslint/eslint-visitor-keys.git,"as detected from PackageJson property ""repository.url""",https://github.com/eslint/eslint-visitor-keys#readme,"as detected from PackageJson property ""homepage""",https://github.com/eslint/eslint-visitor-keys/issues,"as detected from PackageJson property ""bugs.url""",https://registry.npmjs.org/eslint-visitor-keys/-/eslint-visitor-keys-2.1.0.tgz,"as detected from npm-ls property ""resolved""",,,,active,Active in npm registry,2026-02-20T14:40:48.205Z
library,array.prototype.findlast@1.2.5,MIT,,Jordan Harband,array.prototype.findlast,1.2.5,pkg:npm/array.prototype.findlast@1.2.5,node_modules/array.prototype.findlast,An ESnext spec-compliant `Array.prototype.findLast` shim/polyfill/replacement that works as far down as ES3.,git+https://github.com/es-shims/Array.prototype.findLast.git,"as detected from PackageJson property ""repository.url""",https://github.com/es-shims/Array.prototype.findLast#readme,"as detected from PackageJson property ""homepage""",https://github.com/es-shims/Array.prototype.findLast/issues,"as detected from PackageJson property ""bugs.url""",https://registry.npmjs.org/array.prototype.findlast/-/array.prototype.findlast-1.2.5.tgz,"as detected from npm-ls property ""resolved""",,,ljharb@gmail.com,active,Active in npm registry,2024-03-19T17:21:11.945Z
library,array.prototype.tosorted@1.1.4,MIT,,Jordan Harband,array.prototype.tosorted,1.1.4,pkg:npm/array.prototype.tosorted@1.1.4,node_modules/array.prototype.tosorted,An ESnext spec-compliant `Array.prototype.toSorted` shim/polyfill/replacement that works as far down as ES3.,git+https://github.com/es-shims/Array.prototype.toSorted.git,"as detected from PackageJson property ""repository.url""",https://github.com/es-shims/Array.prototype.toSorted#readme,"as detected from PackageJson property ""homepage""",https://github.com/es-shims/Array.prototype.toSorted/issues,"as detected from PackageJson property ""bugs.url""",https://registry.npmjs.org/array.prototype.tosorted/-/array.prototype.tosorted-1.1.4.tgz,"as detected from npm-ls property ""resolved""",,,ljharb@gmail.com,active,Active in npm registry,2024-06-03T05:32:49.363Z
library,es-iterator-helpers@1.4.0,MIT,,Jordan Harband,es-iterator-helpers,1.4.0,pkg:npm/es-iterator-helpers@1.4.0,node_modules/es-iterator-helpers,An ESnext spec-compliant iterator helpers shim/polyfill/replacement that works as far down as ES3.,git+https://github.com/es-shims/iterator-helpers.git,"as detected from PackageJson property ""repository.url""",https://github.com/es-shims/iterator-helpers#readme,"as detected from PackageJson property ""homepage""",https://github.com/es-shims/iterator-helpers/issues,"as detected from PackageJson property ""bugs.url""",https://registry.npmjs.org/es-iterator-helpers/-/es-iterator-helpers-1.4.0.tgz,"as detected from npm-ls property ""resolved""",,,ljharb@gmail.com,active,Active in npm registry,2026-07-10T20:37:55.383Z
library,globalthis@1.0.4,MIT,,Jordan Harband,globalthis,1.0.4,pkg:npm/globalthis@1.0.4,node_modules/globalthis,ECMAScript spec-compliant polyfill/shim for `globalThis`,git://github.com/ljharb/System.global.git,"as detected from PackageJson property ""repository.url""",https://github.com/ljharb/System.global#readme,"as detected from PackageJson property ""homepage""",https://github.com/ljharb/System.global/issues,"as detected from PackageJson property ""bugs.url""",https://registry.npmjs.org/globalthis/-/globalthis-1.0.4.tgz,"as detected from npm-ls property ""resolved""",,,ljharb@gmail.com,active,Active in npm registry,2024-04-30T02:35:59.302Z
library,gopd@1.2.0,MIT,,Jordan Harband,gopd,1.2.0,pkg:npm/gopd@1.2.0?vcs_url=git%2Bhttps%3A%2F%2Fgithub.com%2Fljharb%2Fgopd.git,node_modules/gopd,`Object.getOwnPropertyDescriptor`~ but accounts for IE's broken implementation.,git+https://github.com/ljharb/gopd.git,"as detected from PackageJson property ""repository.url""",https://github.com/ljharb/gopd#readme,"as detected from PackageJson property ""homepage""",https://github.com/ljharb/gopd/issues,"as detected from PackageJson property ""bugs.url""",,,,,ljharb@gmail.com,active,Active in npm registry,2026-07-11T11:42:50.743Z
library,has-property-descriptors@1.0.2,MIT,,Jordan Harband,has-property-descriptors,1.0.2,pkg:npm/has-property-descriptors@1.0.2?vcs_url=git%2Bhttps%3A%2F%2Fgithub.com%2Finspect-js%2Fhas-property-descriptors.git,node_modules/has-property-descriptors,Does the environment have full property descriptor support? Handles IE 8's broken defineProperty/gOPD.,git+https://github.com/inspect-js/has-property-descriptors.git,"as detected from PackageJson property ""repository.url""",https://github.com/inspect-js/has-property-descriptors#readme,"as detected from PackageJson property ""homepage""",https://github.com/inspect-js/has-property-descriptors/issues,"as detected from PackageJson property ""bugs.url""",,,,,ljharb@gmail.com,active,Active in npm registry,2024-02-13T05:21:47.844Z
library,has-proto@1.2.0,MIT,,Jordan Harband,has-proto,1.2.0,pkg:npm/has-proto@1.2.0,node_modules/has-proto,Does this environment have the ability to get the [[Prototype]] of an object on creation with `__proto__`?,git+https://github.com/inspect-js/has-proto.git,"as detected from PackageJson property ""repository.url""",https://github.com/inspect-js/has-proto#readme,"as detected from PackageJson property ""homepage""",https://github.com/inspect-js/has-proto/issues,"as detected from PackageJson property ""bugs.url""",https://registry.npmjs.org/has-proto/-/has-proto-1.2.0.tgz,"as detected from npm-ls property ""resolved""",,,ljharb@gmail.com,active,Active in npm registry,2024-12-06T18:14:38.096Z
library,dunder-proto@1.0.1,MIT,,Jordan Harband,dunder-proto,1.0.1,pkg:npm/dunder-proto@1.0.1,node_modules/dunder-proto,If available~ the `Object.prototype.__proto__` accessor and mutator~ call-bound,git+https://github.com/es-shims/dunder-proto.git,"as detected from PackageJson property ""repository.url""",https://github.com/es-shims/dunder-proto#readme,"as detected from PackageJson property ""homepage""",https://github.com/es-shims/dunder-proto/issues,"as detected from PackageJson property ""bugs.url""",https://registry.npmjs.org/dunder-proto/-/dunder-proto-1.0.1.tgz,"as detected from npm-ls property ""resolved""",,,ljharb@gmail.com,active,Active in npm registry,2024-12-17T02:12:47.238Z
library,call-bind-apply-helpers@1.0.2,MIT,,Jordan Harband,call-bind-apply-helpers,1.0.2,pkg:npm/call-bind-apply-helpers@1.0.2?vcs_url=git%2Bhttps%3A%2F%2Fgithub.com%2Fljharb%2Fcall-bind-apply-helpers.git,node_modules/call-bind-apply-helpers,Helper functions around Function call/apply/bind~ for use in `call-bind`,git+https://github.com/ljharb/call-bind-apply-helpers.git,"as detected from PackageJson property ""repository.url""",https://github.com/ljharb/call-bind-apply-helpers#readme,"as detected from PackageJson property ""homepage""",https://github.com/ljharb/call-bind-apply-helpers/issues,"as detected from PackageJson property ""bugs.url""",,,,,ljharb@gmail.com,active,Active in npm registry,2025-02-12T19:24:57.167Z
library,has-symbols@1.1.0,MIT,,Jordan Harband,has-symbols,1.1.0,pkg:npm/has-symbols@1.1.0,node_modules/has-symbols,Determine if the JS environment has Symbol support. Supports spec~ or shams.,git://github.com/inspect-js/has-symbols.git,"as detected from PackageJson property ""repository.url""",https://github.com/ljharb/has-symbols#readme,"as detected from PackageJson property ""homepage""",https://github.com/ljharb/has-symbols/issues,"as detected from PackageJson property ""bugs.url""",https://registry.npmjs.org/has-symbols/-/has-symbols-1.1.0.tgz,"as detected from npm-ls property ""resolved""",,,ljharb@gmail.com,active,Active in npm registry,2024-12-02T16:34:17.942Z
library,internal-slot@1.1.0,MIT,,Jordan Harband,internal-slot,1.1.0,pkg:npm/internal-slot@1.1.0,node_modules/internal-slot,ES spec-like internal slots,git+https://github.com/ljharb/internal-slot.git,"as detected from PackageJson property ""repository.url""",https://github.com/ljharb/internal-slot#readme,"as detected from PackageJson property ""homepage""",https://github.com/ljharb/internal-slot/issues,"as detected from PackageJson property ""bugs.url""",https://registry.npmjs.org/internal-slot/-/internal-slot-1.1.0.tgz,"as detected from npm-ls property ""resolved""",,,ljharb@gmail.com,active,Active in npm registry,2024-12-13T16:02:29.764Z
library,iterator.prototype@1.1.5,MIT,,Jordan Harband,iterator.prototype,1.1.5,pkg:npm/iterator.prototype@1.1.5,node_modules/iterator.prototype,`Iterator.prototype`~ or a shared object to use.,git+https://github.com/ljharb/Iterator.prototype.git,"as detected from PackageJson property ""repository.url""",https://github.com/ljharb/Iterator.prototype#readme,"as detected from PackageJson property ""homepage""",https://github.com/ljharb/Iterator.prototype/issues,"as detected from PackageJson property ""bugs.url""",https://registry.npmjs.org/iterator.prototype/-/iterator.prototype-1.1.5.tgz,"as detected from npm-ls property ""resolved""",,,ljharb@gmail.com,active,Active in npm registry,2025-01-02T06:45:15.864Z
library,define-data-property@1.1.4,MIT,,Jordan Harband,define-data-property,1.1.4,pkg:npm/define-data-property@1.1.4?vcs_url=git%2Bhttps%3A%2F%2Fgithub.com%2Fljharb%2Fdefine-data-property.git,node_modules/define-data-property,Define a data property on an object. Will fall back to assignment in an engine without descriptors.,git+https://github.com/ljharb/define-data-property.git,"as detected from PackageJson property ""repository.url""",https://github.com/ljharb/define-data-property#readme,"as detected from PackageJson property ""homepage""",https://github.com/ljharb/define-data-property/issues,"as detected from PackageJson property ""bugs.url""",,,,,ljharb@gmail.com,active,Active in npm registry,2024-02-13T16:56:02.843Z
library,get-proto@1.0.1,MIT,,Jordan Harband,get-proto,1.0.1,pkg:npm/get-proto@1.0.1?vcs_url=git%2Bhttps%3A%2F%2Fgithub.com%2Fljharb%2Fget-proto.git,node_modules/get-proto,Robustly get the [[Prototype]] of an object,git+https://github.com/ljharb/get-proto.git,"as detected from PackageJson property ""repository.url""",https://github.com/ljharb/get-proto#readme,"as detected from PackageJson property ""homepage""",https://github.com/ljharb/get-proto/issues,"as detected from PackageJson property ""bugs.url""",,,,,ljharb@gmail.com,active,Active in npm registry,2025-01-02T20:08:03.153Z
library,set-function-name@2.0.2,MIT,,Jordan Harband,set-function-name,2.0.2,pkg:npm/set-function-name@2.0.2?vcs_url=git%2Bhttps%3A%2F%2Fgithub.com%2Fljharb%2Fset-function-name.git,node_modules/set-function-name,Set a function's name property,git+https://github.com/ljharb/set-function-name.git,"as detected from PackageJson property ""repository.url""",https://github.com/ljharb/set-function-name#readme,"as detected from PackageJson property ""homepage""",https://github.com/ljharb/set-function-name/issues,"as detected from PackageJson property ""bugs.url""",,,,,ljharb@gmail.com,active,Active in npm registry,2024-02-20T05:34:26.139Z
library,jsx-ast-utils@3.3.5,MIT,,Ethan Cohen,jsx-ast-utils,3.3.5,pkg:npm/jsx-ast-utils@3.3.5,node_modules/jsx-ast-utils,AST utility module for statically analyzing JSX,git+https://github.com/jsx-eslint/jsx-ast-utils.git,"as detected from PackageJson property ""repository.url""",https://github.com/jsx-eslint/jsx-ast-utils#readme,"as detected from PackageJson property ""homepage""",https://github.com/jsx-eslint/jsx-ast-utils/issues,"as detected from PackageJson property ""bugs.url""",https://registry.npmjs.org/jsx-ast-utils/-/jsx-ast-utils-3.3.5.tgz,"as detected from npm-ls property ""resolved""",,,,active,Active in npm registry,2023-07-29T01:35:03.311Z
library,object.assign@4.1.7,MIT,,Jordan Harband,object.assign,4.1.7,pkg:npm/object.assign@4.1.7,node_modules/object.assign,ES6 spec-compliant Object.assign shim. From https://github.com/es-shims/es6-shim,git://github.com/ljharb/object.assign.git,"as detected from PackageJson property ""repository.url""",https://github.com/ljharb/object.assign#readme,"as detected from PackageJson property ""homepage""",https://github.com/ljharb/object.assign/issues,"as detected from PackageJson property ""bugs.url""",https://registry.npmjs.org/object.assign/-/object.assign-4.1.7.tgz,"as detected from npm-ls property ""resolved""",,,,active,Active in npm registry,2024-12-18T20:54:23.075Z
library,object.entries@1.1.9,MIT,,Jordan Harband,object.entries,1.1.9,pkg:npm/object.entries@1.1.9,node_modules/object.entries,ES2017 spec-compliant Object.entries shim.,git://github.com/es-shims/Object.entries.git,"as detected from PackageJson property ""repository.url""",https://github.com/es-shims/Object.entries#readme,"as detected from PackageJson property ""homepage""",https://github.com/es-shims/Object.entries/issues,"as detected from PackageJson property ""bugs.url""",https://registry.npmjs.org/object.entries/-/object.entries-1.1.9.tgz,"as detected from npm-ls property ""resolved""",,,,active,Active in npm registry,2025-03-15T05:05:59.563Z
library,prop-types@15.8.1,MIT,,,prop-types,15.8.1,pkg:npm/prop-types@15.8.1,node_modules/prop-types,Runtime type checking for React props and similar objects.,git+https://github.com/facebook/prop-types.git,"as detected from PackageJson property ""repository.url""",https://facebook.github.io/react/,"as detected from PackageJson property ""homepage""",https://github.com/facebook/prop-types/issues,"as detected from PackageJson property ""bugs.url""",https://registry.npmjs.org/prop-types/-/prop-types-15.8.1.tgz,"as detected from npm-ls property ""resolved""",,,,active,Active in npm registry,2023-08-24T18:09:31.990Z
library,loose-envify@1.4.0,MIT,,Andres Suarez,loose-envify,1.4.0,pkg:npm/loose-envify@1.4.0,node_modules/loose-envify,Fast (and loose) selective `process.env` replacer using js-tokens instead of an AST,git://github.com/zertosh/loose-envify.git,"as detected from PackageJson property ""repository.url""",https://github.com/zertosh/loose-envify,"as detected from PackageJson property ""homepage""",https://github.com/zertosh/loose-envify/issues,"as detected from PackageJson property ""bugs.url""",https://registry.npmjs.org/loose-envify/-/loose-envify-1.4.0.tgz,"as detected from npm-ls property ""resolved""",,,zertosh@gmail.com,active,Active in npm registry,2023-07-23T04:49:38.578Z
library,object-assign@4.1.1,MIT,,Sindre Sorhus,object-assign,4.1.1,pkg:npm/object-assign@4.1.1?vcs_url=git%2Bhttps%3A%2F%2Fgithub.com%2Fsindresorhus%2Fobject-assign.git,node_modules/object-assign,ES2015 `Object.assign()` ponyfill,git+https://github.com/sindresorhus/object-assign.git,"as detected from PackageJson property ""repository.url""",https://github.com/sindresorhus/object-assign#readme,"as detected from PackageJson property ""homepage""",https://github.com/sindresorhus/object-assign/issues,"as detected from PackageJson property ""bugs.url""",,,,,sindresorhus@gmail.com,active,Active in npm registry,2025-02-16T08:13:33.616Z
library,react-is@16.13.1,MIT,,,react-is,16.13.1,pkg:npm/react-is@16.13.1#packages/react-is,node_modules/react-is,Brand checking of React Elements.,git+https://github.com/facebook/react.git#packages/react-is,"as detected from PackageJson property ""repository.url"" and ""repository.directory""",https://reactjs.org/,"as detected from PackageJson property ""homepage""",https://github.com/facebook/react/issues,"as detected from PackageJson property ""bugs.url""",https://registry.npmjs.org/react-is/-/react-is-16.13.1.tgz,"as detected from npm-ls property ""resolved""",,,,active,Active in npm registry,2026-09-15T16:27:58.186Z
library,string.prototype.matchall@4.1.0,MIT,,Jordan Harband,string.prototype.matchall,4.1.0,pkg:npm/string.prototype.matchall@4.1.0,node_modules/string.prototype.matchall,Spec-compliant polyfill for String.prototype.matchAll,git+https://github.com/es-shims/String.prototype.matchAll.git,"as detected from PackageJson property ""repository.url""",https://github.com/es-shims/String.prototype.matchAll#readme,"as detected from PackageJson property ""homepage""",https://github.com/es-shims/String.prototype.matchAll/issues,"as detected from PackageJson property ""bugs.url""",https://registry.npmjs.org/string.prototype.matchall/-/string.prototype.matchall-4.1.0.tgz,"as detected from npm-ls property ""resolved""",,,ljharb@gmail.com,active,Active in npm registry,2026-08-28T21:18:45.931Z
library,regexp.prototype.flags@1.5.4,MIT,,Jordan Harband,regexp.prototype.flags,1.5.4,pkg:npm/regexp.prototype.flags@1.5.4?vcs_url=git%3A%2F%2Fgithub.com%2Fes-shims%2FRegExp.prototype.flags.git,node_modules/regexp.prototype.flags,ES6 spec-compliant RegExp.prototype.flags shim.,git://github.com/es-shims/RegExp.prototype.flags.git,"as detected from PackageJson property ""repository.url""",https://github.com/es-shims/RegExp.prototype.flags#readme,"as detected from PackageJson property ""homepage""",https://github.com/es-shims/RegExp.prototype.flags/issues,"as detected from PackageJson property ""bugs.url""",,,,,ljharb@gmail.com,active,Active in npm registry,2025-01-03T00:40:33.352Z
library,functions-have-names@1.2.3,MIT,,Jordan Harband,functions-have-names,1.2.3,pkg:npm/functions-have-names@1.2.3?vcs_url=git%2Bhttps%3A%2F%2Fgithub.com%2Finspect-js%2Ffunctions-have-names.git,node_modules/functions-have-names,Does this JS environment support the `name` property on functions?,git+https://github.com/inspect-js/functions-have-names.git,"as detected from PackageJson property ""repository.url""",https://github.com/inspect-js/functions-have-names#readme,"as detected from PackageJson property ""homepage""",https://github.com/inspect-js/functions-have-names/issues,"as detected from PackageJson property ""bugs.url""",,,,,ljharb@gmail.com,active,Active in npm registry,2023-07-12T19:05:02.835Z
library,string.prototype.repeat@1.0.0,MIT,,Mathias Bynens,string.prototype.repeat,1.0.0,pkg:npm/string.prototype.repeat@1.0.0,node_modules/string.prototype.repeat,A robust & optimized `String.prototype.repeat` polyfill~ based on the ECMAScript 6 specification.,git+https://github.com/mathiasbynens/String.prototype.repeat.git,"as detected from PackageJson property ""repository.url""",https://mths.be/repeat,"as detected from PackageJson property ""homepage""",https://github.com/mathiasbynens/String.prototype.repeat/issues,"as detected from PackageJson property ""bugs.url""",https://registry.npmjs.org/string.prototype.repeat/-/string.prototype.repeat-1.0.0.tgz,"as detected from npm-ls property ""resolved""",,,,active,Active in npm registry,2022-06-27T01:05:07.722Z
library,standard-engine@15.1.0,MIT,,Feross Aboukhadijeh,standard-engine,15.1.0,pkg:npm/standard-engine@15.1.0,node_modules/standard-engine,Wrap your standards in a tortilla and cover it in special sauce.,git+https://github.com/standard/standard-engine.git,"as detected from PackageJson property ""repository.url""",https://github.com/standard/standard-engine#readme,"as detected from PackageJson property ""homepage""",https://github.com/standard/standard-engine/issues,"as detected from PackageJson property ""bugs.url""",https://registry.npmjs.org/standard-engine/-/standard-engine-15.1.0.tgz,"as detected from npm-ls property ""resolved""",,,feross@feross.org,active,Active in npm registry,2023-06-12T21:51:49.965Z
library,get-stdin@8.0.0,MIT,,Sindre Sorhus,get-stdin,8.0.0,pkg:npm/get-stdin@8.0.0,node_modules/get-stdin,Get stdin as a string or buffer,git+https://github.com/sindresorhus/get-stdin.git,"as detected from PackageJson property ""repository.url""",https://github.com/sindresorhus/get-stdin#readme,"as detected from PackageJson property ""homepage""",https://github.com/sindresorhus/get-stdin/issues,"as detected from PackageJson property ""bugs.url""",https://registry.npmjs.org/get-stdin/-/get-stdin-8.0.0.tgz,"as detected from npm-ls property ""resolved""",,,sindresorhus@gmail.com,active,Active in npm registry,2026-02-05T09:11:20.986Z
library,pkg-conf@3.1.0,MIT,,Sindre Sorhus,pkg-conf,3.1.0,pkg:npm/pkg-conf@3.1.0,node_modules/pkg-conf,Get namespaced config from the closest package.json,git+https://github.com/sindresorhus/pkg-conf.git,"as detected from PackageJson property ""repository.url""",https://github.com/sindresorhus/pkg-conf#readme,"as detected from PackageJson property ""homepage""",https://github.com/sindresorhus/pkg-conf/issues,"as detected from PackageJson property ""bugs.url""",https://registry.npmjs.org/pkg-conf/-/pkg-conf-3.1.0.tgz,"as detected from npm-ls property ""resolved""",,,sindresorhus@gmail.com,active,Active in npm registry,2023-11-05T19:14:04.567Z
library,pkg-conf@3.1.0|find-up@3.0.0,MIT,,Sindre Sorhus,find-up,3.0.0,pkg:npm/find-up@3.0.0,node_modules/pkg-conf/node_modules/find-up,Find a file or directory by walking up parent directories,git+https://github.com/sindresorhus/find-up.git,"as detected from PackageJson property ""repository.url""",https://github.com/sindresorhus/find-up#readme,"as detected from PackageJson property ""homepage""",https://github.com/sindresorhus/find-up/issues,"as detected from PackageJson property ""bugs.url""",https://registry.npmjs.org/find-up/-/find-up-3.0.0.tgz,"as detected from npm-ls property ""resolved""",,,sindresorhus@gmail.com,active,Active in npm registry,2025-09-16T01:13:57.276Z
library,pkg-conf@3.1.0|locate-path@3.0.0,MIT,,Sindre Sorhus,locate-path,3.0.0,pkg:npm/locate-path@3.0.0,node_modules/pkg-conf/node_modules/locate-path,Get the first path that exists on disk of multiple paths,git+https://github.com/sindresorhus/locate-path.git,"as detected from PackageJson property ""repository.url""",https://github.com/sindresorhus/locate-path#readme,"as detected from PackageJson property ""homepage""",https://github.com/sindresorhus/locate-path/issues,"as detected from PackageJson property ""bugs.url""",https://registry.npmjs.org/locate-path/-/locate-path-3.0.0.tgz,"as detected from npm-ls property ""resolved""",,,sindresorhus@gmail.com,active,Active in npm registry,2025-09-15T23:17:38.996Z
library,pkg-conf@3.1.0|p-locate@3.0.0,MIT,,Sindre Sorhus,p-locate,3.0.0,pkg:npm/p-locate@3.0.0,node_modules/pkg-conf/node_modules/p-locate,Get the first fulfilled promise that satisfies the provided testing function,git+https://github.com/sindresorhus/p-locate.git,"as detected from PackageJson property ""repository.url""",https://github.com/sindresorhus/p-locate#readme,"as detected from PackageJson property ""homepage""",https://github.com/sindresorhus/p-locate/issues,"as detected from PackageJson property ""bugs.url""",https://registry.npmjs.org/p-locate/-/p-locate-3.0.0.tgz,"as detected from npm-ls property ""resolved""",,,sindresorhus@gmail.com,active,Active in npm registry,2026-02-03T07:57:50.017Z
library,pkg-conf@3.1.0|p-limit@2.3.0,MIT,,Sindre Sorhus,p-limit,2.3.0,pkg:npm/p-limit@2.3.0,node_modules/pkg-conf/node_modules/p-limit,Run multiple promise-returning & async functions with limited concurrency,git+https://github.com/sindresorhus/p-limit.git,"as detected from PackageJson property ""repository.url""",https://github.com/sindresorhus/p-limit#readme,"as detected from PackageJson property ""homepage""",https://github.com/sindresorhus/p-limit/issues,"as detected from PackageJson property ""bugs.url""",https://registry.npmjs.org/p-limit/-/p-limit-2.3.0.tgz,"as detected from npm-ls property ""resolved""",,,sindresorhus@gmail.com,active,Active in npm registry,2026-08-31T16:53:23.147Z
library,pkg-conf@3.1.0|path-exists@3.0.0,MIT,,Sindre Sorhus,path-exists,3.0.0,pkg:npm/path-exists@3.0.0,node_modules/pkg-conf/node_modules/path-exists,Check if a path exists,git+https://github.com/sindresorhus/path-exists.git,"as detected from PackageJson property ""repository.url""",https://github.com/sindresorhus/path-exists#readme,"as detected from PackageJson property ""homepage""",https://github.com/sindresorhus/path-exists/issues,"as detected from PackageJson property ""bugs.url""",https://registry.npmjs.org/path-exists/-/path-exists-3.0.0.tgz,"as detected from npm-ls property ""resolved""",,,sindresorhus@gmail.com,active,Active in npm registry,2024-10-22T17:26:44.383Z
library,load-json-file@5.3.0,MIT,,Sindre Sorhus,load-json-file,5.3.0,pkg:npm/load-json-file@5.3.0,node_modules/load-json-file,Read and parse a JSON file,git+https://github.com/sindresorhus/load-json-file.git,"as detected from PackageJson property ""repository.url""",https://github.com/sindresorhus/load-json-file#readme,"as detected from PackageJson property ""homepage""",https://github.com/sindresorhus/load-json-file/issues,"as detected from PackageJson property ""bugs.url""",https://registry.npmjs.org/load-json-file/-/load-json-file-5.3.0.tgz,"as detected from npm-ls property ""resolved""",,,sindresorhus@gmail.com,active,Active in npm registry,2023-06-17T00:08:15.329Z
library,load-json-file@5.3.0|parse-json@4.0.0,MIT,,Sindre Sorhus,parse-json,4.0.0,pkg:npm/parse-json@4.0.0,node_modules/load-json-file/node_modules/parse-json,Parse JSON with more helpful errors,git+https://github.com/sindresorhus/parse-json.git,"as detected from PackageJson property ""repository.url""",https://github.com/sindresorhus/parse-json#readme,"as detected from PackageJson property ""homepage""",https://github.com/sindresorhus/parse-json/issues,"as detected from PackageJson property ""bugs.url""",https://registry.npmjs.org/parse-json/-/parse-json-4.0.0.tgz,"as detected from npm-ls property ""resolved""",,,sindresorhus@gmail.com,active,Active in npm registry,2025-04-09T09:02:03.484Z
library,load-json-file@5.3.0|strip-bom@3.0.0,MIT,,Sindre Sorhus,strip-bom,3.0.0,pkg:npm/strip-bom@3.0.0,node_modules/load-json-file/node_modules/strip-bom,Strip UTF-8 byte order mark (BOM) from a string,git+https://github.com/sindresorhus/strip-bom.git,"as detected from PackageJson property ""repository.url""",https://github.com/sindresorhus/strip-bom#readme,"as detected from PackageJson property ""homepage""",https://github.com/sindresorhus/strip-bom/issues,"as detected from PackageJson property ""bugs.url""",https://registry.npmjs.org/strip-bom/-/strip-bom-3.0.0.tgz,"as detected from npm-ls property ""resolved""",,,sindresorhus@gmail.com,active,Active in npm registry,2023-07-12T19:14:14.322Z
library,load-json-file@5.3.0|type-fest@0.3.1,,,Sindre Sorhus,type-fest,0.3.1,pkg:npm/type-fest@0.3.1,node_modules/load-json-file/node_modules/type-fest,A collection of essential TypeScript types,git+https://github.com/sindresorhus/type-fest.git,"as detected from PackageJson property ""repository.url""",https://github.com/sindresorhus/type-fest#readme,"as detected from PackageJson property ""homepage""",https://github.com/sindresorhus/type-fest/issues,"as detected from PackageJson property ""bugs.url""",https://registry.npmjs.org/type-fest/-/type-fest-0.3.1.tgz,"as detected from npm-ls property ""resolved""",,,sindresorhus@gmail.com,active,Active in npm registry,2026-08-30T23:58:44.826Z
library,is-arrayish@0.2.1,MIT,,Qix,is-arrayish,0.2.1,pkg:npm/is-arrayish@0.2.1,node_modules/is-arrayish,Determines if an object can be used as an array,git+https://github.com/qix-/node-is-arrayish.git,"as detected from PackageJson property ""repository.url""",https://github.com/qix-/node-is-arrayish#readme,"as detected from PackageJson property ""homepage""",https://github.com/qix-/node-is-arrayish/issues,"as detected from PackageJson property ""bugs.url""",https://registry.npmjs.org/is-arrayish/-/is-arrayish-0.2.1.tgz,"as detected from npm-ls property ""resolved""",,,,active,Active in npm registry,2025-09-13T16:44:23.521Z
library,pify@4.0.1,MIT,,Sindre Sorhus,pify,4.0.1,pkg:npm/pify@4.0.1,node_modules/pify,Promisify a callback-style function,git+https://github.com/sindresorhus/pify.git,"as detected from PackageJson property ""repository.url""",https://github.com/sindresorhus/pify#readme,"as detected from PackageJson property ""homepage""",https://github.com/sindresorhus/pify/issues,"as detected from PackageJson property ""bugs.url""",https://registry.npmjs.org/pify/-/pify-4.0.1.tgz,"as detected from npm-ls property ""resolved""",,,sindresorhus@gmail.com,active,Active in npm registry,2023-06-17T00:08:09.166Z
library,xdg-basedir@4.0.0,MIT,,Sindre Sorhus,xdg-basedir,4.0.0,pkg:npm/xdg-basedir@4.0.0,node_modules/xdg-basedir,Get XDG Base Directory paths,git+https://github.com/sindresorhus/xdg-basedir.git,"as detected from PackageJson property ""repository.url""",https://github.com/sindresorhus/xdg-basedir#readme,"as detected from PackageJson property ""homepage""",https://github.com/sindresorhus/xdg-basedir/issues,"as detected from PackageJson property ""bugs.url""",https://registry.npmjs.org/xdg-basedir/-/xdg-basedir-4.0.0.tgz,"as detected from npm-ls property ""resolved""",,,sindresorhus@gmail.com,active,Active in npm registry,2023-03-04T17:06:23.880Z
library,version-guard@1.1.3,0BSD,,Pelle Wessman,version-guard,1.1.3,pkg:npm/version-guard@1.1.3,node_modules/version-guard,Used to ensure modern CLI scripts fail silently on old js versions. Useful for static analysis tools and similar,git://github.com/voxpelli/version-guard.git,"as detected from PackageJson property ""repository.url""",http://github.com/voxpelli/version-guard,"as detected from PackageJson property ""homepage""",https://github.com/voxpelli/version-guard/issues,"as detected from PackageJson property ""bugs.url""",https://registry.npmjs.org/version-guard/-/version-guard-1.1.3.tgz,"as detected from npm-ls property ""resolved""",,,pelle@kodfabrik.se,active,Active in npm registry,2024-09-06T12:08:57.604Z
library,tap-spec@5.0.0,MIT,,Scott Corgan,tap-spec,5.0.0,pkg:npm/tap-spec@5.0.0,node_modules/tap-spec,Formatted TAP output like Mocha's spec reporter,git+https://github.com/scottcorgan/tap-spec.git,"as detected from PackageJson property ""repository.url""",https://github.com/scottcorgan/tap-spec#readme,"as detected from PackageJson property ""homepage""",https://github.com/scottcorgan/tap-spec/issues,"as detected from PackageJson property ""bugs.url""",https://registry.npmjs.org/tap-spec/-/tap-spec-5.0.0.tgz,"as detected from npm-ls property ""resolved""",,,,active,Active in npm registry,2022-06-27T03:50:32.510Z
library,tap-spec@5.0.0|chalk@1.1.3,MIT,,,chalk,1.1.3,pkg:npm/chalk@1.1.3,node_modules/tap-spec/node_modules/chalk,Terminal string styling done right. Much color.,git+https://github.com/chalk/chalk.git,"as detected from PackageJson property ""repository.url""",https://github.com/chalk/chalk#readme,"as detected from PackageJson property ""homepage""",https://github.com/chalk/chalk/issues,"as detected from PackageJson property ""bugs.url""",https://registry.npmjs.org/chalk/-/chalk-1.1.3.tgz,"as detected from npm-ls property ""resolved""",,,,active,Active in npm registry,2026-07-26T14:51:07.471Z
library,tap-spec@5.0.0|ansi-styles@2.2.1,MIT,,Sindre Sorhus,ansi-styles,2.2.1,pkg:npm/ansi-styles@2.2.1,node_modules/tap-spec/node_modules/ansi-styles,ANSI escape codes for styling strings in the terminal,git+https://github.com/chalk/ansi-styles.git,"as detected from PackageJson property ""repository.url""",https://github.com/chalk/ansi-styles#readme,"as detected from PackageJson property ""homepage""",https://github.com/chalk/ansi-styles/issues,"as detected from PackageJson property ""bugs.url""",https://registry.npmjs.org/ansi-styles/-/ansi-styles-2.2.1.tgz,"as detected from npm-ls property ""resolved""",,,sindresorhus@gmail.com,active,Active in npm registry,2026-07-26T14:57:37.001Z
library,tap-spec@5.0.0|escape-string-regexp@1.0.5,MIT,,Sindre Sorhus,escape-string-regexp,1.0.5,pkg:npm/escape-string-regexp@1.0.5,node_modules/tap-spec/node_modules/escape-string-regexp,Escape RegExp special characters,git+https://github.com/sindresorhus/escape-string-regexp.git,"as detected from PackageJson property ""repository.url""",https://github.com/sindresorhus/escape-string-regexp#readme,"as detected from PackageJson property ""homepage""",https://github.com/sindresorhus/escape-string-regexp/issues,"as detected from PackageJson property ""bugs.url""",https://registry.npmjs.org/escape-string-regexp/-/escape-string-regexp-1.0.5.tgz,"as detected from npm-ls property ""resolved""",,,sindresorhus@gmail.com,active,Active in npm registry,2023-04-25T16:42:41.472Z
library,tap-spec@5.0.0|strip-ansi@3.0.1,MIT,,Sindre Sorhus,strip-ansi,3.0.1,pkg:npm/strip-ansi@3.0.1,node_modules/tap-spec/node_modules/strip-ansi,Strip ANSI escape codes,git+https://github.com/chalk/strip-ansi.git,"as detected from PackageJson property ""repository.url""",https://github.com/chalk/strip-ansi#readme,"as detected from PackageJson property ""homepage""",https://github.com/chalk/strip-ansi/issues,"as detected from PackageJson property ""bugs.url""",https://registry.npmjs.org/strip-ansi/-/strip-ansi-3.0.1.tgz,"as detected from npm-ls property ""resolved""",,,sindresorhus@gmail.com,active,Active in npm registry,2026-02-26T13:51:11.224Z
library,tap-spec@5.0.0|ansi-regex@2.1.1,MIT,,Sindre Sorhus,ansi-regex,2.1.1,pkg:npm/ansi-regex@2.1.1,node_modules/tap-spec/node_modules/ansi-regex,Regular expression for matching ANSI escape codes,git+https://github.com/chalk/ansi-regex.git,"as detected from PackageJson property ""repository.url""",https://github.com/chalk/ansi-regex#readme,"as detected from PackageJson property ""homepage""",https://github.com/chalk/ansi-regex/issues,"as detected from PackageJson property ""bugs.url""",https://registry.npmjs.org/ansi-regex/-/ansi-regex-2.1.1.tgz,"as detected from npm-ls property ""resolved""",,,sindresorhus@gmail.com,active,Active in npm registry,2026-08-12T14:33:26.936Z
library,tap-spec@5.0.0|supports-color@2.0.0,MIT,,Sindre Sorhus,supports-color,2.0.0,pkg:npm/supports-color@2.0.0,node_modules/tap-spec/node_modules/supports-color,Detect whether a terminal supports color,git+https://github.com/chalk/supports-color.git,"as detected from PackageJson property ""repository.url""",https://github.com/chalk/supports-color#readme,"as detected from PackageJson property ""homepage""",https://github.com/chalk/supports-color/issues,"as detected from PackageJson property ""bugs.url""",https://registry.npmjs.org/supports-color/-/supports-color-2.0.0.tgz,"as detected from npm-ls property ""resolved""",,,sindresorhus@gmail.com,active,Active in npm registry,2026-07-26T15:13:36.955Z
library,tap-spec@5.0.0|figures@1.7.0,MIT,,Sindre Sorhus,figures,1.7.0,pkg:npm/figures@1.7.0,node_modules/tap-spec/node_modules/figures,Unicode symbols with Windows CMD fallbacks,git+https://github.com/sindresorhus/figures.git,"as detected from PackageJson property ""repository.url""",https://github.com/sindresorhus/figures#readme,"as detected from PackageJson property ""homepage""",https://github.com/sindresorhus/figures/issues,"as detected from PackageJson property ""bugs.url""",https://registry.npmjs.org/figures/-/figures-1.7.0.tgz,"as detected from npm-ls property ""resolved""",,,sindresorhus@gmail.com,active,Active in npm registry,2024-03-04T19:16:05.634Z
library,tap-spec@5.0.0|through2@2.0.5,MIT,,Rod Vagg,through2,2.0.5,pkg:npm/through2@2.0.5,node_modules/tap-spec/node_modules/through2,A tiny wrapper around Node streams2 Transform to avoid explicit subclassing noise,git+https://github.com/rvagg/through2.git,"as detected from PackageJson property ""repository.url""",https://github.com/rvagg/through2#readme,"as detected from PackageJson property ""homepage""",https://github.com/rvagg/through2/issues,"as detected from PackageJson property ""bugs.url""",https://registry.npmjs.org/through2/-/through2-2.0.5.tgz,"as detected from npm-ls property ""resolved""",,,r@va.gg,active,Active in npm registry,2026-07-30T05:27:52.569Z
library,has-ansi@2.0.0,MIT,,Sindre Sorhus,has-ansi,2.0.0,pkg:npm/has-ansi@2.0.0,node_modules/has-ansi,Check if a string has ANSI escape codes,git+https://github.com/sindresorhus/has-ansi.git,"as detected from PackageJson property ""repository.url""",https://github.com/sindresorhus/has-ansi#readme,"as detected from PackageJson property ""homepage""",https://github.com/sindresorhus/has-ansi/issues,"as detected from PackageJson property ""bugs.url""",https://registry.npmjs.org/has-ansi/-/has-ansi-2.0.0.tgz,"as detected from npm-ls property ""resolved""",,,sindresorhus@gmail.com,active,Active in npm registry,2025-09-08T17:21:49.501Z
library,has-ansi@2.0.0|ansi-regex@2.1.1,MIT,,Sindre Sorhus,ansi-regex,2.1.1,pkg:npm/ansi-regex@2.1.1,node_modules/has-ansi/node_modules/ansi-regex,Regular expression for matching ANSI escape codes,git+https://github.com/chalk/ansi-regex.git,"as detected from PackageJson property ""repository.url""",https://github.com/chalk/ansi-regex#readme,"as detected from PackageJson property ""homepage""",https://github.com/chalk/ansi-regex/issues,"as detected from PackageJson property ""bugs.url""",https://registry.npmjs.org/ansi-regex/-/ansi-regex-2.1.1.tgz,"as detected from npm-ls property ""resolved""",,,sindresorhus@gmail.com,active,Active in npm registry,2026-08-12T14:33:26.936Z
library,pretty-ms@2.1.0,MIT,,Sindre Sorhus,pretty-ms,2.1.0,pkg:npm/pretty-ms@2.1.0,node_modules/pretty-ms,Convert milliseconds to a human readable string: 1337000000 → 15d 11h 23m 20s,git+https://github.com/sindresorhus/pretty-ms.git,"as detected from PackageJson property ""repository.url""",https://github.com/sindresorhus/pretty-ms#readme,"as detected from PackageJson property ""homepage""",https://github.com/sindresorhus/pretty-ms/issues,"as detected from PackageJson property ""bugs.url""",https://registry.npmjs.org/pretty-ms/-/pretty-ms-2.1.0.tgz,"as detected from npm-ls property ""resolved""",,,sindresorhus@gmail.com,active,Active in npm registry,2026-08-28T12:32:04.655Z
library,is-finite@1.1.0,MIT,,Sindre Sorhus,is-finite,1.1.0,pkg:npm/is-finite@1.1.0,node_modules/is-finite,ES2015 Number.isFinite() ponyfill,git+https://github.com/sindresorhus/is-finite.git,"as detected from PackageJson property ""repository.url""",https://github.com/sindresorhus/is-finite#readme,"as detected from PackageJson property ""homepage""",https://github.com/sindresorhus/is-finite/issues,"as detected from PackageJson property ""bugs.url""",https://registry.npmjs.org/is-finite/-/is-finite-1.1.0.tgz,"as detected from npm-ls property ""resolved""",,,sindresorhus@gmail.com,active,Active in npm registry,2022-06-19T02:41:25.049Z
library,parse-ms@1.0.1,MIT,,Sindre Sorhus,parse-ms,1.0.1,pkg:npm/parse-ms@1.0.1,node_modules/parse-ms,Parse milliseconds into an object,git+https://github.com/sindresorhus/parse-ms.git,"as detected from PackageJson property ""repository.url""",https://github.com/sindresorhus/parse-ms#readme,"as detected from PackageJson property ""homepage""",https://github.com/sindresorhus/parse-ms/issues,"as detected from PackageJson property ""bugs.url""",https://registry.npmjs.org/parse-ms/-/parse-ms-1.0.1.tgz,"as detected from npm-ls property ""resolved""",,,sindresorhus@gmail.com,active,Active in npm registry,2024-01-07T14:14:09.789Z
library,plur@1.0.0,MIT,,Sindre Sorhus,plur,1.0.0,pkg:npm/plur@1.0.0,node_modules/plur,Naively pluralize a word,git+https://github.com/sindresorhus/plur.git,"as detected from PackageJson property ""repository.url""",https://github.com/sindresorhus/plur#readme,"as detected from PackageJson property ""homepage""",https://github.com/sindresorhus/plur/issues,"as detected from PackageJson property ""bugs.url""",https://registry.npmjs.org/plur/-/plur-1.0.0.tgz,"as detected from npm-ls property ""resolved""",,,sindresorhus@gmail.com,active,Active in npm registry,2025-11-02T09:20:46.819Z
library,repeat-string@1.6.1,MIT,,Jon Schlinkert,repeat-string,1.6.1,pkg:npm/repeat-string@1.6.1,node_modules/repeat-string,Repeat the given string n times. Fastest implementation for repeating a string.,git+https://github.com/jonschlinkert/repeat-string.git,"as detected from PackageJson property ""repository.url""",https://github.com/jonschlinkert/repeat-string,"as detected from PackageJson property ""homepage""",https://github.com/jonschlinkert/repeat-string/issues,"as detected from PackageJson property ""bugs.url""",https://registry.npmjs.org/repeat-string/-/repeat-string-1.6.1.tgz,"as detected from npm-ls property ""resolved""",,,,active,Active in npm registry,2022-06-26T11:18:41.221Z
library,tap-out@2.1.0,MIT,,Scott Corgan,tap-out,2.1.0,pkg:npm/tap-out@2.1.0,node_modules/tap-out,A different tap parser,git+https://github.com/scottcorgan/tap-out.git,"as detected from PackageJson property ""repository.url""",https://github.com/scottcorgan/tap-out,"as detected from PackageJson property ""homepage""",https://github.com/scottcorgan/tap-out/issues,"as detected from PackageJson property ""bugs.url""",https://registry.npmjs.org/tap-out/-/tap-out-2.1.0.tgz,"as detected from npm-ls property ""resolved""",,,,active,Active in npm registry,2022-06-27T03:50:17.843Z
library,tap-out@2.1.0|readable-stream@2.2.9,MIT,,,readable-stream,2.2.9,pkg:npm/readable-stream@2.2.9,node_modules/tap-out/node_modules/readable-stream,Streams3~ a user-land copy of the stream library from Node.js,git://github.com/nodejs/readable-stream.git,"as detected from PackageJson property ""repository.url""",https://github.com/nodejs/readable-stream#readme,"as detected from PackageJson property ""homepage""",https://github.com/nodejs/readable-stream/issues,"as detected from PackageJson property ""bugs.url""",https://registry.npmjs.org/readable-stream/-/readable-stream-2.2.9.tgz,"as detected from npm-ls property ""resolved""",,,,active,Active in npm registry,2025-01-07T09:15:39.036Z
library,tap-out@2.1.0|process-nextick-args@1.0.7,MIT,,,process-nextick-args,1.0.7,pkg:npm/process-nextick-args@1.0.7,node_modules/tap-out/node_modules/process-nextick-args,process.nextTick but always with args,git+https://github.com/calvinmetcalf/process-nextick-args.git,"as detected from PackageJson property ""repository.url""",https://github.com/calvinmetcalf/process-nextick-args,"as detected from PackageJson property ""homepage""",https://github.com/calvinmetcalf/process-nextick-args/issues,"as detected from PackageJson property ""bugs.url""",https://registry.npmjs.org/process-nextick-args/-/process-nextick-args-1.0.7.tgz,"as detected from npm-ls property ""resolved""",,,,active,Active in npm registry,2022-06-24T17:00:59.196Z
library,tap-out@2.1.0|string_decoder@1.0.3,MIT,,,string_decoder,1.0.3,pkg:npm/string_decoder@1.0.3,node_modules/tap-out/node_modules/string_decoder,The string_decoder module from Node core,git://github.com/rvagg/string_decoder.git,"as detected from PackageJson property ""repository.url""",https://github.com/rvagg/string_decoder,"as detected from PackageJson property ""homepage""",https://github.com/rvagg/string_decoder/issues,"as detected from PackageJson property ""bugs.url""",https://registry.npmjs.org/string_decoder/-/string_decoder-1.0.3.tgz,"as detected from npm-ls property ""resolved""",,,,active,Active in npm registry,2023-07-12T19:05:48.571Z
library,tap-out@2.1.0|safe-buffer@5.1.2,MIT,,Feross Aboukhadijeh,safe-buffer,5.1.2,pkg:npm/safe-buffer@5.1.2,node_modules/tap-out/node_modules/safe-buffer,Safer Node.js Buffer API,git://github.com/feross/safe-buffer.git,"as detected from PackageJson property ""repository.url""",https://github.com/feross/safe-buffer,"as detected from PackageJson property ""homepage""",https://github.com/feross/safe-buffer/issues,"as detected from PackageJson property ""bugs.url""",https://registry.npmjs.org/safe-buffer/-/safe-buffer-5.1.2.tgz,"as detected from npm-ls property ""resolved""",,,feross@feross.org,active,Active in npm registry,2023-07-10T23:16:22.564Z
library,tap-out@2.1.0|split@1.0.0,MIT,,Dominic Tarr,split,1.0.0,pkg:npm/split@1.0.0,node_modules/tap-out/node_modules/split,split a Text Stream into a Line Stream,git://github.com/dominictarr/split.git,"as detected from PackageJson property ""repository.url""",http://github.com/dominictarr/split,"as detected from PackageJson property ""homepage""",https://github.com/dominictarr/split/issues,"as detected from PackageJson property ""bugs.url""",https://registry.npmjs.org/split/-/split-1.0.0.tgz,"as detected from npm-ls property ""resolved""",,,dominic.tarr@gmail.com,active,Active in npm registry,2026-09-07T20:44:12.115Z
library,re-emitter@1.1.3,MIT,,Raynos,re-emitter,1.1.3,pkg:npm/re-emitter@1.1.3,node_modules/re-emitter,Re emit events from another emitter,git://github.com/feross/re-emitter.git,"as detected from PackageJson property ""repository.url""",https://github.com/feross/re-emitter,"as detected from PackageJson property ""homepage""",https://github.com/feross/re-emitter/issues,"as detected from PackageJson property ""bugs.url""",https://registry.npmjs.org/re-emitter/-/re-emitter-1.1.3.tgz,"as detected from npm-ls property ""resolved""",,,raynos2@gmail.com,active,Active in npm registry,2022-06-25T15:21:38.298Z
library,buffer-shims@1.0.0,MIT,,,buffer-shims,1.0.0,pkg:npm/buffer-shims@1.0.0,node_modules/buffer-shims,some shims for node buffers,git+ssh://git@github.com/calvinmetcalf/buffer-shims.git,"as detected from PackageJson property ""repository.url""",https://github.com/calvinmetcalf/buffer-shims#readme,"as detected from PackageJson property ""homepage""",https://github.com/calvinmetcalf/buffer-shims/issues,"as detected from PackageJson property ""bugs.url""",https://registry.npmjs.org/buffer-shims/-/buffer-shims-1.0.0.tgz,"as detected from npm-ls property ""resolved""",,,,active,Active in npm registry,2022-06-13T05:15:26.820Z
library,trim@0.0.3,,,TJ Holowaychuk,trim,0.0.3,pkg:npm/trim@0.0.3,node_modules/trim,Trim string whitespace,git+https://github.com/component/trim.git,"as detected from PackageJson property ""repository.url""",https://github.com/component/trim#readme,"as detected from PackageJson property ""homepage""",https://github.com/component/trim/issues,"as detected from PackageJson property ""bugs.url""",https://registry.npmjs.org/trim/-/trim-0.0.3.tgz,"as detected from npm-ls property ""resolved""",,,tj@vision-media.ca,deprecated,Use String.prototype.trim() instead,2023-02-25T18:02:14.784Z
library,tap-xunit@2.4.1,MIT,,Ali Ghassemi,tap-xunit,2.4.1,pkg:npm/tap-xunit@2.4.1,node_modules/tap-xunit,TAP to xUnit XML converter.,git://github.com/aghassemi/tap-xunit.git,"as detected from PackageJson property ""repository.url""",https://github.com/aghassemi/tap-xunit,"as detected from PackageJson property ""homepage""",https://github.com/aghassemi/tap-xunit/issues,"as detected from PackageJson property ""bugs.url""",https://registry.npmjs.org/tap-xunit/-/tap-xunit-2.4.1.tgz,"as detected from npm-ls property ""resolved""",,,ali.ghassemi@gmail.com,active,Active in npm registry,2022-06-27T03:51:01.490Z
library,tap-xunit@2.4.1|through2@2.0.5,MIT,,Rod Vagg,through2,2.0.5,pkg:npm/through2@2.0.5,node_modules/tap-xunit/node_modules/through2,A tiny wrapper around Node streams2 Transform to avoid explicit subclassing noise,git+https://github.com/rvagg/through2.git,"as detected from PackageJson property ""repository.url""",https://github.com/rvagg/through2#readme,"as detected from PackageJson property ""homepage""",https://github.com/rvagg/through2/issues,"as detected from PackageJson property ""bugs.url""",https://registry.npmjs.org/through2/-/through2-2.0.5.tgz,"as detected from npm-ls property ""resolved""",,,r@va.gg,active,Active in npm registry,2026-07-30T05:27:52.569Z
library,tap-parser@1.2.2,MIT,,James Halliday,tap-parser,1.2.2,pkg:npm/tap-parser@1.2.2,node_modules/tap-parser,parse the test anything protocol,git://github.com/substack/tap-parser.git,"as detected from PackageJson property ""repository.url""",https://github.com/substack/tap-parser,"as detected from PackageJson property ""homepage""",https://github.com/substack/tap-parser/issues,"as detected from PackageJson property ""bugs.url""",https://registry.npmjs.org/tap-parser/-/tap-parser-1.2.2.tgz,"as detected from npm-ls property ""resolved""",,,mail@substack.net,active,Active in npm registry,2026-05-01T17:36:47.467Z
library,tap-parser@1.2.2|js-yaml@3.15.2,MIT,,Vladimir Zapparov,js-yaml,3.15.2,pkg:npm/js-yaml@3.15.2,node_modules/tap-parser/node_modules/js-yaml,YAML 1.2 parser and serializer,git+https://github.com/nodeca/js-yaml.git,"as detected from PackageJson property ""repository.url""",https://github.com/nodeca/js-yaml,"as detected from PackageJson property ""homepage""",https://github.com/nodeca/js-yaml/issues,"as detected from PackageJson property ""bugs.url""",https://registry.npmjs.org/js-yaml/-/js-yaml-3.15.2.tgz,"as detected from npm-ls property ""resolved""",,,dervus.grim@gmail.com,active,Active in npm registry,2026-09-13T00:15:39.520Z
library,tap-parser@1.2.2|argparse@1.0.10,MIT,,,argparse,1.0.10,pkg:npm/argparse@1.0.10,node_modules/tap-parser/node_modules/argparse,Very powerful CLI arguments parser. Native port of argparse - python's options parsing library,git+https://github.com/nodeca/argparse.git,"as detected from PackageJson property ""repository.url""",https://github.com/nodeca/argparse#readme,"as detected from PackageJson property ""homepage""",https://github.com/nodeca/argparse/issues,"as detected from PackageJson property ""bugs.url""",https://registry.npmjs.org/argparse/-/argparse-1.0.10.tgz,"as detected from npm-ls property ""resolved""",,,,active,Active in npm registry,2026-09-10T18:44:02.317Z
library,tap-parser@1.2.2|esprima@4.0.1,BSD-2-Clause,,Ariya Hidayat,esprima,4.0.1,pkg:npm/esprima@4.0.1,node_modules/tap-parser/node_modules/esprima,ECMAScript parsing infrastructure for multipurpose analysis,git+https://github.com/jquery/esprima.git,"as detected from PackageJson property ""repository.url""",http://esprima.org,"as detected from PackageJson property ""homepage""",https://github.com/jquery/esprima/issues,"as detected from PackageJson property ""bugs.url""",https://registry.npmjs.org/esprima/-/esprima-4.0.1.tgz,"as detected from npm-ls property ""resolved""",,,ariya.hidayat@gmail.com,active,Active in npm registry,2023-04-30T00:33:23.236Z
library,events-to-array@1.1.2,ISC,,Isaac Z. Schlueter,events-to-array,1.1.2,pkg:npm/events-to-array@1.1.2,node_modules/events-to-array,Put a bunch of emitted events in an array~ for testing.,git+https://github.com/isaacs/events-to-array.git,"as detected from PackageJson property ""repository.url""",https://github.com/isaacs/events-to-array,"as detected from PackageJson property ""homepage""",https://github.com/isaacs/events-to-array/issues,"as detected from PackageJson property ""bugs.url""",https://registry.npmjs.org/events-to-array/-/events-to-array-1.1.2.tgz,"as detected from npm-ls property ""resolved""",,,i@izs.me,active,Active in npm registry,2022-11-10T20:00:35.785Z
library,xmlbuilder@4.2.1,MIT,,Ozgur Ozcitak,xmlbuilder,4.2.1,pkg:npm/xmlbuilder@4.2.1,node_modules/xmlbuilder,An XML builder for node.js,git://github.com/oozcitak/xmlbuilder-js.git,"as detected from PackageJson property ""repository.url""",http://github.com/oozcitak/xmlbuilder-js,"as detected from PackageJson property ""homepage""",http://github.com/oozcitak/xmlbuilder-js/issues,"as detected from PackageJson property ""bugs.url""",https://registry.npmjs.org/xmlbuilder/-/xmlbuilder-4.2.1.tgz,"as detected from npm-ls property ""resolved""",,,oozcitak@gmail.com,active,Active in npm registry,2023-07-12T19:14:12.127Z
library,tape@4.17.0,MIT,,Jordan Harband,tape,4.17.0,pkg:npm/tape@4.17.0,node_modules/tape,tap-producing test harness for node and browsers,git://github.com/ljharb/tape.git,"as detected from PackageJson property ""repository.url""",https://github.com/ljharb/tape,"as detected from PackageJson property ""homepage""",https://github.com/ljharb/tape/issues,"as detected from PackageJson property ""bugs.url""",https://registry.npmjs.org/tape/-/tape-4.17.0.tgz,"as detected from npm-ls property ""resolved""",,,ljharb@gmail.com,active,Active in npm registry,2026-06-18T18:04:06.575Z
library,tape@4.17.0|glob@7.2.3,ISC,,Isaac Z. Schlueter,glob,7.2.3,pkg:npm/glob@7.2.3,node_modules/tape/node_modules/glob,a little globber,git://github.com/isaacs/node-glob.git,"as detected from PackageJson property ""repository.url""",https://github.com/isaacs/node-glob#readme,"as detected from PackageJson property ""homepage""",https://github.com/isaacs/node-glob/issues,"as detected from PackageJson property ""bugs.url""",https://registry.npmjs.org/glob/-/glob-7.2.3.tgz,"as detected from npm-ls property ""resolved""",,,i@izs.me,deprecated,"Old versions of glob are not supported, and contain widely publicized security vulnerabilities, which have been fixed in the current version. Please update. Support for old versions may be purchased (at exorbitant rates) by contacting i@izs.me",2026-02-19T17:26:33.383Z
library,tape@4.17.0|minimatch@3.1.5,ISC,,Isaac Z. Schlueter,minimatch,3.1.5,pkg:npm/minimatch@3.1.5,node_modules/tape/node_modules/minimatch,a glob matcher in javascript,git://github.com/isaacs/minimatch.git,"as detected from PackageJson property ""repository.url""",https://github.com/isaacs/minimatch#readme,"as detected from PackageJson property ""homepage""",https://github.com/isaacs/minimatch/issues,"as detected from PackageJson property ""bugs.url""",https://registry.npmjs.org/minimatch/-/minimatch-3.1.5.tgz,"as detected from npm-ls property ""resolved""",,,i@izs.me,active,Active in npm registry,2026-07-27T19:00:09.643Z
library,tape@4.17.0|is-regex@1.1.4,MIT,,Jordan Harband,is-regex,1.1.4,pkg:npm/is-regex@1.1.4,node_modules/tape/node_modules/is-regex,Is this value a JS regex? Works cross-realm/iframe~ and despite ES6 @@toStringTag,git://github.com/inspect-js/is-regex.git,"as detected from PackageJson property ""repository.url""",https://github.com/inspect-js/is-regex,"as detected from PackageJson property ""homepage""",https://github.com/inspect-js/is-regex/issues,"as detected from PackageJson property ""bugs.url""",https://registry.npmjs.org/is-regex/-/is-regex-1.1.4.tgz,"as detected from npm-ls property ""resolved""",,,ljharb@gmail.com,active,Active in npm registry,2024-12-12T05:44:07.996Z
library,tape@4.17.0|object-inspect@1.12.3,MIT,,James Halliday,object-inspect,1.12.3,pkg:npm/object-inspect@1.12.3,node_modules/tape/node_modules/object-inspect,string representations of objects in node and the browser,git://github.com/inspect-js/object-inspect.git,"as detected from PackageJson property ""repository.url""",https://github.com/inspect-js/object-inspect,"as detected from PackageJson property ""homepage""",https://github.com/inspect-js/object-inspect/issues,"as detected from PackageJson property ""bugs.url""",https://registry.npmjs.org/object-inspect/-/object-inspect-1.12.3.tgz,"as detected from npm-ls property ""resolved""",,,mail@substack.net,active,Active in npm registry,2026-07-22T05:49:40.465Z
library,@ljharb/resumer@0.0.1,MIT,@ljharb,James Halliday,resumer,0.0.1,pkg:npm/%40ljharb/resumer@0.0.1,node_modules/@ljharb/resumer,a through stream that starts paused and resumes on the next tick,git+https://github.com/ljharb/resumer.git,"as detected from PackageJson property ""repository.url""",https://github.com/ljharb/resumer,"as detected from PackageJson property ""homepage""",https://github.com/ljharb/resumer/issues,"as detected from PackageJson property ""bugs.url""",https://registry.npmjs.org/@ljharb/resumer/-/resumer-0.0.1.tgz,"as detected from npm-ls property ""resolved""",,,mail@substack.net,active,Active in npm registry,2024-03-09T17:35:56.263Z
library,@ljharb/through@2.3.14,MIT,@ljharb,Dominic Tarr,through,2.3.14,pkg:npm/%40ljharb/through@2.3.14?vcs_url=git%2Bhttps%3A%2F%2Fgithub.com%2Fljharb%2Fthrough.git,node_modules/@ljharb/through,simplified stream construction,git+https://github.com/ljharb/through.git,"as detected from PackageJson property ""repository.url""",https://github.com/ljharb/through,"as detected from PackageJson property ""homepage""",https://github.com/ljharb/through/issues,"as detected from PackageJson property ""bugs.url""",,,,,dominic.tarr@gmail.com,active,Active in npm registry,2025-02-08T05:28:52.494Z
library,set-function-length@1.2.2,MIT,,Jordan Harband,set-function-length,1.2.2,pkg:npm/set-function-length@1.2.2,node_modules/set-function-length,Set a function's length property,git+https://github.com/ljharb/set-function-length.git,"as detected from PackageJson property ""repository.url""",https://github.com/ljharb/set-function-length#readme,"as detected from PackageJson property ""homepage""",https://github.com/ljharb/set-function-length/issues,"as detected from PackageJson property ""bugs.url""",https://registry.npmjs.org/set-function-length/-/set-function-length-1.2.2.tgz,"as detected from npm-ls property ""resolved""",,,ljharb@gmail.com,active,Active in npm registry,2024-03-09T17:41:00.027Z
library,deep-equal@1.1.2,MIT,,James Halliday,deep-equal,1.1.2,pkg:npm/deep-equal@1.1.2,node_modules/deep-equal,node's assert.deepEqual algorithm,git+ssh://git@github.com/inspect-js/node-deep-equal.git,"as detected from PackageJson property ""repository.url""",https://github.com/inspect-js/node-deep-equal#readme,"as detected from PackageJson property ""homepage""",https://github.com/inspect-js/node-deep-equal/issues,"as detected from PackageJson property ""bugs.url""",https://registry.npmjs.org/deep-equal/-/deep-equal-1.1.2.tgz,"as detected from npm-ls property ""resolved""",,,mail@substack.net,active,Active in npm registry,2024-05-06T13:39:30.880Z
library,is-arguments@1.2.0,MIT,,Jordan Harband,is-arguments,1.2.0,pkg:npm/is-arguments@1.2.0,node_modules/is-arguments,Is this an arguments object? It's a harder question than you think.,git://github.com/inspect-js/is-arguments.git,"as detected from PackageJson property ""repository.url""",https://github.com/inspect-js/is-arguments,"as detected from PackageJson property ""homepage""",https://github.com/inspect-js/is-arguments/issues,"as detected from PackageJson property ""bugs.url""",https://registry.npmjs.org/is-arguments/-/is-arguments-1.2.0.tgz,"as detected from npm-ls property ""resolved""",,,ljharb@gmail.com,active,Active in npm registry,2024-12-13T07:05:22.891Z
library,is-date-object@1.1.0,MIT,,Jordan Harband,is-date-object,1.1.0,pkg:npm/is-date-object@1.1.0,node_modules/is-date-object,Is this value a JS Date object? This module works cross-realm/iframe~ and despite ES6 @@toStringTag.,git://github.com/inspect-js/is-date-object.git,"as detected from PackageJson property ""repository.url""",https://github.com/inspect-js/is-date-object#readme,"as detected from PackageJson property ""homepage""",https://github.com/inspect-js/is-date-object/issues,"as detected from PackageJson property ""bugs.url""",https://registry.npmjs.org/is-date-object/-/is-date-object-1.1.0.tgz,"as detected from npm-ls property ""resolved""",,,,active,Active in npm registry,2024-12-13T00:04:08.342Z
library,is-regex@1.2.1,MIT,,Jordan Harband,is-regex,1.2.1,pkg:npm/is-regex@1.2.1,node_modules/is-regex,Is this value a JS regex? Works cross-realm/iframe~ and despite ES6 @@toStringTag,git://github.com/inspect-js/is-regex.git,"as detected from PackageJson property ""repository.url""",https://github.com/inspect-js/is-regex,"as detected from PackageJson property ""homepage""",https://github.com/inspect-js/is-regex/issues,"as detected from PackageJson property ""bugs.url""",https://registry.npmjs.org/is-regex/-/is-regex-1.2.1.tgz,"as detected from npm-ls property ""resolved""",,,ljharb@gmail.com,active,Active in npm registry,2024-12-12T05:44:07.996Z
library,object-is@1.1.6,MIT,,Jordan Harband,object-is,1.1.6,pkg:npm/object-is@1.1.6,node_modules/object-is,ES2015-compliant shim for Object.is - differentiates between -0 and +0,git://github.com/es-shims/object-is.git,"as detected from PackageJson property ""repository.url""",https://github.com/es-shims/object-is,"as detected from PackageJson property ""homepage""",https://github.com/es-shims/object-is/issues,"as detected from PackageJson property ""bugs.url""",https://registry.npmjs.org/object-is/-/object-is-1.1.6.tgz,"as detected from npm-ls property ""resolved""",,,,active,Active in npm registry,2024-02-28T00:03:10.099Z
library,defined@1.0.1,MIT,,James Halliday,defined,1.0.1,pkg:npm/defined@1.0.1,node_modules/defined,return the first argument that is `!== undefined`,git://github.com/inspect-js/defined.git,"as detected from PackageJson property ""repository.url""",https://github.com/inspect-js/defined,"as detected from PackageJson property ""homepage""",https://github.com/inspect-js/defined/issues,"as detected from PackageJson property ""bugs.url""",https://registry.npmjs.org/defined/-/defined-1.0.1.tgz,"as detected from npm-ls property ""resolved""",,,mail@substack.net,active,Active in npm registry,2023-06-09T21:33:17.698Z
library,dotignore@0.1.2,MIT,,bradleymeck,dotignore,0.1.2,pkg:npm/dotignore@0.1.2,node_modules/dotignore,ignorefile/includefile matching .gitignore spec,git+ssh://git@github.com/bmeck/dotignore.git,"as detected from PackageJson property ""repository.url""",https://github.com/bmeck/dotignore#readme,"as detected from PackageJson property ""homepage""",https://github.com/bmeck/dotignore/issues,"as detected from PackageJson property ""bugs.url""",https://registry.npmjs.org/dotignore/-/dotignore-0.1.2.tgz,"as detected from npm-ls property ""resolved""",,,,active,Active in npm registry,2023-06-09T21:33:10.376Z
library,dotignore@0.1.2|minimatch@3.1.5,ISC,,Isaac Z. Schlueter,minimatch,3.1.5,pkg:npm/minimatch@3.1.5,node_modules/dotignore/node_modules/minimatch,a glob matcher in javascript,git://github.com/isaacs/minimatch.git,"as detected from PackageJson property ""repository.url""",https://github.com/isaacs/minimatch#readme,"as detected from PackageJson property ""homepage""",https://github.com/isaacs/minimatch/issues,"as detected from PackageJson property ""bugs.url""",https://registry.npmjs.org/minimatch/-/minimatch-3.1.5.tgz,"as detected from npm-ls property ""resolved""",,,i@izs.me,active,Active in npm registry,2026-07-27T19:00:09.643Z
library,for-each@0.3.5,MIT,,Raynos,for-each,0.3.5,pkg:npm/for-each@0.3.5,node_modules/for-each,A better forEach,git+https://github.com/Raynos/for-each.git,"as detected from PackageJson property ""repository.url""",https://github.com/Raynos/for-each,"as detected from PackageJson property ""homepage""",https://github.com/Raynos/for-each/issues,"as detected from PackageJson property ""bugs.url""",https://registry.npmjs.org/for-each/-/for-each-0.3.5.tgz,"as detected from npm-ls property ""resolved""",,,raynos2@gmail.com,active,Active in npm registry,2025-02-11T06:56:03.530Z
library,is-callable@1.2.7,MIT,,Jordan Harband,is-callable,1.2.7,pkg:npm/is-callable@1.2.7,node_modules/is-callable,Is this JS value callable? Works with Functions and GeneratorFunctions~ despite ES6 @@toStringTag.,git://github.com/inspect-js/is-callable.git,"as detected from PackageJson property ""repository.url""",https://github.com/inspect-js/is-callable#readme,"as detected from PackageJson property ""homepage""",https://github.com/inspect-js/is-callable/issues,"as detected from PackageJson property ""bugs.url""",https://registry.npmjs.org/is-callable/-/is-callable-1.2.7.tgz,"as detected from npm-ls property ""resolved""",,,ljharb@gmail.com,active,Active in npm registry,2023-03-08T01:54:26.654Z
library,has@1.0.4,MIT,,Thiago de Arruda,has,1.0.4,pkg:npm/has@1.0.4,node_modules/has,Object.prototype.hasOwnProperty.call shortcut,git://github.com/tarruda/has.git,"as detected from PackageJson property ""repository.url""",https://github.com/tarruda/has,"as detected from PackageJson property ""homepage""",https://github.com/tarruda/has/issues,"as detected from PackageJson property ""bugs.url""",https://registry.npmjs.org/has/-/has-1.0.4.tgz,"as detected from npm-ls property ""resolved""",,,tpadilha84@gmail.com,active,Active in npm registry,2023-10-03T17:14:45.491Z
library,mock-property@1.0.3,MIT,,Jordan Harband,mock-property,1.0.3,pkg:npm/mock-property@1.0.3,node_modules/mock-property,Given an object and a property~ replaces a property descriptor (or deletes it)~ and returns a thunk to restore it.,git+https://github.com/ljharb/mock-property.git,"as detected from PackageJson property ""repository.url""",https://github.com/ljharb/mock-property#readme,"as detected from PackageJson property ""homepage""",https://github.com/ljharb/mock-property/issues,"as detected from PackageJson property ""bugs.url""",https://registry.npmjs.org/mock-property/-/mock-property-1.0.3.tgz,"as detected from npm-ls property ""resolved""",,,ljharb@gmail.com,active,Active in npm registry,2026-06-20T06:28:56.934Z
library,mock-property@1.0.3|isarray@2.0.5,MIT,,Julian Gruber,isarray,2.0.5,pkg:npm/isarray@2.0.5,node_modules/mock-property/node_modules/isarray,Array#isArray for older browsers,git://github.com/juliangruber/isarray.git,"as detected from PackageJson property ""repository.url""",https://github.com/juliangruber/isarray,"as detected from PackageJson property ""homepage""",https://github.com/juliangruber/isarray/issues,"as detected from PackageJson property ""bugs.url""",https://registry.npmjs.org/isarray/-/isarray-2.0.5.tgz,"as detected from npm-ls property ""resolved""",,,mail@juliangruber.com,active,Active in npm registry,2023-07-12T19:07:21.350Z
library,string.prototype.trim@1.2.11,MIT,,Jordan Harband,string.prototype.trim,1.2.11,pkg:npm/string.prototype.trim@1.2.11,node_modules/string.prototype.trim,ES5 spec-compliant shim for String.prototype.trim,git://github.com/es-shims/String.prototype.trim.git,"as detected from PackageJson property ""repository.url""",https://github.com/es-shims/String.prototype.trim#readme,"as detected from PackageJson property ""homepage""",https://github.com/es-shims/String.prototype.trim/issues,"as detected from PackageJson property ""bugs.url""",https://registry.npmjs.org/string.prototype.trim/-/string.prototype.trim-1.2.11.tgz,"as detected from npm-ls property ""resolved""",,,ljharb@gmail.com,active,Active in npm registry,2026-06-05T22:55:29.078Z
library,array-buffer-byte-length@1.0.2,MIT,,Jordan Harband,array-buffer-byte-length,1.0.2,pkg:npm/array-buffer-byte-length@1.0.2,node_modules/array-buffer-byte-length,Get the byte length of an ArrayBuffer~ even in engines without a `.byteLength` method.,git+https://github.com/inspect-js/array-buffer-byte-length.git,"as detected from PackageJson property ""repository.url""",https://github.com/inspect-js/array-buffer-byte-length#readme,"as detected from PackageJson property ""homepage""",https://github.com/inspect-js/array-buffer-byte-length/issues,"as detected from PackageJson property ""bugs.url""",https://registry.npmjs.org/array-buffer-byte-length/-/array-buffer-byte-length-1.0.2.tgz,"as detected from npm-ls property ""resolved""",,,ljharb@gmail.com,active,Active in npm registry,2024-12-20T01:21:57.781Z
library,is-array-buffer@3.0.5,MIT,,Jordan Harband,is-array-buffer,3.0.5,pkg:npm/is-array-buffer@3.0.5?vcs_url=git%2Bhttps%3A%2F%2Fgithub.com%2Finspect-js%2Fis-array-buffer.git,node_modules/is-array-buffer,Is this value a JS ArrayBuffer?,git+https://github.com/inspect-js/is-array-buffer.git,"as detected from PackageJson property ""repository.url""",https://github.com/inspect-js/is-array-buffer#readme,"as detected from PackageJson property ""homepage""",https://github.com/inspect-js/is-array-buffer/issues,"as detected from PackageJson property ""bugs.url""",,,,,ljharb@gmail.com,active,Active in npm registry,2024-12-16T16:46:47.342Z
library,arraybuffer.prototype.slice@1.0.4,MIT,,Jordan Harband,arraybuffer.prototype.slice,1.0.4,pkg:npm/arraybuffer.prototype.slice@1.0.4,node_modules/arraybuffer.prototype.slice,ES spec-compliant shim for ArrayBuffer.prototype.slice,git+https://github.com/es-shims/ArrayBuffer.prototype.slice.git,"as detected from PackageJson property ""repository.url""",https://github.com/es-shims/ArrayBuffer.prototype.slice#readme,"as detected from PackageJson property ""homepage""",https://github.com/es-shims/ArrayBuffer.prototype.slice/issues,"as detected from PackageJson property ""bugs.url""",https://registry.npmjs.org/arraybuffer.prototype.slice/-/arraybuffer.prototype.slice-1.0.4.tgz,"as detected from npm-ls property ""resolved""",,,ljharb@gmail.com,active,Active in npm registry,2024-12-15T21:56:20.844Z
library,available-typed-arrays@1.0.7,MIT,,Jordan Harband,available-typed-arrays,1.0.7,pkg:npm/available-typed-arrays@1.0.7,node_modules/available-typed-arrays,Returns an array of Typed Array names that are available in the current environment,git+https://github.com/inspect-js/available-typed-arrays.git,"as detected from PackageJson property ""repository.url""",https://github.com/inspect-js/available-typed-arrays#readme,"as detected from PackageJson property ""homepage""",https://github.com/inspect-js/available-typed-arrays/issues,"as detected from PackageJson property ""bugs.url""",https://registry.npmjs.org/available-typed-arrays/-/available-typed-arrays-1.0.7.tgz,"as detected from npm-ls property ""resolved""",,,ljharb@gmail.com,active,Active in npm registry,2024-02-19T23:54:31.157Z
library,possible-typed-array-names@1.1.0,MIT,,Jordan Harband,possible-typed-array-names,1.1.0,pkg:npm/possible-typed-array-names@1.1.0,node_modules/possible-typed-array-names,A simple list of possible Typed Array names.,git+https://github.com/ljharb/possible-typed-array-names.git,"as detected from PackageJson property ""repository.url""",https://github.com/ljharb/possible-typed-array-names#readme,"as detected from PackageJson property ""homepage""",https://github.com/ljharb/possible-typed-array-names/issues,"as detected from PackageJson property ""bugs.url""",https://registry.npmjs.org/possible-typed-array-names/-/possible-typed-array-names-1.1.0.tgz,"as detected from npm-ls property ""resolved""",,,ljharb@gmail.com,active,Active in npm registry,2025-02-07T05:04:15.415Z
library,data-view-buffer@1.0.2,MIT,,Jordan Harband,data-view-buffer,1.0.2,pkg:npm/data-view-buffer@1.0.2,node_modules/data-view-buffer,Get the ArrayBuffer out of a DataView~ robustly.,git+https://github.com/inspect-js/data-view-buffer.git,"as detected from PackageJson property ""repository.url""",https://github.com/inspect-js/data-view-buffer#readme,"as detected from PackageJson property ""homepage""",https://github.com/inspect-js/data-view-buffer/issues,"as detected from PackageJson property ""bugs.url""",https://registry.npmjs.org/data-view-buffer/-/data-view-buffer-1.0.2.tgz,"as detected from npm-ls property ""resolved""",,,ljharb@gmail.com,active,Active in npm registry,2024-12-20T04:53:13.489Z
library,is-data-view@1.0.2,MIT,,Jordan Harband,is-data-view,1.0.2,pkg:npm/is-data-view@1.0.2?vcs_url=git%2Bhttps%3A%2F%2Fgithub.com%2Finspect-js%2Fis-data-view.git,node_modules/is-data-view,Is this value a JS DataView? This module works cross-realm/iframe~ does not depend on `instanceof` or mutable properties~ and despite ES6 Symbol.toStringTag.,git+https://github.com/inspect-js/is-data-view.git,"as detected from PackageJson property ""repository.url""",https://github.com/inspect-js/is-data-view#readme,"as detected from PackageJson property ""homepage""",https://github.com/inspect-js/is-data-view/issues,"as detected from PackageJson property ""bugs.url""",,,,,ljharb@gmail.com,active,Active in npm registry,2024-12-12T05:43:54.321Z
library,data-view-byte-length@1.0.2,MIT,,Jordan Harband,data-view-byte-length,1.0.2,pkg:npm/data-view-byte-length@1.0.2,node_modules/data-view-byte-length,Get the byteLength out of a DataView~ robustly.,git+https://github.com/inspect-js/data-view-byte-length.git,"as detected from PackageJson property ""repository.url""",https://github.com/inspect-js/data-view-byte-length#readme,"as detected from PackageJson property ""homepage""",https://github.com/inspect-js/data-view-byte-length/issues,"as detected from PackageJson property ""bugs.url""",https://registry.npmjs.org/data-view-byte-length/-/data-view-byte-length-1.0.2.tgz,"as detected from npm-ls property ""resolved""",,,ljharb@gmail.com,active,Active in npm registry,2024-12-20T04:57:35.670Z
library,data-view-byte-offset@1.0.1,MIT,,Jordan Harband,data-view-byte-offset,1.0.1,pkg:npm/data-view-byte-offset@1.0.1,node_modules/data-view-byte-offset,Get the byteOffset out of a DataView~ robustly.,git+https://github.com/inspect-js/data-view-byte-offset.git,"as detected from PackageJson property ""repository.url""",https://github.com/inspect-js/data-view-byte-offset#readme,"as detected from PackageJson property ""homepage""",https://github.com/inspect-js/data-view-byte-offset/issues,"as detected from PackageJson property ""bugs.url""",https://registry.npmjs.org/data-view-byte-offset/-/data-view-byte-offset-1.0.1.tgz,"as detected from npm-ls property ""resolved""",,,ljharb@gmail.com,active,Active in npm registry,2024-12-19T05:59:20.781Z
library,es-to-primitive@1.3.4,MIT,,Jordan Harband,es-to-primitive,1.3.4,pkg:npm/es-to-primitive@1.3.4,node_modules/es-to-primitive,ECMAScript “ToPrimitive” algorithm. Provides ES5 and ES2015 versions.,git://github.com/ljharb/es-to-primitive.git,"as detected from PackageJson property ""repository.url""",https://github.com/ljharb/es-to-primitive#readme,"as detected from PackageJson property ""homepage""",https://github.com/ljharb/es-to-primitive/issues,"as detected from PackageJson property ""bugs.url""",https://registry.npmjs.org/es-to-primitive/-/es-to-primitive-1.3.4.tgz,"as detected from npm-ls property ""resolved""",,,ljharb@gmail.com,active,Active in npm registry,2026-06-26T01:53:07.070Z
library,es-abstract-get@1.0.0,MIT,,Jordan Harband,es-abstract-get,1.0.0,pkg:npm/es-abstract-get@1.0.0,node_modules/es-abstract-get,"ECMAScript Abstract Operations for ""getting properties"" (Get~ GetV~ GetMethod)",git+https://github.com/ljharb/es-abstract-get.git,"as detected from PackageJson property ""repository.url""",https://github.com/ljharb/es-abstract-get#readme,"as detected from PackageJson property ""homepage""",https://github.com/ljharb/es-abstract-get/issues,"as detected from PackageJson property ""bugs.url""",https://registry.npmjs.org/es-abstract-get/-/es-abstract-get-1.0.0.tgz,"as detected from npm-ls property ""resolved""",,,ljharb@gmail.com,active,Active in npm registry,2026-06-16T00:51:39.503Z
library,is-symbol@1.1.1,MIT,,Jordan Harband,is-symbol,1.1.1,pkg:npm/is-symbol@1.1.1,node_modules/is-symbol,Determine if a value is an ES6 Symbol or not.,git://github.com/inspect-js/is-symbol.git,"as detected from PackageJson property ""repository.url""",https://github.com/inspect-js/is-symbol#readme,"as detected from PackageJson property ""homepage""",https://github.com/inspect-js/is-symbol/issues,"as detected from PackageJson property ""bugs.url""",https://registry.npmjs.org/is-symbol/-/is-symbol-1.1.1.tgz,"as detected from npm-ls property ""resolved""",,,ljharb@gmail.com,active,Active in npm registry,2024-12-13T07:37:42.245Z
library,safe-regex-test@1.1.0,MIT,,Jordan Harband,safe-regex-test,1.1.0,pkg:npm/safe-regex-test@1.1.0?vcs_url=git%2Bhttps%3A%2F%2Fgithub.com%2Fljharb%2Fsafe-regex-test.git,node_modules/safe-regex-test,Give a regex~ get a robust predicate function that tests it against a string.,git+https://github.com/ljharb/safe-regex-test.git,"as detected from PackageJson property ""repository.url""",https://github.com/ljharb/safe-regex-test#readme,"as detected from PackageJson property ""homepage""",https://github.com/ljharb/safe-regex-test/issues,"as detected from PackageJson property ""bugs.url""",,,,,ljharb@gmail.com,active,Active in npm registry,2024-12-12T18:49:07.309Z
library,function.prototype.name@1.2.0,MIT,,Jordan Harband,function.prototype.name,1.2.0,pkg:npm/function.prototype.name@1.2.0,node_modules/function.prototype.name,An ES2015 spec-compliant `Function.prototype.name` shim,git://github.com/es-shims/Function.prototype.name.git,"as detected from PackageJson property ""repository.url""",https://github.com/es-shims/Function.prototype.name#readme,"as detected from PackageJson property ""homepage""",https://github.com/es-shims/Function.prototype.name/issues,"as detected from PackageJson property ""bugs.url""",https://registry.npmjs.org/function.prototype.name/-/function.prototype.name-1.2.0.tgz,"as detected from npm-ls property ""resolved""",,,ljharb@gmail.com,active,Active in npm registry,2026-06-11T22:09:27.394Z
library,is-document.all@1.0.0,MIT,,Jordan Harband,is-document.all,1.0.0,pkg:npm/is-document.all@1.0.0,node_modules/is-document.all,Is this value `document.all`~ i.e. an object with the [[IsHTMLDDA]] internal slot?,git+https://github.com/inspect-js/is-document.all.git,"as detected from PackageJson property ""repository.url""",https://github.com/inspect-js/is-document.all#readme,"as detected from PackageJson property ""homepage""",https://github.com/inspect-js/is-document.all/issues,"as detected from PackageJson property ""bugs.url""",https://registry.npmjs.org/is-document.all/-/is-document.all-1.0.0.tgz,"as detected from npm-ls property ""resolved""",,,ljharb@gmail.com,active,Active in npm registry,2026-06-11T21:30:09.569Z
library,get-symbol-description@1.1.0,MIT,,Jordan Harband,get-symbol-description,1.1.0,pkg:npm/get-symbol-description@1.1.0,node_modules/get-symbol-description,Gets the description of a Symbol. Handles `Symbol()` vs `Symbol('')` properly when possible.,git+https://github.com/inspect-js/get-symbol-description.git,"as detected from PackageJson property ""repository.url""",https://github.com/inspect-js/get-symbol-description#readme,"as detected from PackageJson property ""homepage""",https://github.com/inspect-js/get-symbol-description/issues,"as detected from PackageJson property ""bugs.url""",https://registry.npmjs.org/get-symbol-description/-/get-symbol-description-1.1.0.tgz,"as detected from npm-ls property ""resolved""",,,ljharb@gmail.com,active,Active in npm registry,2024-12-17T16:51:13.623Z
library,is-typed-array@1.1.15,MIT,,Jordan Harband,is-typed-array,1.1.15,pkg:npm/is-typed-array@1.1.15?vcs_url=git%3A%2F%2Fgithub.com%2Finspect-js%2Fis-typed-array.git,node_modules/is-typed-array,Is this value a JS Typed Array? This module works cross-realm/iframe~ does not depend on `instanceof` or mutable properties~ and despite ES6 Symbol.toStringTag.,git://github.com/inspect-js/is-typed-array.git,"as detected from PackageJson property ""repository.url""",https://github.com/inspect-js/is-typed-array#readme,"as detected from PackageJson property ""homepage""",https://github.com/inspect-js/is-typed-array/issues,"as detected from PackageJson property ""bugs.url""",,,,,ljharb@gmail.com,active,Active in npm registry,2024-12-18T17:20:07.553Z
library,is-negative-zero@2.0.3,MIT,,Jordan Harband,is-negative-zero,2.0.3,pkg:npm/is-negative-zero@2.0.3,node_modules/is-negative-zero,Is this value negative zero? === will lie to you,git://github.com/inspect-js/is-negative-zero.git,"as detected from PackageJson property ""repository.url""",https://github.com/inspect-js/is-negative-zero,"as detected from PackageJson property ""homepage""",https://github.com/inspect-js/is-negative-zero/issues,"as detected from PackageJson property ""bugs.url""",https://registry.npmjs.org/is-negative-zero/-/is-negative-zero-2.0.3.tgz,"as detected from npm-ls property ""resolved""",,,ljharb@gmail.com,active,Active in npm registry,2024-02-19T20:08:47.292Z
library,is-set@2.0.3,MIT,,Jordan Harband,is-set,2.0.3,pkg:npm/is-set@2.0.3,node_modules/is-set,Is this value a JS Set? This module works cross-realm/iframe~ and despite ES6 @@toStringTag.,git+https://github.com/inspect-js/is-set.git,"as detected from PackageJson property ""repository.url""",https://github.com/inspect-js/is-set#readme,"as detected from PackageJson property ""homepage""",https://github.com/inspect-js/is-set/issues,"as detected from PackageJson property ""bugs.url""",https://registry.npmjs.org/is-set/-/is-set-2.0.3.tgz,"as detected from npm-ls property ""resolved""",,,ljharb@gmail.com,active,Active in npm registry,2024-03-08T20:18:23.626Z
library,is-shared-array-buffer@1.0.4,MIT,,Jordan Harband,is-shared-array-buffer,1.0.4,pkg:npm/is-shared-array-buffer@1.0.4,node_modules/is-shared-array-buffer,Is this value a JS SharedArrayBuffer?,git+https://github.com/inspect-js/is-shared-array-buffer.git,"as detected from PackageJson property ""repository.url""",https://github.com/inspect-js/is-shared-array-buffer#readme,"as detected from PackageJson property ""homepage""",https://github.com/inspect-js/is-shared-array-buffer/issues,"as detected from PackageJson property ""bugs.url""",https://registry.npmjs.org/is-shared-array-buffer/-/is-shared-array-buffer-1.0.4.tgz,"as detected from npm-ls property ""resolved""",,,ljharb@gmail.com,active,Active in npm registry,2024-12-18T16:27:56.620Z
library,which-typed-array@1.1.22,MIT,,Jordan Harband,which-typed-array,1.1.22,pkg:npm/which-typed-array@1.1.22?vcs_url=git%3A%2F%2Fgithub.com%2Finspect-js%2Fwhich-typed-array.git,node_modules/which-typed-array,Which kind of Typed Array is this JavaScript value? Works cross-realm~ without `instanceof`~ and despite Symbol.toStringTag.,git://github.com/inspect-js/which-typed-array.git,"as detected from PackageJson property ""repository.url""",https://github.com/inspect-js/which-typed-array#readme,"as detected from PackageJson property ""homepage""",https://github.com/inspect-js/which-typed-array/issues,"as detected from PackageJson property ""bugs.url""",,,,,ljharb@gmail.com,active,Active in npm registry,2026-06-05T19:47:38.451Z
library,is-weakref@1.1.1,MIT,,Jordan Harband,is-weakref,1.1.1,pkg:npm/is-weakref@1.1.1,node_modules/is-weakref,Is this value a JS WeakRef? This module works cross-realm/iframe~ and despite ES6 @@toStringTag.,git+https://github.com/inspect-js/is-weakref.git,"as detected from PackageJson property ""repository.url""",https://github.com/inspect-js/is-weakref#readme,"as detected from PackageJson property ""homepage""",https://github.com/inspect-js/is-weakref/issues,"as detected from PackageJson property ""bugs.url""",https://registry.npmjs.org/is-weakref/-/is-weakref-1.1.1.tgz,"as detected from npm-ls property ""resolved""",,,ljharb@gmail.com,active,Active in npm registry,2025-02-03T23:37:47.054Z
library,own-keys@1.0.2,MIT,,Jordan Harband,own-keys,1.0.2,pkg:npm/own-keys@1.0.2,node_modules/own-keys,Robustly get an object's own property keys (strings and symbols)~ including non-enumerables when possible,git+https://github.com/ljharb/own-keys.git,"as detected from PackageJson property ""repository.url""",https://github.com/ljharb/own-keys#readme,"as detected from PackageJson property ""homepage""",https://github.com/ljharb/own-keys/issues,"as detected from PackageJson property ""bugs.url""",https://registry.npmjs.org/own-keys/-/own-keys-1.0.2.tgz,"as detected from npm-ls property ""resolved""",,,ljharb@gmail.com,active,Active in npm registry,2026-07-21T15:38:04.555Z
library,safe-push-apply@1.0.0,MIT,,Jordan Harband,safe-push-apply,1.0.0,pkg:npm/safe-push-apply@1.0.0?vcs_url=git%2Bhttps%3A%2F%2Fgithub.com%2Fljharb%2Fsafe-push-apply.git,node_modules/safe-push-apply,Push an array of items into an array~ while being robust against prototype modification,git+https://github.com/ljharb/safe-push-apply.git,"as detected from PackageJson property ""repository.url""",https://github.com/ljharb/safe-push-apply#readme,"as detected from PackageJson property ""homepage""",https://github.com/ljharb/safe-push-apply/issues,"as detected from PackageJson property ""bugs.url""",,,,,ljharb@gmail.com,active,Active in npm registry,2024-12-29T03:51:58.520Z
library,safe-push-apply@1.0.0|isarray@2.0.5,MIT,,Julian Gruber,isarray,2.0.5,pkg:npm/isarray@2.0.5,node_modules/safe-push-apply/node_modules/isarray,Array#isArray for older browsers,git://github.com/juliangruber/isarray.git,"as detected from PackageJson property ""repository.url""",https://github.com/juliangruber/isarray,"as detected from PackageJson property ""homepage""",https://github.com/juliangruber/isarray/issues,"as detected from PackageJson property ""bugs.url""",https://registry.npmjs.org/isarray/-/isarray-2.0.5.tgz,"as detected from npm-ls property ""resolved""",,,mail@juliangruber.com,active,Active in npm registry,2023-07-12T19:07:21.350Z
library,safe-array-concat@1.1.4,MIT,,Jordan Harband,safe-array-concat,1.1.4,pkg:npm/safe-array-concat@1.1.4,node_modules/safe-array-concat,`Array.prototype.concat`~ but made safe by ignoring Symbol.isConcatSpreadable,git+https://github.com/ljharb/safe-array-concat.git,"as detected from PackageJson property ""repository.url""",https://github.com/ljharb/safe-array-concat#readme,"as detected from PackageJson property ""homepage""",https://github.com/ljharb/safe-array-concat/issues,"as detected from PackageJson property ""bugs.url""",https://registry.npmjs.org/safe-array-concat/-/safe-array-concat-1.1.4.tgz,"as detected from npm-ls property ""resolved""",,,ljharb@gmail.com,active,Active in npm registry,2026-04-20T06:12:26.418Z
library,safe-array-concat@1.1.4|isarray@2.0.5,MIT,,Julian Gruber,isarray,2.0.5,pkg:npm/isarray@2.0.5,node_modules/safe-array-concat/node_modules/isarray,Array#isArray for older browsers,git://github.com/juliangruber/isarray.git,"as detected from PackageJson property ""repository.url""",https://github.com/juliangruber/isarray,"as detected from PackageJson property ""homepage""",https://github.com/juliangruber/isarray/issues,"as detected from PackageJson property ""bugs.url""",https://registry.npmjs.org/isarray/-/isarray-2.0.5.tgz,"as detected from npm-ls property ""resolved""",,,mail@juliangruber.com,active,Active in npm registry,2023-07-12T19:07:21.350Z
library,set-proto@1.0.0,MIT,,Jordan Harband,set-proto,1.0.0,pkg:npm/set-proto@1.0.0,node_modules/set-proto,Robustly set the [[Prototype]] of an object,git+https://github.com/ljharb/set-proto.git,"as detected from PackageJson property ""repository.url""",https://github.com/ljharb/set-proto#readme,"as detected from PackageJson property ""homepage""",https://github.com/ljharb/set-proto/issues,"as detected from PackageJson property ""bugs.url""",https://registry.npmjs.org/set-proto/-/set-proto-1.0.0.tgz,"as detected from npm-ls property ""resolved""",,,ljharb@gmail.com,active,Active in npm registry,2024-12-30T23:30:07.770Z
library,stop-iteration-iterator@1.1.0,MIT,,Jordan Harband,stop-iteration-iterator,1.1.0,pkg:npm/stop-iteration-iterator@1.1.0,node_modules/stop-iteration-iterator,Firefox 17-26 iterators throw a StopIteration object to indicate done. This normalizes it.,git+https://github.com/ljharb/stop-iteration-iterator.git,"as detected from PackageJson property ""repository.url""",https://github.com/ljharb/stop-iteration-iterator#readme,"as detected from PackageJson property ""homepage""",https://github.com/ljharb/stop-iteration-iterator/issues,"as detected from PackageJson property ""bugs.url""",https://registry.npmjs.org/stop-iteration-iterator/-/stop-iteration-iterator-1.1.0.tgz,"as detected from npm-ls property ""resolved""",,,ljharb@gmail.com,active,Active in npm registry,2024-12-13T22:33:32.261Z
library,string.prototype.trimstart@1.0.8,MIT,,Jordan Harband,string.prototype.trimstart,1.0.8,pkg:npm/string.prototype.trimstart@1.0.8,node_modules/string.prototype.trimstart,ES2019 spec-compliant String.prototype.trimStart shim.,git://github.com/es-shims/String.prototype.trimStart.git,"as detected from PackageJson property ""repository.url""",https://github.com/es-shims/String.prototype.trimStart#readme,"as detected from PackageJson property ""homepage""",https://github.com/es-shims/String.prototype.trimStart/issues,"as detected from PackageJson property ""bugs.url""",https://registry.npmjs.org/string.prototype.trimstart/-/string.prototype.trimstart-1.0.8.tgz,"as detected from npm-ls property ""resolved""",,,ljharb@gmail.com,active,Active in npm registry,2024-03-21T16:01:22.233Z
library,typed-array-buffer@1.0.3,MIT,,Jordan Harband,typed-array-buffer,1.0.3,pkg:npm/typed-array-buffer@1.0.3,node_modules/typed-array-buffer,Get the ArrayBuffer out of a TypedArray~ robustly.,git+https://github.com/inspect-js/typed-array-buffer.git,"as detected from PackageJson property ""repository.url""",https://github.com/inspect-js/typed-array-buffer#readme,"as detected from PackageJson property ""homepage""",https://github.com/inspect-js/typed-array-buffer/issues,"as detected from PackageJson property ""bugs.url""",https://registry.npmjs.org/typed-array-buffer/-/typed-array-buffer-1.0.3.tgz,"as detected from npm-ls property ""resolved""",,,ljharb@gmail.com,active,Active in npm registry,2024-12-18T16:26:29.148Z
library,typed-array-byte-length@1.0.3,MIT,,Jordan Harband,typed-array-byte-length,1.0.3,pkg:npm/typed-array-byte-length@1.0.3,node_modules/typed-array-byte-length,Robustly get the byte length of a Typed Array,git+https://github.com/inspect-js/typed-array-byte-length.git,"as detected from PackageJson property ""repository.url""",https://github.com/inspect-js/typed-array-byte-length#readme,"as detected from PackageJson property ""homepage""",https://github.com/inspect-js/typed-array-byte-length/issues,"as detected from PackageJson property ""bugs.url""",https://registry.npmjs.org/typed-array-byte-length/-/typed-array-byte-length-1.0.3.tgz,"as detected from npm-ls property ""resolved""",,,ljharb@gmail.com,active,Active in npm registry,2024-12-17T22:33:13.185Z
library,typed-array-byte-offset@1.0.4,MIT,,Jordan Harband,typed-array-byte-offset,1.0.4,pkg:npm/typed-array-byte-offset@1.0.4,node_modules/typed-array-byte-offset,Robustly get the byte offset of a Typed Array,git+https://github.com/inspect-js/typed-array-byte-offset.git,"as detected from PackageJson property ""repository.url""",https://github.com/inspect-js/typed-array-byte-offset#readme,"as detected from PackageJson property ""homepage""",https://github.com/inspect-js/typed-array-byte-offset/issues,"as detected from PackageJson property ""bugs.url""",https://registry.npmjs.org/typed-array-byte-offset/-/typed-array-byte-offset-1.0.4.tgz,"as detected from npm-ls property ""resolved""",,,ljharb@gmail.com,active,Active in npm registry,2024-12-19T05:58:33.573Z
library,reflect.getprototypeof@1.0.10,MIT,,Jordan Harband,reflect.getprototypeof,1.0.10,pkg:npm/reflect.getprototypeof@1.0.10,node_modules/reflect.getprototypeof,An ES2015 mostly-spec-compliant `Reflect.getPrototypeOf` sham/polyfill/replacement that works in as many engines as possible,git+https://github.com/es-shims/Reflect.getPrototypeOf.git,"as detected from PackageJson property ""repository.url""",https://github.com/es-shims/Reflect.getPrototypeOf,"as detected from PackageJson property ""homepage""",https://github.com/es-shims/Reflect.getPrototypeOf/issues,"as detected from PackageJson property ""bugs.url""",https://registry.npmjs.org/reflect.getprototypeof/-/reflect.getprototypeof-1.0.10.tgz,"as detected from npm-ls property ""resolved""",,,ljharb@gmail.com,active,Active in npm registry,2025-01-02T21:23:15.063Z
library,which-builtin-type@1.2.1,MIT,,Jordan Harband,which-builtin-type,1.2.1,pkg:npm/which-builtin-type@1.2.1,node_modules/which-builtin-type,What is the type of this builtin JS value?,git+https://github.com/inspect-js/which-builtin-type.git,"as detected from PackageJson property ""repository.url""",https://github.com/inspect-js/which-builtin-type#readme,"as detected from PackageJson property ""homepage""",https://github.com/inspect-js/which-builtin-type/issues,"as detected from PackageJson property ""bugs.url""",https://registry.npmjs.org/which-builtin-type/-/which-builtin-type-1.2.1.tgz,"as detected from npm-ls property ""resolved""",,,ljharb@gmail.com,active,Active in npm registry,2024-12-13T07:41:11.923Z
library,which-builtin-type@1.2.1|isarray@2.0.5,MIT,,Julian Gruber,isarray,2.0.5,pkg:npm/isarray@2.0.5,node_modules/which-builtin-type/node_modules/isarray,Array#isArray for older browsers,git://github.com/juliangruber/isarray.git,"as detected from PackageJson property ""repository.url""",https://github.com/juliangruber/isarray,"as detected from PackageJson property ""homepage""",https://github.com/juliangruber/isarray/issues,"as detected from PackageJson property ""bugs.url""",https://registry.npmjs.org/isarray/-/isarray-2.0.5.tgz,"as detected from npm-ls property ""resolved""",,,mail@juliangruber.com,active,Active in npm registry,2023-07-12T19:07:21.350Z
library,is-async-function@2.1.1,MIT,,Jordan Harband,is-async-function,2.1.1,pkg:npm/is-async-function@2.1.1,node_modules/is-async-function,Determine if a function is a native async function.,git://github.com/inspect-js/is-async-function.git,"as detected from PackageJson property ""repository.url""",https://github.com/inspect-js/is-async-function#readme,"as detected from PackageJson property ""homepage""",https://github.com/inspect-js/is-async-function/issues,"as detected from PackageJson property ""bugs.url""",https://registry.npmjs.org/is-async-function/-/is-async-function-2.1.1.tgz,"as detected from npm-ls property ""resolved""",,,ljharb@gmail.com,active,Active in npm registry,2025-01-23T06:28:33.564Z
library,async-function@1.0.0,MIT,,Jordan Harbamd,async-function,1.0.0,pkg:npm/async-function@1.0.0,node_modules/async-function,A function that returns the normally hidden `AsyncFunction` constructor,git+https://github.com/ljharb/async-function.git,"as detected from PackageJson property ""repository.url""",https://github.com/ljharb/async-function#readme,"as detected from PackageJson property ""homepage""",https://github.com/ljharb/async-function/issues,"as detected from PackageJson property ""bugs.url""",https://registry.npmjs.org/async-function/-/async-function-1.0.0.tgz,"as detected from npm-ls property ""resolved""",,,ljharb@gmail.com,active,Active in npm registry,2025-01-23T03:15:54.440Z
library,is-finalizationregistry@1.1.1,MIT,,Jordan Harband,is-finalizationregistry,1.1.1,pkg:npm/is-finalizationregistry@1.1.1,node_modules/is-finalizationregistry,Is this value a JS FinalizationRegistry? This module works cross-realm/iframe~ and despite ES6 @@toStringTag.,git+https://github.com/inspect-js/is-finalizationregistry.git,"as detected from PackageJson property ""repository.url""",https://github.com/inspect-js/is-finalizationregistry#readme,"as detected from PackageJson property ""homepage""",https://github.com/inspect-js/is-finalizationregistry/issues,"as detected from PackageJson property ""bugs.url""",https://registry.npmjs.org/is-finalizationregistry/-/is-finalizationregistry-1.1.1.tgz,"as detected from npm-ls property ""resolved""",,,ljharb@gmail.com,active,Active in npm registry,2024-12-17T05:37:19.295Z
library,is-generator-function@1.1.2,MIT,,Jordan Harband,is-generator-function,1.1.2,pkg:npm/is-generator-function@1.1.2,node_modules/is-generator-function,Determine if a function is a native generator function.,git://github.com/inspect-js/is-generator-function.git,"as detected from PackageJson property ""repository.url""",https://github.com/inspect-js/is-generator-function#readme,"as detected from PackageJson property ""homepage""",https://github.com/inspect-js/is-generator-function/issues,"as detected from PackageJson property ""bugs.url""",https://registry.npmjs.org/is-generator-function/-/is-generator-function-1.1.2.tgz,"as detected from npm-ls property ""resolved""",,,ljharb@gmail.com,active,Active in npm registry,2025-09-30T18:41:14.703Z
library,generator-function@2.0.1,MIT,,Jordan Harbamd,generator-function,2.0.1,pkg:npm/generator-function@2.0.1,node_modules/generator-function,A function that returns the normally hidden `GeneratorFunction` constructor,git+https://github.com/TimothyGu/generator-function.git,"as detected from PackageJson property ""repository.url""",https://github.com/TimothyGu/generator-function#readme,"as detected from PackageJson property ""homepage""",https://github.com/TimothyGu/generator-function/issues,"as detected from PackageJson property ""bugs.url""",https://registry.npmjs.org/generator-function/-/generator-function-2.0.1.tgz,"as detected from npm-ls property ""resolved""",,,ljharb@gmail.com,active,Active in npm registry,2025-09-30T18:23:33.736Z
library,which-boxed-primitive@1.1.1,MIT,,Jordan Harband,which-boxed-primitive,1.1.1,pkg:npm/which-boxed-primitive@1.1.1?vcs_url=git%2Bhttps%3A%2F%2Fgithub.com%2Finspect-js%2Fwhich-boxed-primitive.git,node_modules/which-boxed-primitive,Which kind of boxed JS primitive is this?,git+https://github.com/inspect-js/which-boxed-primitive.git,"as detected from PackageJson property ""repository.url""",https://github.com/inspect-js/which-boxed-primitive#readme,"as detected from PackageJson property ""homepage""",https://github.com/inspect-js/which-boxed-primitive/issues,"as detected from PackageJson property ""bugs.url""",,,,,ljharb@gmail.com,active,Active in npm registry,2024-12-16T05:48:44.232Z
library,which-collection@1.0.2,MIT,,Jordan Harband,which-collection,1.0.2,pkg:npm/which-collection@1.0.2,node_modules/which-collection,Which kind of Collection (Map~ Set~ WeakMap~ WeakSet) is this JavaScript value? Works cross-realm~ without `instanceof`~ and despite Symbol.toStringTag.,git+https://github.com/inspect-js/which-collection.git,"as detected from PackageJson property ""repository.url""",https://github.com/inspect-js/which-collection#readme,"as detected from PackageJson property ""homepage""",https://github.com/inspect-js/which-collection/issues,"as detected from PackageJson property ""bugs.url""",https://registry.npmjs.org/which-collection/-/which-collection-1.0.2.tgz,"as detected from npm-ls property ""resolved""",,,ljharb@gmail.com,active,Active in npm registry,2024-03-08T22:53:04.970Z
library,is-map@2.0.3,MIT,,Jordan Harband,is-map,2.0.3,pkg:npm/is-map@2.0.3,node_modules/is-map,Is this value a JS Map? This module works cross-realm/iframe~ and despite ES6 @@toStringTag.,git+https://github.com/inspect-js/is-map.git,"as detected from PackageJson property ""repository.url""",https://github.com/inspect-js/is-map#readme,"as detected from PackageJson property ""homepage""",https://github.com/inspect-js/is-map/issues,"as detected from PackageJson property ""bugs.url""",https://registry.npmjs.org/is-map/-/is-map-2.0.3.tgz,"as detected from npm-ls property ""resolved""",,,ljharb@gmail.com,active,Active in npm registry,2024-03-08T16:49:08.232Z
library,is-weakmap@2.0.2,MIT,,Jordan Harband,is-weakmap,2.0.2,pkg:npm/is-weakmap@2.0.2,node_modules/is-weakmap,Is this value a JS WeakMap? This module works cross-realm/iframe~ and despite ES6 @@toStringTag.,git+https://github.com/inspect-js/is-weakmap.git,"as detected from PackageJson property ""repository.url""",https://github.com/inspect-js/is-weakmap#readme,"as detected from PackageJson property ""homepage""",https://github.com/inspect-js/is-weakmap/issues,"as detected from PackageJson property ""bugs.url""",https://registry.npmjs.org/is-weakmap/-/is-weakmap-2.0.2.tgz,"as detected from npm-ls property ""resolved""",,,ljharb@gmail.com,active,Active in npm registry,2024-03-08T20:18:32.469Z
library,is-weakset@2.0.4,MIT,,Jordan Harband,is-weakset,2.0.4,pkg:npm/is-weakset@2.0.4,node_modules/is-weakset,Is this value a JS WeakSet? This module works cross-realm/iframe~ and despite ES6 @@toStringTag.,git+https://github.com/inspect-js/is-weakset.git,"as detected from PackageJson property ""repository.url""",https://github.com/inspect-js/is-weakset#readme,"as detected from PackageJson property ""homepage""",https://github.com/inspect-js/is-weakset/issues,"as detected from PackageJson property ""bugs.url""",https://registry.npmjs.org/is-weakset/-/is-weakset-2.0.4.tgz,"as detected from npm-ls property ""resolved""",,,ljharb@gmail.com,active,Active in npm registry,2024-12-17T05:37:43.571Z
library,typed-array-length@1.0.8,MIT,,Jordan Harband,typed-array-length,1.0.8,pkg:npm/typed-array-length@1.0.8,node_modules/typed-array-length,Robustly get the length of a Typed Array,git+https://github.com/inspect-js/typed-array-length.git,"as detected from PackageJson property ""repository.url""",https://github.com/inspect-js/typed-array-length#readme,"as detected from PackageJson property ""homepage""",https://github.com/inspect-js/typed-array-length/issues,"as detected from PackageJson property ""bugs.url""",https://registry.npmjs.org/typed-array-length/-/typed-array-length-1.0.8.tgz,"as detected from npm-ls property ""resolved""",,,ljharb@gmail.com,active,Active in npm registry,2026-05-28T16:10:43.859Z
library,unbox-primitive@1.1.0,MIT,,Jordan Harband,unbox-primitive,1.1.0,pkg:npm/unbox-primitive@1.1.0,node_modules/unbox-primitive,Unbox a boxed JS primitive value.,git+https://github.com/ljharb/unbox-primitive.git,"as detected from PackageJson property ""repository.url""",https://github.com/ljharb/unbox-primitive#readme,"as detected from PackageJson property ""homepage""",https://github.com/ljharb/unbox-primitive/issues,"as detected from PackageJson property ""bugs.url""",https://registry.npmjs.org/unbox-primitive/-/unbox-primitive-1.1.0.tgz,"as detected from npm-ls property ""resolved""",,,ljharb@gmail.com,active,Active in npm registry,2024-12-16T06:45:03.865Z
library,has-bigints@1.1.0,MIT,,Jordan Harband,has-bigints,1.1.0,pkg:npm/has-bigints@1.1.0,node_modules/has-bigints,Determine if the JS environment has BigInt support.,git+https://github.com/ljharb/has-bigints.git,"as detected from PackageJson property ""repository.url""",https://github.com/ljharb/has-bigints#readme,"as detected from PackageJson property ""homepage""",https://github.com/ljharb/has-bigints/issues,"as detected from PackageJson property ""bugs.url""",https://registry.npmjs.org/has-bigints/-/has-bigints-1.1.0.tgz,"as detected from npm-ls property ""resolved""",,,ljharb@gmail.com,active,Active in npm registry,2024-12-18T17:37:33.548Z
library,is-bigint@1.1.0,MIT,,Jordan Harband,is-bigint,1.1.0,pkg:npm/is-bigint@1.1.0,node_modules/is-bigint,Is this value an ES BigInt?,git+https://github.com/inspect-js/is-bigint.git,"as detected from PackageJson property ""repository.url""",https://github.com/inspect-js/is-bigint#readme,"as detected from PackageJson property ""homepage""",https://github.com/inspect-js/is-bigint/issues,"as detected from PackageJson property ""bugs.url""",https://registry.npmjs.org/is-bigint/-/is-bigint-1.1.0.tgz,"as detected from npm-ls property ""resolved""",,,ljharb@gmail.com,active,Active in npm registry,2024-12-02T18:42:58.383Z
library,is-boolean-object@1.2.2,MIT,,Jordan Harband,is-boolean-object,1.2.2,pkg:npm/is-boolean-object@1.2.2,node_modules/is-boolean-object,Is this value a JS Boolean? This module works cross-realm/iframe~ and despite ES6 @@toStringTag.,git://github.com/inspect-js/is-boolean-object.git,"as detected from PackageJson property ""repository.url""",https://github.com/inspect-js/is-boolean-object#readme,"as detected from PackageJson property ""homepage""",https://github.com/inspect-js/is-boolean-object/issues,"as detected from PackageJson property ""bugs.url""",https://registry.npmjs.org/is-boolean-object/-/is-boolean-object-1.2.2.tgz,"as detected from npm-ls property ""resolved""",,,ljharb@gmail.com,active,Active in npm registry,2025-02-05T02:48:12.320Z
library,is-number-object@1.1.1,MIT,,Jordan Harband,is-number-object,1.1.1,pkg:npm/is-number-object@1.1.1,node_modules/is-number-object,Is this value a JS Number object? This module works cross-realm/iframe~ and despite ES6 @@toStringTag.,git://github.com/inspect-js/is-number-object.git,"as detected from PackageJson property ""repository.url""",https://github.com/inspect-js/is-number-object#readme,"as detected from PackageJson property ""homepage""",https://github.com/inspect-js/is-number-object/issues,"as detected from PackageJson property ""bugs.url""",https://registry.npmjs.org/is-number-object/-/is-number-object-1.1.1.tgz,"as detected from npm-ls property ""resolved""",,,ljharb@gmail.com,active,Active in npm registry,2024-12-16T02:59:16.271Z
library,tapes@4.1.0,MIT,,Scott Corgan,tapes,4.1.0,pkg:npm/tapes@4.1.0,node_modules/tapes,A more robust tap-producing test harness for node and browsers. Adds beforeEach~ afterEach~ etc.,git+https://github.com/scottcorgan/tapes.git,"as detected from PackageJson property ""repository.url""",https://github.com/scottcorgan/tapes,"as detected from PackageJson property ""homepage""",https://github.com/scottcorgan/tapes/issues,"as detected from PackageJson property ""bugs.url""",https://registry.npmjs.org/tapes/-/tapes-4.1.0.tgz,"as detected from npm-ls property ""resolved""",,,,active,Active in npm registry,2022-06-27T03:53:19.002Z
library,tapes@4.1.0|async@1.5.2,MIT,,Caolan McMahon,async,1.5.2,pkg:npm/async@1.5.2,node_modules/tapes/node_modules/async,Higher-order functions and common patterns for asynchronous code,git+https://github.com/caolan/async.git,"as detected from PackageJson property ""repository.url""",https://github.com/caolan/async#readme,"as detected from PackageJson property ""homepage""",https://github.com/caolan/async/issues,"as detected from PackageJson property ""bugs.url""",https://registry.npmjs.org/async/-/async-1.5.2.tgz,"as detected from npm-ls property ""resolved""",,,,active,Active in npm registry,2026-06-29T08:59:52.208Z
library,tapes@4.1.0|glob@6.0.4,ISC,,Isaac Z. Schlueter,glob,6.0.4,pkg:npm/glob@6.0.4,node_modules/tapes/node_modules/glob,a little globber,git://github.com/isaacs/node-glob.git,"as detected from PackageJson property ""repository.url""",https://github.com/isaacs/node-glob#readme,"as detected from PackageJson property ""homepage""",https://github.com/isaacs/node-glob/issues,"as detected from PackageJson property ""bugs.url""",https://registry.npmjs.org/glob/-/glob-6.0.4.tgz,"as detected from npm-ls property ""resolved""",,,i@izs.me,deprecated,"Old versions of glob are not supported, and contain widely publicized security vulnerabilities, which have been fixed in the current version. Please update. Support for old versions may be purchased (at exorbitant rates) by contacting i@izs.me",2026-02-19T17:26:33.383Z
library,tapes@4.1.0|minimatch@3.1.5,ISC,,Isaac Z. Schlueter,minimatch,3.1.5,pkg:npm/minimatch@3.1.5,node_modules/tapes/node_modules/minimatch,a glob matcher in javascript,git://github.com/isaacs/minimatch.git,"as detected from PackageJson property ""repository.url""",https://github.com/isaacs/minimatch#readme,"as detected from PackageJson property ""homepage""",https://github.com/isaacs/minimatch/issues,"as detected from PackageJson property ""bugs.url""",https://registry.npmjs.org/minimatch/-/minimatch-3.1.5.tgz,"as detected from npm-ls property ""resolved""",,,i@izs.me,active,Active in npm registry,2026-07-27T19:00:09.643Z
library,ts-node@10.9.2,MIT,,Blake Embrey,ts-node,10.9.2,pkg:npm/ts-node@10.9.2,node_modules/ts-node,TypeScript execution environment and REPL for node.js~ with source map support,git://github.com/TypeStrong/ts-node.git,"as detected from PackageJson property ""repository.url""",https://typestrong.org/ts-node,"as detected from PackageJson property ""homepage""",https://github.com/TypeStrong/ts-node/issues,"as detected from PackageJson property ""bugs.url""",https://registry.npmjs.org/ts-node/-/ts-node-10.9.2.tgz,"as detected from npm-ls property ""resolved""",,,hello@blakeembrey.com,active,Active in npm registry,2025-10-13T23:43:21.909Z
library,ts-node@10.9.2|diff@4.0.4,BSD-3-Clause,,,diff,4.0.4,pkg:npm/diff@4.0.4,node_modules/ts-node/node_modules/diff,A javascript text diff implementation.,git://github.com/kpdecker/jsdiff.git,"as detected from PackageJson property ""repository.url""",https://github.com/kpdecker/jsdiff#readme,"as detected from PackageJson property ""homepage""",http://github.com/kpdecker/jsdiff/issues,"as detected from PackageJson property ""bugs.url""",https://registry.npmjs.org/diff/-/diff-4.0.4.tgz,"as detected from npm-ls property ""resolved""",,,,active,Active in npm registry,2026-04-13T12:39:24.607Z
library,@cspotcode/source-map-support@0.8.1,MIT,@cspotcode,,source-map-support,0.8.1,pkg:npm/%40cspotcode/source-map-support@0.8.1,node_modules/@cspotcode/source-map-support,Fixes stack traces for files with source maps,git+https://github.com/cspotcode/node-source-map-support.git,"as detected from PackageJson property ""repository.url""",https://github.com/cspotcode/node-source-map-support#readme,"as detected from PackageJson property ""homepage""",https://github.com/cspotcode/node-source-map-support/issues,"as detected from PackageJson property ""bugs.url""",https://registry.npmjs.org/@cspotcode/source-map-support/-/source-map-support-0.8.1.tgz,"as detected from npm-ls property ""resolved""",,,,active,Active in npm registry,2022-05-02T13:24:38.473Z
library,@cspotcode/source-map-support@0.8.1|@jridgewell/trace-mapping@0.3.9,MIT,@jridgewell,Justin Ridgewell,trace-mapping,0.3.9,pkg:npm/%40jridgewell/trace-mapping@0.3.9,node_modules/@cspotcode/source-map-support/node_modules/@jridgewell/trace-mapping,Trace the original position through a source map,git+https://github.com/jridgewell/trace-mapping.git,"as detected from PackageJson property ""repository.url""",https://github.com/jridgewell/trace-mapping#readme,"as detected from PackageJson property ""homepage""",https://github.com/jridgewell/trace-mapping/issues,"as detected from PackageJson property ""bugs.url""",https://registry.npmjs.org/@jridgewell/trace-mapping/-/trace-mapping-0.3.9.tgz,"as detected from npm-ls property ""resolved""",,,justin@ridgewell.name,active,Active in npm registry,2025-09-10T20:12:49.655Z
library,@tsconfig/node10@1.0.13,MIT,@tsconfig,,node10,1.0.13,pkg:npm/%40tsconfig/node10@1.0.13#bases,node_modules/@tsconfig/node10,A base TSConfig for working with Node 10.,git+https://github.com/tsconfig/bases.git#bases,"as detected from PackageJson property ""repository.url"" and ""repository.directory""",https://github.com/tsconfig/bases#readme,"as detected from PackageJson property ""homepage""",https://github.com/tsconfig/bases/issues,"as detected from PackageJson property ""bugs.url""",https://registry.npmjs.org/@tsconfig/node10/-/node10-1.0.13.tgz,"as detected from npm-ls property ""resolved""",,,,active,Active in npm registry,2026-08-15T04:23:45.151Z
library,@tsconfig/node12@1.0.11,MIT,@tsconfig,,node12,1.0.11,pkg:npm/%40tsconfig/node12@1.0.11#bases,node_modules/@tsconfig/node12,A base TSConfig for working with Node 12.,git+https://github.com/tsconfig/bases.git#bases,"as detected from PackageJson property ""repository.url"" and ""repository.directory""",https://github.com/tsconfig/bases#readme,"as detected from PackageJson property ""homepage""",https://github.com/tsconfig/bases/issues,"as detected from PackageJson property ""bugs.url""",https://registry.npmjs.org/@tsconfig/node12/-/node12-1.0.11.tgz,"as detected from npm-ls property ""resolved""",,,,active,Active in npm registry,2026-08-15T04:24:23.272Z
library,@tsconfig/node14@1.0.3,MIT,@tsconfig,,node14,1.0.3,pkg:npm/%40tsconfig/node14@1.0.3#bases,node_modules/@tsconfig/node14,A base TSConfig for working with Node 14.,git+https://github.com/tsconfig/bases.git#bases,"as detected from PackageJson property ""repository.url"" and ""repository.directory""",https://github.com/tsconfig/bases#readme,"as detected from PackageJson property ""homepage""",https://github.com/tsconfig/bases/issues,"as detected from PackageJson property ""bugs.url""",https://registry.npmjs.org/@tsconfig/node14/-/node14-1.0.3.tgz,"as detected from npm-ls property ""resolved""",,,,active,Active in npm registry,2026-08-15T04:29:14.817Z
library,@tsconfig/node16@1.0.4,MIT,@tsconfig,,node16,1.0.4,pkg:npm/%40tsconfig/node16@1.0.4#bases,node_modules/@tsconfig/node16,A base TSConfig for working with Node 16.,git+https://github.com/tsconfig/bases.git#bases,"as detected from PackageJson property ""repository.url"" and ""repository.directory""",https://github.com/tsconfig/bases#readme,"as detected from PackageJson property ""homepage""",https://github.com/tsconfig/bases/issues,"as detected from PackageJson property ""bugs.url""",https://registry.npmjs.org/@tsconfig/node16/-/node16-1.0.4.tgz,"as detected from npm-ls property ""resolved""",,,,active,Active in npm registry,2026-08-15T04:23:27.791Z
library,acorn-walk@8.3.5,MIT,,,acorn-walk,8.3.5,pkg:npm/acorn-walk@8.3.5,node_modules/acorn-walk,ECMAScript (ESTree) AST walker,git+https://github.com/acornjs/acorn.git,"as detected from PackageJson property ""repository.url""",https://github.com/acornjs/acorn,"as detected from PackageJson property ""homepage""",https://github.com/acornjs/acorn/issues,"as detected from PackageJson property ""bugs.url""",https://registry.npmjs.org/acorn-walk/-/acorn-walk-8.3.5.tgz,"as detected from npm-ls property ""resolved""",,,,active,Active in npm registry,2026-02-19T15:03:08.236Z
library,arg@4.1.3,MIT,,Josh Junon,arg,4.1.3,pkg:npm/arg@4.1.3,node_modules/arg,Another simple argument parser,git+https://github.com/zeit/arg.git,"as detected from PackageJson property ""repository.url""",https://github.com/zeit/arg#readme,"as detected from PackageJson property ""homepage""",https://github.com/zeit/arg/issues,"as detected from PackageJson property ""bugs.url""",https://registry.npmjs.org/arg/-/arg-4.1.3.tgz,"as detected from npm-ls property ""resolved""",,,junon@zeit.co,active,Active in npm registry,2026-02-25T04:30:21.078Z
library,create-require@1.1.1,MIT,,,create-require,1.1.1,pkg:npm/create-require@1.1.1,node_modules/create-require,Polyfill for Node.js module.createRequire (<= v12.2.0),git+https://github.com/nuxt-contrib/create-require.git,"as detected from PackageJson property ""repository.url""",https://github.com/nuxt-contrib/create-require#readme,"as detected from PackageJson property ""homepage""",https://github.com/nuxt-contrib/create-require/issues,"as detected from PackageJson property ""bugs.url""",https://registry.npmjs.org/create-require/-/create-require-1.1.1.tgz,"as detected from npm-ls property ""resolved""",,,,active,Active in npm registry,2022-04-27T21:18:18.903Z
library,make-error@1.3.6,ISC,,Julien Fontanet,make-error,1.3.6,pkg:npm/make-error@1.3.6,node_modules/make-error,Make your own error types!,git://github.com/JsCommunity/make-error.git,"as detected from PackageJson property ""repository.url""",https://github.com/JsCommunity/make-error,"as detected from PackageJson property ""homepage""",https://github.com/JsCommunity/make-error/issues,"as detected from PackageJson property ""bugs.url""",https://registry.npmjs.org/make-error/-/make-error-1.3.6.tgz,"as detected from npm-ls property ""resolved""",,,julien.fontanet@isonoe.net,active,Active in npm registry,2022-06-19T15:32:24.918Z
library,v8-compile-cache-lib@3.0.1,MIT,,Andrew Bradley,v8-compile-cache-lib,3.0.1,pkg:npm/v8-compile-cache-lib@3.0.1,node_modules/v8-compile-cache-lib,Require hook for automatic V8 compile cache persistence,git+https://github.com/cspotcode/v8-compile-cache-lib.git,"as detected from PackageJson property ""repository.url""",https://github.com/cspotcode/v8-compile-cache-lib#readme,"as detected from PackageJson property ""homepage""",https://github.com/cspotcode/v8-compile-cache-lib/issues,"as detected from PackageJson property ""bugs.url""",https://registry.npmjs.org/v8-compile-cache-lib/-/v8-compile-cache-lib-3.0.1.tgz,"as detected from npm-ls property ""resolved""",,,cspotcode@gmail.com,active,Active in npm registry,2022-05-23T01:55:17.302Z
library,yn@3.1.1,MIT,,Sindre Sorhus,yn,3.1.1,pkg:npm/yn@3.1.1,node_modules/yn,Parse yes/no like values,git+https://github.com/sindresorhus/yn.git,"as detected from PackageJson property ""repository.url""",https://github.com/sindresorhus/yn#readme,"as detected from PackageJson property ""homepage""",https://github.com/sindresorhus/yn/issues,"as detected from PackageJson property ""bugs.url""",https://registry.npmjs.org/yn/-/yn-3.1.1.tgz,"as detected from npm-ls property ""resolved""",,,sindresorhus@gmail.com,active,Active in npm registry,2025-08-22T08:54:54.461Z
